requested_name,source_group,object_kind,database,schema,object_name,select_sql,ordinal_position,column_name,data_type,error
AIML_OPEN_PURCHASE_ORDERS,DEMO_PUBLISHED,TABLE_OR_VIEW,DEMO_ANALYTICS,DEMO_PUBLISHED,AIML_OPEN_PURCHASE_ORDERS,SELECT * FROM DEMO_ANALYTICS.DEMO_PUBLISHED.AIML_OPEN_PURCHASE_ORDERS,1,TAS_SOURCE_ID,TEXT,
AIML_OPEN_PURCHASE_ORDERS,DEMO_PUBLISHED,TABLE_OR_VIEW,DEMO_ANALYTICS,DEMO_PUBLISHED,AIML_OPEN_PURCHASE_ORDERS,SELECT * FROM DEMO_ANALYTICS.DEMO_PUBLISHED.AIML_OPEN_PURCHASE_ORDERS,2,PLANT_ID,TEXT,
AIML_OPEN_PURCHASE_ORDERS,DEMO_PUBLISHED,TABLE_OR_VIEW,DEMO_ANALYTICS,DEMO_PUBLISHED,AIML_OPEN_PURCHASE_ORDERS,SELECT * FROM DEMO_ANALYTICS.DEMO_PUBLISHED.AIML_OPEN_PURCHASE_ORDERS,3,COMPANY_ID,TEXT,
AIML_OPEN_PURCHASE_ORDERS,DEMO_PUBLISHED,TABLE_OR_VIEW,DEMO_ANALYTICS,DEMO_PUBLISHED,AIML_OPEN_PURCHASE_ORDERS,SELECT * FROM DEMO_ANALYTICS.DEMO_PUBLISHED.AIML_OPEN_PURCHASE_ORDERS,4,VEND_NM,TEXT,
AIML_OPEN_PURCHASE_ORDERS,DEMO_PUBLISHED,TABLE_OR_VIEW,DEMO_ANALYTICS,DEMO_PUBLISHED,AIML_OPEN_PURCHASE_ORDERS,SELECT * FROM DEMO_ANALYTICS.DEMO_PUBLISHED.AIML_OPEN_PURCHASE_ORDERS,5,VENDOR_ID,TEXT,
AIML_OPEN_PURCHASE_ORDERS,DEMO_PUBLISHED,TABLE_OR_VIEW,DEMO_ANALYTICS,DEMO_PUBLISHED,AIML_OPEN_PURCHASE_ORDERS,SELECT * FROM DEMO_ANALYTICS.DEMO_PUBLISHED.AIML_OPEN_PURCHASE_ORDERS,6,SUPPLIER_TYPE,TEXT,
AIML_OPEN_PURCHASE_ORDERS,DEMO_PUBLISHED,TABLE_OR_VIEW,DEMO_ANALYTICS,DEMO_PUBLISHED,AIML_OPEN_PURCHASE_ORDERS,SELECT * FROM DEMO_ANALYTICS.DEMO_PUBLISHED.AIML_OPEN_PURCHASE_ORDERS,7,SUPPLYING_PLANT,TEXT,
AIML_OPEN_PURCHASE_ORDERS,DEMO_PUBLISHED,TABLE_OR_VIEW,DEMO_ANALYTICS,DEMO_PUBLISHED,AIML_OPEN_PURCHASE_ORDERS,SELECT * FROM DEMO_ANALYTICS.DEMO_PUBLISHED.AIML_OPEN_PURCHASE_ORDERS,8,PURCHASE_GROUP_ID,TEXT,
AIML_OPEN_PURCHASE_ORDERS,DEMO_PUBLISHED,TABLE_OR_VIEW,DEMO_ANALYTICS,DEMO_PUBLISHED,AIML_OPEN_PURCHASE_ORDERS,SELECT * FROM DEMO_ANALYTICS.DEMO_PUBLISHED.AIML_OPEN_PURCHASE_ORDERS,9,PURCHASING_GROUP_NAME,TEXT,
AIML_OPEN_PURCHASE_ORDERS,DEMO_PUBLISHED,TABLE_OR_VIEW,DEMO_ANALYTICS,DEMO_PUBLISHED,AIML_OPEN_PURCHASE_ORDERS,SELECT * FROM DEMO_ANALYTICS.DEMO_PUBLISHED.AIML_OPEN_PURCHASE_ORDERS,10,PURCHASE_ORDER_TYPE_ID,TEXT,
AIML_OPEN_PURCHASE_ORDERS,DEMO_PUBLISHED,TABLE_OR_VIEW,DEMO_ANALYTICS,DEMO_PUBLISHED,AIML_OPEN_PURCHASE_ORDERS,SELECT * FROM DEMO_ANALYTICS.DEMO_PUBLISHED.AIML_OPEN_PURCHASE_ORDERS,11,PURCHASE_ORDER_TYPE_DESCRIPTION,TEXT,
AIML_OPEN_PURCHASE_ORDERS,DEMO_PUBLISHED,TABLE_OR_VIEW,DEMO_ANALYTICS,DEMO_PUBLISHED,AIML_OPEN_PURCHASE_ORDERS,SELECT * FROM DEMO_ANALYTICS.DEMO_PUBLISHED.AIML_OPEN_PURCHASE_ORDERS,12,PURCHASE_ORDER_HEADER_CREATION_DATE,DATE,
AIML_OPEN_PURCHASE_ORDERS,DEMO_PUBLISHED,TABLE_OR_VIEW,DEMO_ANALYTICS,DEMO_PUBLISHED,AIML_OPEN_PURCHASE_ORDERS,SELECT * FROM DEMO_ANALYTICS.DEMO_PUBLISHED.AIML_OPEN_PURCHASE_ORDERS,13,PURCHASE_ORDER_ID,TEXT,
AIML_OPEN_PURCHASE_ORDERS,DEMO_PUBLISHED,TABLE_OR_VIEW,DEMO_ANALYTICS,DEMO_PUBLISHED,AIML_OPEN_PURCHASE_ORDERS,SELECT * FROM DEMO_ANALYTICS.DEMO_PUBLISHED.AIML_OPEN_PURCHASE_ORDERS,14,PURCHASE_ORDER_ITEM_ID,NUMBER,
AIML_OPEN_PURCHASE_ORDERS,DEMO_PUBLISHED,TABLE_OR_VIEW,DEMO_ANALYTICS,DEMO_PUBLISHED,AIML_OPEN_PURCHASE_ORDERS,SELECT * FROM DEMO_ANALYTICS.DEMO_PUBLISHED.AIML_OPEN_PURCHASE_ORDERS,15,PURCHASE_ORDER_SCHED_LINE_ID,TEXT,
AIML_OPEN_PURCHASE_ORDERS,DEMO_PUBLISHED,TABLE_OR_VIEW,DEMO_ANALYTICS,DEMO_PUBLISHED,AIML_OPEN_PURCHASE_ORDERS,SELECT * FROM DEMO_ANALYTICS.DEMO_PUBLISHED.AIML_OPEN_PURCHASE_ORDERS,16,MATERIAL_GROUP,TEXT,
AIML_OPEN_PURCHASE_ORDERS,DEMO_PUBLISHED,TABLE_OR_VIEW,DEMO_ANALYTICS,DEMO_PUBLISHED,AIML_OPEN_PURCHASE_ORDERS,SELECT * FROM DEMO_ANALYTICS.DEMO_PUBLISHED.AIML_OPEN_PURCHASE_ORDERS,17,MATERIAL_GROUP_DESCRIPTION,TEXT,
AIML_OPEN_PURCHASE_ORDERS,DEMO_PUBLISHED,TABLE_OR_VIEW,DEMO_ANALYTICS,DEMO_PUBLISHED,AIML_OPEN_PURCHASE_ORDERS,SELECT * FROM DEMO_ANALYTICS.DEMO_PUBLISHED.AIML_OPEN_PURCHASE_ORDERS,18,MATERIAL_ID,TEXT,
AIML_OPEN_PURCHASE_ORDERS,DEMO_PUBLISHED,TABLE_OR_VIEW,DEMO_ANALYTICS,DEMO_PUBLISHED,AIML_OPEN_PURCHASE_ORDERS,SELECT * FROM DEMO_ANALYTICS.DEMO_PUBLISHED.AIML_OPEN_PURCHASE_ORDERS,19,MATERIAL_NUMBER,TEXT,
AIML_OPEN_PURCHASE_ORDERS,DEMO_PUBLISHED,TABLE_OR_VIEW,DEMO_ANALYTICS,DEMO_PUBLISHED,AIML_OPEN_PURCHASE_ORDERS,SELECT * FROM DEMO_ANALYTICS.DEMO_PUBLISHED.AIML_OPEN_PURCHASE_ORDERS,20,PRFT_CNTR_ID,TEXT,
AIML_OPEN_PURCHASE_ORDERS,DEMO_PUBLISHED,TABLE_OR_VIEW,DEMO_ANALYTICS,DEMO_PUBLISHED,AIML_OPEN_PURCHASE_ORDERS,SELECT * FROM DEMO_ANALYTICS.DEMO_PUBLISHED.AIML_OPEN_PURCHASE_ORDERS,21,PO_SCHD_LINE_QTY,NUMBER,
AIML_OPEN_PURCHASE_ORDERS,DEMO_PUBLISHED,TABLE_OR_VIEW,DEMO_ANALYTICS,DEMO_PUBLISHED,AIML_OPEN_PURCHASE_ORDERS,SELECT * FROM DEMO_ANALYTICS.DEMO_PUBLISHED.AIML_OPEN_PURCHASE_ORDERS,22,RECEIVED_QTY,NUMBER,
AIML_OPEN_PURCHASE_ORDERS,DEMO_PUBLISHED,TABLE_OR_VIEW,DEMO_ANALYTICS,DEMO_PUBLISHED,AIML_OPEN_PURCHASE_ORDERS,SELECT * FROM DEMO_ANALYTICS.DEMO_PUBLISHED.AIML_OPEN_PURCHASE_ORDERS,23,SHIPPED_NOT_RECEIVED_QTY,NUMBER,
AIML_OPEN_PURCHASE_ORDERS,DEMO_PUBLISHED,TABLE_OR_VIEW,DEMO_ANALYTICS,DEMO_PUBLISHED,AIML_OPEN_PURCHASE_ORDERS,SELECT * FROM DEMO_ANALYTICS.DEMO_PUBLISHED.AIML_OPEN_PURCHASE_ORDERS,24,STATISTICS_RELEVANT_DATE,DATE,
AIML_OPEN_PURCHASE_ORDERS,DEMO_PUBLISHED,TABLE_OR_VIEW,DEMO_ANALYTICS,DEMO_PUBLISHED,AIML_OPEN_PURCHASE_ORDERS,SELECT * FROM DEMO_ANALYTICS.DEMO_PUBLISHED.AIML_OPEN_PURCHASE_ORDERS,25,PO_SCHD_LINE_DELIVERY_DATE,DATE,
AIML_OPEN_PURCHASE_ORDERS,DEMO_PUBLISHED,TABLE_OR_VIEW,DEMO_ANALYTICS,DEMO_PUBLISHED,AIML_OPEN_PURCHASE_ORDERS,SELECT * FROM DEMO_ANALYTICS.DEMO_PUBLISHED.AIML_OPEN_PURCHASE_ORDERS,26,PO_COMMIT_DT,DATE,
AIML_OPEN_PURCHASE_ORDERS,DEMO_PUBLISHED,TABLE_OR_VIEW,DEMO_ANALYTICS,DEMO_PUBLISHED,AIML_OPEN_PURCHASE_ORDERS,SELECT * FROM DEMO_ANALYTICS.DEMO_PUBLISHED.AIML_OPEN_PURCHASE_ORDERS,27,EXCPTN_MSG_NUM,TEXT,
AIML_OPEN_PURCHASE_ORDERS,DEMO_PUBLISHED,TABLE_OR_VIEW,DEMO_ANALYTICS,DEMO_PUBLISHED,AIML_OPEN_PURCHASE_ORDERS,SELECT * FROM DEMO_ANALYTICS.DEMO_PUBLISHED.AIML_OPEN_PURCHASE_ORDERS,28,EXCPTN_MSG_DESC,TEXT,
AIML_OPEN_PURCHASE_ORDERS,DEMO_PUBLISHED,TABLE_OR_VIEW,DEMO_ANALYTICS,DEMO_PUBLISHED,AIML_OPEN_PURCHASE_ORDERS,SELECT * FROM DEMO_ANALYTICS.DEMO_PUBLISHED.AIML_OPEN_PURCHASE_ORDERS,29,EXCPTN_RSCHD_DT,DATE,
AIML_OPEN_PURCHASE_ORDERS,DEMO_PUBLISHED,TABLE_OR_VIEW,DEMO_ANALYTICS,DEMO_PUBLISHED,AIML_OPEN_PURCHASE_ORDERS,SELECT * FROM DEMO_ANALYTICS.DEMO_PUBLISHED.AIML_OPEN_PURCHASE_ORDERS,30,OPEN_QTY,NUMBER,
AIML_OPEN_PURCHASE_ORDERS,DEMO_PUBLISHED,TABLE_OR_VIEW,DEMO_ANALYTICS,DEMO_PUBLISHED,AIML_OPEN_PURCHASE_ORDERS,SELECT * FROM DEMO_ANALYTICS.DEMO_PUBLISHED.AIML_OPEN_PURCHASE_ORDERS,31,OPEN_SUPPLYING_PLANT_QTY,NUMBER,
AIML_OPEN_PURCHASE_ORDERS,DEMO_PUBLISHED,TABLE_OR_VIEW,DEMO_ANALYTICS,DEMO_PUBLISHED,AIML_OPEN_PURCHASE_ORDERS,SELECT * FROM DEMO_ANALYTICS.DEMO_PUBLISHED.AIML_OPEN_PURCHASE_ORDERS,32,OPEN_VALUE_IN_DC,FLOAT,
AIML_OPEN_PURCHASE_ORDERS,DEMO_PUBLISHED,TABLE_OR_VIEW,DEMO_ANALYTICS,DEMO_PUBLISHED,AIML_OPEN_PURCHASE_ORDERS,SELECT * FROM DEMO_ANALYTICS.DEMO_PUBLISHED.AIML_OPEN_PURCHASE_ORDERS,33,OPEN_VALUE_IN_USD,FLOAT,
AIML_OPEN_PURCHASE_ORDERS,DEMO_PUBLISHED,TABLE_OR_VIEW,DEMO_ANALYTICS,DEMO_PUBLISHED,AIML_OPEN_PURCHASE_ORDERS,SELECT * FROM DEMO_ANALYTICS.DEMO_PUBLISHED.AIML_OPEN_PURCHASE_ORDERS,34,DOCUMENT_CURRENCY,TEXT,
AIML_OPEN_PURCHASE_ORDERS,DEMO_PUBLISHED,TABLE_OR_VIEW,DEMO_ANALYTICS,DEMO_PUBLISHED,AIML_OPEN_PURCHASE_ORDERS,SELECT * FROM DEMO_ANALYTICS.DEMO_PUBLISHED.AIML_OPEN_PURCHASE_ORDERS,35,OVERRIDE_DATE,DATE,
AIML_OPEN_PURCHASE_ORDERS,DEMO_PUBLISHED,TABLE_OR_VIEW,DEMO_ANALYTICS,DEMO_PUBLISHED,AIML_OPEN_PURCHASE_ORDERS,SELECT * FROM DEMO_ANALYTICS.DEMO_PUBLISHED.AIML_OPEN_PURCHASE_ORDERS,36,TRADE_OFF_ZONE,NUMBER,
AIML_OPEN_PURCHASE_ORDERS,DEMO_PUBLISHED,TABLE_OR_VIEW,DEMO_ANALYTICS,DEMO_PUBLISHED,AIML_OPEN_PURCHASE_ORDERS,SELECT * FROM DEMO_ANALYTICS.DEMO_PUBLISHED.AIML_OPEN_PURCHASE_ORDERS,37,DWH_CHANGE_DATE,TIMESTAMP_LTZ,
AIML_OPEN_PURCHASE_ORDERS,DEMO_PUBLISHED,TABLE_OR_VIEW,DEMO_ANALYTICS,DEMO_PUBLISHED,AIML_OPEN_PURCHASE_ORDERS,SELECT * FROM DEMO_ANALYTICS.DEMO_PUBLISHED.AIML_OPEN_PURCHASE_ORDERS,38,ELIKZ_EKPO,TEXT,
AIML_OPEN_PURCHASE_ORDERS,DEMO_PUBLISHED,TABLE_OR_VIEW,DEMO_ANALYTICS,DEMO_PUBLISHED,AIML_OPEN_PURCHASE_ORDERS,SELECT * FROM DEMO_ANALYTICS.DEMO_PUBLISHED.AIML_OPEN_PURCHASE_ORDERS,39,MENGE_EKPO,NUMBER,
AIML_OPEN_PURCHASE_ORDERS,DEMO_PUBLISHED,TABLE_OR_VIEW,DEMO_ANALYTICS,DEMO_PUBLISHED,AIML_OPEN_PURCHASE_ORDERS,SELECT * FROM DEMO_ANALYTICS.DEMO_PUBLISHED.AIML_OPEN_PURCHASE_ORDERS,40,LOEKZ_EKPO,TEXT,
AIML_OPEN_PURCHASE_ORDERS,DEMO_PUBLISHED,TABLE_OR_VIEW,DEMO_ANALYTICS,DEMO_PUBLISHED,AIML_OPEN_PURCHASE_ORDERS,SELECT * FROM DEMO_ANALYTICS.DEMO_PUBLISHED.AIML_OPEN_PURCHASE_ORDERS,41,LOEKZ_EKKO,TEXT,
AIML_OPEN_PURCHASE_ORDERS,DEMO_PUBLISHED,TABLE_OR_VIEW,DEMO_ANALYTICS,DEMO_PUBLISHED,AIML_OPEN_PURCHASE_ORDERS,SELECT * FROM DEMO_ANALYTICS.DEMO_PUBLISHED.AIML_OPEN_PURCHASE_ORDERS,42,MENGE_EKET,NUMBER,
AIML_OPEN_PURCHASE_ORDERS,DEMO_PUBLISHED,TABLE_OR_VIEW,DEMO_ANALYTICS,DEMO_PUBLISHED,AIML_OPEN_PURCHASE_ORDERS,SELECT * FROM DEMO_ANALYTICS.DEMO_PUBLISHED.AIML_OPEN_PURCHASE_ORDERS,43,WEMNG_EKET,NUMBER,
AIML_OPEN_PURCHASE_ORDERS,DEMO_PUBLISHED,TABLE_OR_VIEW,DEMO_ANALYTICS,DEMO_PUBLISHED,AIML_OPEN_PURCHASE_ORDERS,SELECT * FROM DEMO_ANALYTICS.DEMO_PUBLISHED.AIML_OPEN_PURCHASE_ORDERS,44,STATU_EKKO,TEXT,
AIML_OPEN_PURCHASE_ORDERS,DEMO_PUBLISHED,TABLE_OR_VIEW,DEMO_ANALYTICS,DEMO_PUBLISHED,AIML_OPEN_PURCHASE_ORDERS,SELECT * FROM DEMO_ANALYTICS.DEMO_PUBLISHED.AIML_OPEN_PURCHASE_ORDERS,45,EREKZ_EKPO_FINALINVIND,TEXT,
AIML_OPEN_PURCHASE_ORDERS,DEMO_PUBLISHED,TABLE_OR_VIEW,DEMO_ANALYTICS,DEMO_PUBLISHED,AIML_OPEN_PURCHASE_ORDERS,SELECT * FROM DEMO_ANALYTICS.DEMO_PUBLISHED.AIML_OPEN_PURCHASE_ORDERS,46,EGLKZ_EKPO_OUTWARDDELCOMPLETEIND,TEXT,
AIML_OPEN_PURCHASE_ORDERS,DEMO_PUBLISHED,TABLE_OR_VIEW,DEMO_ANALYTICS,DEMO_PUBLISHED,AIML_OPEN_PURCHASE_ORDERS,SELECT * FROM DEMO_ANALYTICS.DEMO_PUBLISHED.AIML_OPEN_PURCHASE_ORDERS,47,REASON_FOR_CANCELLATION,TEXT,
DEMO_PUBLISHED.CORE_PLANT,DEMO_PUBLISHED,TABLE_OR_VIEW,DEMO_ANALYTICS,DEMO_PUBLISHED,CORE_PLANT,SELECT * FROM DEMO_ANALYTICS.DEMO_PUBLISHED.CORE_PLANT,1,TAS_SOURCE_ID,TEXT,
DEMO_PUBLISHED.CORE_PLANT,DEMO_PUBLISHED,TABLE_OR_VIEW,DEMO_ANALYTICS,DEMO_PUBLISHED,CORE_PLANT,SELECT * FROM DEMO_ANALYTICS.DEMO_PUBLISHED.CORE_PLANT,2,PLANT_ID,TEXT,
DEMO_PUBLISHED.CORE_PLANT,DEMO_PUBLISHED,TABLE_OR_VIEW,DEMO_ANALYTICS,DEMO_PUBLISHED,CORE_PLANT,SELECT * FROM DEMO_ANALYTICS.DEMO_PUBLISHED.CORE_PLANT,3,PLANT_NAME,TEXT,
DEMO_PUBLISHED.CORE_PLANT,DEMO_PUBLISHED,TABLE_OR_VIEW,DEMO_ANALYTICS,DEMO_PUBLISHED,CORE_PLANT,SELECT * FROM DEMO_ANALYTICS.DEMO_PUBLISHED.CORE_PLANT,4,PLANT_NAME_2,TEXT,
DEMO_PUBLISHED.CORE_PLANT,DEMO_PUBLISHED,TABLE_OR_VIEW,DEMO_ANALYTICS,DEMO_PUBLISHED,CORE_PLANT,SELECT * FROM DEMO_ANALYTICS.DEMO_PUBLISHED.CORE_PLANT,5,VALUATION_AREA_ID,TEXT,
DEMO_PUBLISHED.CORE_PLANT,DEMO_PUBLISHED,TABLE_OR_VIEW,DEMO_ANALYTICS,DEMO_PUBLISHED,CORE_PLANT,SELECT * FROM DEMO_ANALYTICS.DEMO_PUBLISHED.CORE_PLANT,6,PLANT_CATEGORY,TEXT,
DEMO_PUBLISHED.CORE_PLANT,DEMO_PUBLISHED,TABLE_OR_VIEW,DEMO_ANALYTICS,DEMO_PUBLISHED,CORE_PLANT,SELECT * FROM DEMO_ANALYTICS.DEMO_PUBLISHED.CORE_PLANT,7,PURCHASING_ORGANISATION_ID,TEXT,
DEMO_PUBLISHED.CORE_PLANT,DEMO_PUBLISHED,TABLE_OR_VIEW,DEMO_ANALYTICS,DEMO_PUBLISHED,CORE_PLANT,SELECT * FROM DEMO_ANALYTICS.DEMO_PUBLISHED.CORE_PLANT,8,CUSTOMER_ID,TEXT,
DEMO_PUBLISHED.CORE_PLANT,DEMO_PUBLISHED,TABLE_OR_VIEW,DEMO_ANALYTICS,DEMO_PUBLISHED,CORE_PLANT,SELECT * FROM DEMO_ANALYTICS.DEMO_PUBLISHED.CORE_PLANT,9,VENDOR_ID,TEXT,
DEMO_PUBLISHED.CORE_PLANT,DEMO_PUBLISHED,TABLE_OR_VIEW,DEMO_ANALYTICS,DEMO_PUBLISHED,CORE_PLANT,SELECT * FROM DEMO_ANALYTICS.DEMO_PUBLISHED.CORE_PLANT,10,SALES_ORGANISATION_ID,TEXT,
DEMO_PUBLISHED.CORE_PLANT,DEMO_PUBLISHED,TABLE_OR_VIEW,DEMO_ANALYTICS,DEMO_PUBLISHED,CORE_PLANT,SELECT * FROM DEMO_ANALYTICS.DEMO_PUBLISHED.CORE_PLANT,11,DISTRIBUTION_CHANNEL_ID,TEXT,
DEMO_PUBLISHED.CORE_PLANT,DEMO_PUBLISHED,TABLE_OR_VIEW,DEMO_ANALYTICS,DEMO_PUBLISHED,CORE_PLANT,SELECT * FROM DEMO_ANALYTICS.DEMO_PUBLISHED.CORE_PLANT,12,DIVISION_ID,TEXT,
DEMO_PUBLISHED.CORE_PLANT,DEMO_PUBLISHED,TABLE_OR_VIEW,DEMO_ANALYTICS,DEMO_PUBLISHED,CORE_PLANT,SELECT * FROM DEMO_ANALYTICS.DEMO_PUBLISHED.CORE_PLANT,13,ADDRESS_ID,TEXT,
DEMO_PUBLISHED.CORE_PLANT,DEMO_PUBLISHED,TABLE_OR_VIEW,DEMO_ANALYTICS,DEMO_PUBLISHED,CORE_PLANT,SELECT * FROM DEMO_ANALYTICS.DEMO_PUBLISHED.CORE_PLANT,14,SALES_DISTRICT_ID,TEXT,
DEMO_PUBLISHED.CORE_PLANT,DEMO_PUBLISHED,TABLE_OR_VIEW,DEMO_ANALYTICS,DEMO_PUBLISHED,CORE_PLANT,SELECT * FROM DEMO_ANALYTICS.DEMO_PUBLISHED.CORE_PLANT,15,ADDRESS,TEXT,
DEMO_PUBLISHED.CORE_PLANT,DEMO_PUBLISHED,TABLE_OR_VIEW,DEMO_ANALYTICS,DEMO_PUBLISHED,CORE_PLANT,SELECT * FROM DEMO_ANALYTICS.DEMO_PUBLISHED.CORE_PLANT,16,CITY,TEXT,
DEMO_PUBLISHED.CORE_PLANT,DEMO_PUBLISHED,TABLE_OR_VIEW,DEMO_ANALYTICS,DEMO_PUBLISHED,CORE_PLANT,SELECT * FROM DEMO_ANALYTICS.DEMO_PUBLISHED.CORE_PLANT,17,REGION,TEXT,
DEMO_PUBLISHED.CORE_PLANT,DEMO_PUBLISHED,TABLE_OR_VIEW,DEMO_ANALYTICS,DEMO_PUBLISHED,CORE_PLANT,SELECT * FROM DEMO_ANALYTICS.DEMO_PUBLISHED.CORE_PLANT,18,COUNTRY,TEXT,
DEMO_PUBLISHED.CORE_PLANT,DEMO_PUBLISHED,TABLE_OR_VIEW,DEMO_ANALYTICS,DEMO_PUBLISHED,CORE_PLANT,SELECT * FROM DEMO_ANALYTICS.DEMO_PUBLISHED.CORE_PLANT,19,SALES_OPER_PLANNING_PLANT_IND,TEXT,
DEMO_PUBLISHED.CORE_PLANT,DEMO_PUBLISHED,TABLE_OR_VIEW,DEMO_ANALYTICS,DEMO_PUBLISHED,CORE_PLANT,SELECT * FROM DEMO_ANALYTICS.DEMO_PUBLISHED.CORE_PLANT,20,FACTORY_CALENDAR_CD,TEXT,
DEMO_PUBLISHED.CORE_PLANT,DEMO_PUBLISHED,TABLE_OR_VIEW,DEMO_ANALYTICS,DEMO_PUBLISHED,CORE_PLANT,SELECT * FROM DEMO_ANALYTICS.DEMO_PUBLISHED.CORE_PLANT,21,PLANNING_PLANT,TEXT,
DEMO_PUBLISHED.CORE_PLANT,DEMO_PUBLISHED,TABLE_OR_VIEW,DEMO_ANALYTICS,DEMO_PUBLISHED,CORE_PLANT,SELECT * FROM DEMO_ANALYTICS.DEMO_PUBLISHED.CORE_PLANT,22,SHIPPING_PLANT,TEXT,
DEMO_PUBLISHED.CORE_PLANT,DEMO_PUBLISHED,TABLE_OR_VIEW,DEMO_ANALYTICS,DEMO_PUBLISHED,CORE_PLANT,SELECT * FROM DEMO_ANALYTICS.DEMO_PUBLISHED.CORE_PLANT,23,DWH_CHANGE_DATE,TIMESTAMP_NTZ,
EDW_INVENTORY_SEGMENTATION_SNAPSHOT,DEMO_PUBLISHED,TABLE_OR_VIEW,DEMO_ANALYTICS,DEMO_PUBLISHED,EDW_INVENTORY_SEGMENTATION_SNAPSHOT,SELECT * FROM DEMO_ANALYTICS.DEMO_PUBLISHED.EDW_INVENTORY_SEGMENTATION_SNAPSHOT,1,TAS_SOURCE_ID,TEXT,
EDW_INVENTORY_SEGMENTATION_SNAPSHOT,DEMO_PUBLISHED,TABLE_OR_VIEW,DEMO_ANALYTICS,DEMO_PUBLISHED,EDW_INVENTORY_SEGMENTATION_SNAPSHOT,SELECT * FROM DEMO_ANALYTICS.DEMO_PUBLISHED.EDW_INVENTORY_SEGMENTATION_SNAPSHOT,2,SNAPSHOT_ID,TEXT,
EDW_INVENTORY_SEGMENTATION_SNAPSHOT,DEMO_PUBLISHED,TABLE_OR_VIEW,DEMO_ANALYTICS,DEMO_PUBLISHED,EDW_INVENTORY_SEGMENTATION_SNAPSHOT,SELECT * FROM DEMO_ANALYTICS.DEMO_PUBLISHED.EDW_INVENTORY_SEGMENTATION_SNAPSHOT,3,SNAPSHOT_TYPE,TEXT,
EDW_INVENTORY_SEGMENTATION_SNAPSHOT,DEMO_PUBLISHED,TABLE_OR_VIEW,DEMO_ANALYTICS,DEMO_PUBLISHED,EDW_INVENTORY_SEGMENTATION_SNAPSHOT,SELECT * FROM DEMO_ANALYTICS.DEMO_PUBLISHED.EDW_INVENTORY_SEGMENTATION_SNAPSHOT,4,MATERIAL_NUMBER,TEXT,
EDW_INVENTORY_SEGMENTATION_SNAPSHOT,DEMO_PUBLISHED,TABLE_OR_VIEW,DEMO_ANALYTICS,DEMO_PUBLISHED,EDW_INVENTORY_SEGMENTATION_SNAPSHOT,SELECT * FROM DEMO_ANALYTICS.DEMO_PUBLISHED.EDW_INVENTORY_SEGMENTATION_SNAPSHOT,5,MATERIAL_ID,TEXT,
EDW_INVENTORY_SEGMENTATION_SNAPSHOT,DEMO_PUBLISHED,TABLE_OR_VIEW,DEMO_ANALYTICS,DEMO_PUBLISHED,EDW_INVENTORY_SEGMENTATION_SNAPSHOT,SELECT * FROM DEMO_ANALYTICS.DEMO_PUBLISHED.EDW_INVENTORY_SEGMENTATION_SNAPSHOT,6,MATERIAL_DESCRIPTION,TEXT,
EDW_INVENTORY_SEGMENTATION_SNAPSHOT,DEMO_PUBLISHED,TABLE_OR_VIEW,DEMO_ANALYTICS,DEMO_PUBLISHED,EDW_INVENTORY_SEGMENTATION_SNAPSHOT,SELECT * FROM DEMO_ANALYTICS.DEMO_PUBLISHED.EDW_INVENTORY_SEGMENTATION_SNAPSHOT,7,MATERIAL_TYPE,TEXT,
EDW_INVENTORY_SEGMENTATION_SNAPSHOT,DEMO_PUBLISHED,TABLE_OR_VIEW,DEMO_ANALYTICS,DEMO_PUBLISHED,EDW_INVENTORY_SEGMENTATION_SNAPSHOT,SELECT * FROM DEMO_ANALYTICS.DEMO_PUBLISHED.EDW_INVENTORY_SEGMENTATION_SNAPSHOT,8,PLANT_ID,TEXT,
EDW_INVENTORY_SEGMENTATION_SNAPSHOT,DEMO_PUBLISHED,TABLE_OR_VIEW,DEMO_ANALYTICS,DEMO_PUBLISHED,EDW_INVENTORY_SEGMENTATION_SNAPSHOT,SELECT * FROM DEMO_ANALYTICS.DEMO_PUBLISHED.EDW_INVENTORY_SEGMENTATION_SNAPSHOT,9,PLANT_NAME,TEXT,
EDW_INVENTORY_SEGMENTATION_SNAPSHOT,DEMO_PUBLISHED,TABLE_OR_VIEW,DEMO_ANALYTICS,DEMO_PUBLISHED,EDW_INVENTORY_SEGMENTATION_SNAPSHOT,SELECT * FROM DEMO_ANALYTICS.DEMO_PUBLISHED.EDW_INVENTORY_SEGMENTATION_SNAPSHOT,10,COMPANY_CODE,TEXT,
EDW_INVENTORY_SEGMENTATION_SNAPSHOT,DEMO_PUBLISHED,TABLE_OR_VIEW,DEMO_ANALYTICS,DEMO_PUBLISHED,EDW_INVENTORY_SEGMENTATION_SNAPSHOT,SELECT * FROM DEMO_ANALYTICS.DEMO_PUBLISHED.EDW_INVENTORY_SEGMENTATION_SNAPSHOT,11,PROFIT_CENTER,TEXT,
EDW_INVENTORY_SEGMENTATION_SNAPSHOT,DEMO_PUBLISHED,TABLE_OR_VIEW,DEMO_ANALYTICS,DEMO_PUBLISHED,EDW_INVENTORY_SEGMENTATION_SNAPSHOT,SELECT * FROM DEMO_ANALYTICS.DEMO_PUBLISHED.EDW_INVENTORY_SEGMENTATION_SNAPSHOT,12,OE_SPARES_MRO,TEXT,
EDW_INVENTORY_SEGMENTATION_SNAPSHOT,DEMO_PUBLISHED,TABLE_OR_VIEW,DEMO_ANALYTICS,DEMO_PUBLISHED,EDW_INVENTORY_SEGMENTATION_SNAPSHOT,SELECT * FROM DEMO_ANALYTICS.DEMO_PUBLISHED.EDW_INVENTORY_SEGMENTATION_SNAPSHOT,13,SEGMENT,TEXT,
EDW_INVENTORY_SEGMENTATION_SNAPSHOT,DEMO_PUBLISHED,TABLE_OR_VIEW,DEMO_ANALYTICS,DEMO_PUBLISHED,EDW_INVENTORY_SEGMENTATION_SNAPSHOT,SELECT * FROM DEMO_ANALYTICS.DEMO_PUBLISHED.EDW_INVENTORY_SEGMENTATION_SNAPSHOT,14,LTB,TEXT,
EDW_INVENTORY_SEGMENTATION_SNAPSHOT,DEMO_PUBLISHED,TABLE_OR_VIEW,DEMO_ANALYTICS,DEMO_PUBLISHED,EDW_INVENTORY_SEGMENTATION_SNAPSHOT,SELECT * FROM DEMO_ANALYTICS.DEMO_PUBLISHED.EDW_INVENTORY_SEGMENTATION_SNAPSHOT,15,LIFE_CYCLE,TEXT,
EDW_INVENTORY_SEGMENTATION_SNAPSHOT,DEMO_PUBLISHED,TABLE_OR_VIEW,DEMO_ANALYTICS,DEMO_PUBLISHED,EDW_INVENTORY_SEGMENTATION_SNAPSHOT,SELECT * FROM DEMO_ANALYTICS.DEMO_PUBLISHED.EDW_INVENTORY_SEGMENTATION_SNAPSHOT,16,DCM_CLASS,TEXT,
EDW_INVENTORY_SEGMENTATION_SNAPSHOT,DEMO_PUBLISHED,TABLE_OR_VIEW,DEMO_ANALYTICS,DEMO_PUBLISHED,EDW_INVENTORY_SEGMENTATION_SNAPSHOT,SELECT * FROM DEMO_ANALYTICS.DEMO_PUBLISHED.EDW_INVENTORY_SEGMENTATION_SNAPSHOT,17,NO_ABC,TEXT,
EDW_INVENTORY_SEGMENTATION_SNAPSHOT,DEMO_PUBLISHED,TABLE_OR_VIEW,DEMO_ANALYTICS,DEMO_PUBLISHED,EDW_INVENTORY_SEGMENTATION_SNAPSHOT,SELECT * FROM DEMO_ANALYTICS.DEMO_PUBLISHED.EDW_INVENTORY_SEGMENTATION_SNAPSHOT,18,EXCHANGE_RATE,NUMBER,
EDW_INVENTORY_SEGMENTATION_SNAPSHOT,DEMO_PUBLISHED,TABLE_OR_VIEW,DEMO_ANALYTICS,DEMO_PUBLISHED,EDW_INVENTORY_SEGMENTATION_SNAPSHOT,SELECT * FROM DEMO_ANALYTICS.DEMO_PUBLISHED.EDW_INVENTORY_SEGMENTATION_SNAPSHOT,19,CURRENCY,TEXT,
EDW_INVENTORY_SEGMENTATION_SNAPSHOT,DEMO_PUBLISHED,TABLE_OR_VIEW,DEMO_ANALYTICS,DEMO_PUBLISHED,EDW_INVENTORY_SEGMENTATION_SNAPSHOT,SELECT * FROM DEMO_ANALYTICS.DEMO_PUBLISHED.EDW_INVENTORY_SEGMENTATION_SNAPSHOT,20,STANDARD_PRICE_LC,NUMBER,
EDW_INVENTORY_SEGMENTATION_SNAPSHOT,DEMO_PUBLISHED,TABLE_OR_VIEW,DEMO_ANALYTICS,DEMO_PUBLISHED,EDW_INVENTORY_SEGMENTATION_SNAPSHOT,SELECT * FROM DEMO_ANALYTICS.DEMO_PUBLISHED.EDW_INVENTORY_SEGMENTATION_SNAPSHOT,21,STANDARD_PRICE_USD,NUMBER,
EDW_INVENTORY_SEGMENTATION_SNAPSHOT,DEMO_PUBLISHED,TABLE_OR_VIEW,DEMO_ANALYTICS,DEMO_PUBLISHED,EDW_INVENTORY_SEGMENTATION_SNAPSHOT,SELECT * FROM DEMO_ANALYTICS.DEMO_PUBLISHED.EDW_INVENTORY_SEGMENTATION_SNAPSHOT,22,PROCUREMENT_TYPE,TEXT,
EDW_INVENTORY_SEGMENTATION_SNAPSHOT,DEMO_PUBLISHED,TABLE_OR_VIEW,DEMO_ANALYTICS,DEMO_PUBLISHED,EDW_INVENTORY_SEGMENTATION_SNAPSHOT,SELECT * FROM DEMO_ANALYTICS.DEMO_PUBLISHED.EDW_INVENTORY_SEGMENTATION_SNAPSHOT,23,MRP_CONTROLLER_ID,TEXT,
EDW_INVENTORY_SEGMENTATION_SNAPSHOT,DEMO_PUBLISHED,TABLE_OR_VIEW,DEMO_ANALYTICS,DEMO_PUBLISHED,EDW_INVENTORY_SEGMENTATION_SNAPSHOT,SELECT * FROM DEMO_ANALYTICS.DEMO_PUBLISHED.EDW_INVENTORY_SEGMENTATION_SNAPSHOT,24,VALUATION_TYPE,TEXT,
EDW_INVENTORY_SEGMENTATION_SNAPSHOT,DEMO_PUBLISHED,TABLE_OR_VIEW,DEMO_ANALYTICS,DEMO_PUBLISHED,EDW_INVENTORY_SEGMENTATION_SNAPSHOT,SELECT * FROM DEMO_ANALYTICS.DEMO_PUBLISHED.EDW_INVENTORY_SEGMENTATION_SNAPSHOT,25,MRP_GROUP,TEXT,
EDW_INVENTORY_SEGMENTATION_SNAPSHOT,DEMO_PUBLISHED,TABLE_OR_VIEW,DEMO_ANALYTICS,DEMO_PUBLISHED,EDW_INVENTORY_SEGMENTATION_SNAPSHOT,SELECT * FROM DEMO_ANALYTICS.DEMO_PUBLISHED.EDW_INVENTORY_SEGMENTATION_SNAPSHOT,26,MATERIAL_GROUP_4_ID,TEXT,
EDW_INVENTORY_SEGMENTATION_SNAPSHOT,DEMO_PUBLISHED,TABLE_OR_VIEW,DEMO_ANALYTICS,DEMO_PUBLISHED,EDW_INVENTORY_SEGMENTATION_SNAPSHOT,SELECT * FROM DEMO_ANALYTICS.DEMO_PUBLISHED.EDW_INVENTORY_SEGMENTATION_SNAPSHOT,27,MATERIAL_GROUP_5_ID,TEXT,
EDW_INVENTORY_SEGMENTATION_SNAPSHOT,DEMO_PUBLISHED,TABLE_OR_VIEW,DEMO_ANALYTICS,DEMO_PUBLISHED,EDW_INVENTORY_SEGMENTATION_SNAPSHOT,SELECT * FROM DEMO_ANALYTICS.DEMO_PUBLISHED.EDW_INVENTORY_SEGMENTATION_SNAPSHOT,28,CURRENT_EMP_POLICY,TEXT,
EDW_INVENTORY_SEGMENTATION_SNAPSHOT,DEMO_PUBLISHED,TABLE_OR_VIEW,DEMO_ANALYTICS,DEMO_PUBLISHED,EDW_INVENTORY_SEGMENTATION_SNAPSHOT,SELECT * FROM DEMO_ANALYTICS.DEMO_PUBLISHED.EDW_INVENTORY_SEGMENTATION_SNAPSHOT,29,EXCEPTION_INDICATOR8,TEXT,
EDW_INVENTORY_SEGMENTATION_SNAPSHOT,DEMO_PUBLISHED,TABLE_OR_VIEW,DEMO_ANALYTICS,DEMO_PUBLISHED,EDW_INVENTORY_SEGMENTATION_SNAPSHOT,SELECT * FROM DEMO_ANALYTICS.DEMO_PUBLISHED.EDW_INVENTORY_SEGMENTATION_SNAPSHOT,30,MRP_TYPE,TEXT,
EDW_INVENTORY_SEGMENTATION_SNAPSHOT,DEMO_PUBLISHED,TABLE_OR_VIEW,DEMO_ANALYTICS,DEMO_PUBLISHED,EDW_INVENTORY_SEGMENTATION_SNAPSHOT,SELECT * FROM DEMO_ANALYTICS.DEMO_PUBLISHED.EDW_INVENTORY_SEGMENTATION_SNAPSHOT,31,UNRESTRICTED_STOCK_QUANTITY,NUMBER,
EDW_INVENTORY_SEGMENTATION_SNAPSHOT,DEMO_PUBLISHED,TABLE_OR_VIEW,DEMO_ANALYTICS,DEMO_PUBLISHED,EDW_INVENTORY_SEGMENTATION_SNAPSHOT,SELECT * FROM DEMO_ANALYTICS.DEMO_PUBLISHED.EDW_INVENTORY_SEGMENTATION_SNAPSHOT,32,QUALITY_INSPECTION_STOCK_QUANTITY,NUMBER,
EDW_INVENTORY_SEGMENTATION_SNAPSHOT,DEMO_PUBLISHED,TABLE_OR_VIEW,DEMO_ANALYTICS,DEMO_PUBLISHED,EDW_INVENTORY_SEGMENTATION_SNAPSHOT,SELECT * FROM DEMO_ANALYTICS.DEMO_PUBLISHED.EDW_INVENTORY_SEGMENTATION_SNAPSHOT,33,TOTAL_RESTRICTED_STOCK_QUANTITY,NUMBER,
EDW_INVENTORY_SEGMENTATION_SNAPSHOT,DEMO_PUBLISHED,TABLE_OR_VIEW,DEMO_ANALYTICS,DEMO_PUBLISHED,EDW_INVENTORY_SEGMENTATION_SNAPSHOT,SELECT * FROM DEMO_ANALYTICS.DEMO_PUBLISHED.EDW_INVENTORY_SEGMENTATION_SNAPSHOT,34,BLOCKED_STOCK_QUANTITY,NUMBER,
EDW_INVENTORY_SEGMENTATION_SNAPSHOT,DEMO_PUBLISHED,TABLE_OR_VIEW,DEMO_ANALYTICS,DEMO_PUBLISHED,EDW_INVENTORY_SEGMENTATION_SNAPSHOT,SELECT * FROM DEMO_ANALYTICS.DEMO_PUBLISHED.EDW_INVENTORY_SEGMENTATION_SNAPSHOT,35,VENDOR_CONSIGNMENT_STOCK_QUANTITY,NUMBER,
EDW_INVENTORY_SEGMENTATION_SNAPSHOT,DEMO_PUBLISHED,TABLE_OR_VIEW,DEMO_ANALYTICS,DEMO_PUBLISHED,EDW_INVENTORY_SEGMENTATION_SNAPSHOT,SELECT * FROM DEMO_ANALYTICS.DEMO_PUBLISHED.EDW_INVENTORY_SEGMENTATION_SNAPSHOT,36,TRANSFER_STOCK_QUANTITY,NUMBER,
EDW_INVENTORY_SEGMENTATION_SNAPSHOT,DEMO_PUBLISHED,TABLE_OR_VIEW,DEMO_ANALYTICS,DEMO_PUBLISHED,EDW_INVENTORY_SEGMENTATION_SNAPSHOT,SELECT * FROM DEMO_ANALYTICS.DEMO_PUBLISHED.EDW_INVENTORY_SEGMENTATION_SNAPSHOT,37,ASN_QUANTITY,NUMBER,
EDW_INVENTORY_SEGMENTATION_SNAPSHOT,DEMO_PUBLISHED,TABLE_OR_VIEW,DEMO_ANALYTICS,DEMO_PUBLISHED,EDW_INVENTORY_SEGMENTATION_SNAPSHOT,SELECT * FROM DEMO_ANALYTICS.DEMO_PUBLISHED.EDW_INVENTORY_SEGMENTATION_SNAPSHOT,38,IN_TRANSIT_STO_QUANTITY,NUMBER,
EDW_INVENTORY_SEGMENTATION_SNAPSHOT,DEMO_PUBLISHED,TABLE_OR_VIEW,DEMO_ANALYTICS,DEMO_PUBLISHED,EDW_INVENTORY_SEGMENTATION_SNAPSHOT,SELECT * FROM DEMO_ANALYTICS.DEMO_PUBLISHED.EDW_INVENTORY_SEGMENTATION_SNAPSHOT,39,CUSTOMER_RETURNED_STOCK_QUANTITY,NUMBER,
EDW_INVENTORY_SEGMENTATION_SNAPSHOT,DEMO_PUBLISHED,TABLE_OR_VIEW,DEMO_ANALYTICS,DEMO_PUBLISHED,EDW_INVENTORY_SEGMENTATION_SNAPSHOT,SELECT * FROM DEMO_ANALYTICS.DEMO_PUBLISHED.EDW_INVENTORY_SEGMENTATION_SNAPSHOT,40,MAM_STRATEGIC_INV_STOCK_QUANTITY,NUMBER,
EDW_INVENTORY_SEGMENTATION_SNAPSHOT,DEMO_PUBLISHED,TABLE_OR_VIEW,DEMO_ANALYTICS,DEMO_PUBLISHED,EDW_INVENTORY_SEGMENTATION_SNAPSHOT,SELECT * FROM DEMO_ANALYTICS.DEMO_PUBLISHED.EDW_INVENTORY_SEGMENTATION_SNAPSHOT,41,OE_DROP_SHIP_PASSTHRU_STOCK_QUANTITY,NUMBER,
EDW_INVENTORY_SEGMENTATION_SNAPSHOT,DEMO_PUBLISHED,TABLE_OR_VIEW,DEMO_ANALYTICS,DEMO_PUBLISHED,EDW_INVENTORY_SEGMENTATION_SNAPSHOT,SELECT * FROM DEMO_ANALYTICS.DEMO_PUBLISHED.EDW_INVENTORY_SEGMENTATION_SNAPSHOT,42,PROJECT_STOCK_QUANTITY,NUMBER,
EDW_INVENTORY_SEGMENTATION_SNAPSHOT,DEMO_PUBLISHED,TABLE_OR_VIEW,DEMO_ANALYTICS,DEMO_PUBLISHED,EDW_INVENTORY_SEGMENTATION_SNAPSHOT,SELECT * FROM DEMO_ANALYTICS.DEMO_PUBLISHED.EDW_INVENTORY_SEGMENTATION_SNAPSHOT,43,DEAD_STOCK_QUANTITY,NUMBER,
EDW_INVENTORY_SEGMENTATION_SNAPSHOT,DEMO_PUBLISHED,TABLE_OR_VIEW,DEMO_ANALYTICS,DEMO_PUBLISHED,EDW_INVENTORY_SEGMENTATION_SNAPSHOT,SELECT * FROM DEMO_ANALYTICS.DEMO_PUBLISHED.EDW_INVENTORY_SEGMENTATION_SNAPSHOT,44,CUSTOMER_CONSIGNMENT_STOCK_QUANTITY,NUMBER,
EDW_INVENTORY_SEGMENTATION_SNAPSHOT,DEMO_PUBLISHED,TABLE_OR_VIEW,DEMO_ANALYTICS,DEMO_PUBLISHED,EDW_INVENTORY_SEGMENTATION_SNAPSHOT,SELECT * FROM DEMO_ANALYTICS.DEMO_PUBLISHED.EDW_INVENTORY_SEGMENTATION_SNAPSHOT,45,PROVIDED_TO_VENDOR_QUANTITY,NUMBER,
EDW_INVENTORY_SEGMENTATION_SNAPSHOT,DEMO_PUBLISHED,TABLE_OR_VIEW,DEMO_ANALYTICS,DEMO_PUBLISHED,EDW_INVENTORY_SEGMENTATION_SNAPSHOT,SELECT * FROM DEMO_ANALYTICS.DEMO_PUBLISHED.EDW_INVENTORY_SEGMENTATION_SNAPSHOT,46,SAFETY_STOCK_SETTING_QUANTITY,NUMBER,
EDW_INVENTORY_SEGMENTATION_SNAPSHOT,DEMO_PUBLISHED,TABLE_OR_VIEW,DEMO_ANALYTICS,DEMO_PUBLISHED,EDW_INVENTORY_SEGMENTATION_SNAPSHOT,SELECT * FROM DEMO_ANALYTICS.DEMO_PUBLISHED.EDW_INVENTORY_SEGMENTATION_SNAPSHOT,47,TOTAL_MARD_QUANTITY,NUMBER,
EDW_INVENTORY_SEGMENTATION_SNAPSHOT,DEMO_PUBLISHED,TABLE_OR_VIEW,DEMO_ANALYTICS,DEMO_PUBLISHED,EDW_INVENTORY_SEGMENTATION_SNAPSHOT,SELECT * FROM DEMO_ANALYTICS.DEMO_PUBLISHED.EDW_INVENTORY_SEGMENTATION_SNAPSHOT,48,SAFETY_STOCK_OH_QUANTITY,NUMBER,
EDW_INVENTORY_SEGMENTATION_SNAPSHOT,DEMO_PUBLISHED,TABLE_OR_VIEW,DEMO_ANALYTICS,DEMO_PUBLISHED,EDW_INVENTORY_SEGMENTATION_SNAPSHOT,SELECT * FROM DEMO_ANALYTICS.DEMO_PUBLISHED.EDW_INVENTORY_SEGMENTATION_SNAPSHOT,49,WIP_AGING_CURRENT_QUANTITY,NUMBER,
EDW_INVENTORY_SEGMENTATION_SNAPSHOT,DEMO_PUBLISHED,TABLE_OR_VIEW,DEMO_ANALYTICS,DEMO_PUBLISHED,EDW_INVENTORY_SEGMENTATION_SNAPSHOT,SELECT * FROM DEMO_ANALYTICS.DEMO_PUBLISHED.EDW_INVENTORY_SEGMENTATION_SNAPSHOT,50,WIP_AGING_1_14_QUANTITY,NUMBER,
EDW_INVENTORY_SEGMENTATION_SNAPSHOT,DEMO_PUBLISHED,TABLE_OR_VIEW,DEMO_ANALYTICS,DEMO_PUBLISHED,EDW_INVENTORY_SEGMENTATION_SNAPSHOT,SELECT * FROM DEMO_ANALYTICS.DEMO_PUBLISHED.EDW_INVENTORY_SEGMENTATION_SNAPSHOT,51,WIP_AGING_15_44_QUANTITY,NUMBER,
EDW_INVENTORY_SEGMENTATION_SNAPSHOT,DEMO_PUBLISHED,TABLE_OR_VIEW,DEMO_ANALYTICS,DEMO_PUBLISHED,EDW_INVENTORY_SEGMENTATION_SNAPSHOT,SELECT * FROM DEMO_ANALYTICS.DEMO_PUBLISHED.EDW_INVENTORY_SEGMENTATION_SNAPSHOT,52,WIP_AGING_45_119_QUANTITY,NUMBER,
EDW_INVENTORY_SEGMENTATION_SNAPSHOT,DEMO_PUBLISHED,TABLE_OR_VIEW,DEMO_ANALYTICS,DEMO_PUBLISHED,EDW_INVENTORY_SEGMENTATION_SNAPSHOT,SELECT * FROM DEMO_ANALYTICS.DEMO_PUBLISHED.EDW_INVENTORY_SEGMENTATION_SNAPSHOT,53,WIP_AGING_120_179_QUANTITY,NUMBER,
EDW_INVENTORY_SEGMENTATION_SNAPSHOT,DEMO_PUBLISHED,TABLE_OR_VIEW,DEMO_ANALYTICS,DEMO_PUBLISHED,EDW_INVENTORY_SEGMENTATION_SNAPSHOT,SELECT * FROM DEMO_ANALYTICS.DEMO_PUBLISHED.EDW_INVENTORY_SEGMENTATION_SNAPSHOT,54,WIP_AGING_GT180_QUANTITY,NUMBER,
EDW_INVENTORY_SEGMENTATION_SNAPSHOT,DEMO_PUBLISHED,TABLE_OR_VIEW,DEMO_ANALYTICS,DEMO_PUBLISHED,EDW_INVENTORY_SEGMENTATION_SNAPSHOT,SELECT * FROM DEMO_ANALYTICS.DEMO_PUBLISHED.EDW_INVENTORY_SEGMENTATION_SNAPSHOT,55,WIP_HFQA_QUANTITY,NUMBER,
EDW_INVENTORY_SEGMENTATION_SNAPSHOT,DEMO_PUBLISHED,TABLE_OR_VIEW,DEMO_ANALYTICS,DEMO_PUBLISHED,EDW_INVENTORY_SEGMENTATION_SNAPSHOT,SELECT * FROM DEMO_ANALYTICS.DEMO_PUBLISHED.EDW_INVENTORY_SEGMENTATION_SNAPSHOT,56,WIP_REWORK_QUANTITY,NUMBER,
EDW_INVENTORY_SEGMENTATION_SNAPSHOT,DEMO_PUBLISHED,TABLE_OR_VIEW,DEMO_ANALYTICS,DEMO_PUBLISHED,EDW_INVENTORY_SEGMENTATION_SNAPSHOT,SELECT * FROM DEMO_ANALYTICS.DEMO_PUBLISHED.EDW_INVENTORY_SEGMENTATION_SNAPSHOT,57,WIP_CUSTOMER_RETURN_QUANTITY,NUMBER,
EDW_INVENTORY_SEGMENTATION_SNAPSHOT,DEMO_PUBLISHED,TABLE_OR_VIEW,DEMO_ANALYTICS,DEMO_PUBLISHED,EDW_INVENTORY_SEGMENTATION_SNAPSHOT,SELECT * FROM DEMO_ANALYTICS.DEMO_PUBLISHED.EDW_INVENTORY_SEGMENTATION_SNAPSHOT,58,WIP_NPI_QUANTITY,NUMBER,
EDW_INVENTORY_SEGMENTATION_SNAPSHOT,DEMO_PUBLISHED,TABLE_OR_VIEW,DEMO_ANALYTICS,DEMO_PUBLISHED,EDW_INVENTORY_SEGMENTATION_SNAPSHOT,SELECT * FROM DEMO_ANALYTICS.DEMO_PUBLISHED.EDW_INVENTORY_SEGMENTATION_SNAPSHOT,59,WIP_PROJECT_ASSIGNMENT_QUANTITY,NUMBER,
EDW_INVENTORY_SEGMENTATION_SNAPSHOT,DEMO_PUBLISHED,TABLE_OR_VIEW,DEMO_ANALYTICS,DEMO_PUBLISHED,EDW_INVENTORY_SEGMENTATION_SNAPSHOT,SELECT * FROM DEMO_ANALYTICS.DEMO_PUBLISHED.EDW_INVENTORY_SEGMENTATION_SNAPSHOT,60,WIP_REGULAR_QUANTITY,NUMBER,
EDW_INVENTORY_SEGMENTATION_SNAPSHOT,DEMO_PUBLISHED,TABLE_OR_VIEW,DEMO_ANALYTICS,DEMO_PUBLISHED,EDW_INVENTORY_SEGMENTATION_SNAPSHOT,SELECT * FROM DEMO_ANALYTICS.DEMO_PUBLISHED.EDW_INVENTORY_SEGMENTATION_SNAPSHOT,61,WIP_NON_STANDARD_QUANTITY,NUMBER,
EDW_INVENTORY_SEGMENTATION_SNAPSHOT,DEMO_PUBLISHED,TABLE_OR_VIEW,DEMO_ANALYTICS,DEMO_PUBLISHED,EDW_INVENTORY_SEGMENTATION_SNAPSHOT,SELECT * FROM DEMO_ANALYTICS.DEMO_PUBLISHED.EDW_INVENTORY_SEGMENTATION_SNAPSHOT,62,UNRESTRICTED_STOCK_VALUE_USD,NUMBER,
EDW_INVENTORY_SEGMENTATION_SNAPSHOT,DEMO_PUBLISHED,TABLE_OR_VIEW,DEMO_ANALYTICS,DEMO_PUBLISHED,EDW_INVENTORY_SEGMENTATION_SNAPSHOT,SELECT * FROM DEMO_ANALYTICS.DEMO_PUBLISHED.EDW_INVENTORY_SEGMENTATION_SNAPSHOT,63,QUALITY_INSPECTION_STOCK_VALUE_USD,NUMBER,
EDW_INVENTORY_SEGMENTATION_SNAPSHOT,DEMO_PUBLISHED,TABLE_OR_VIEW,DEMO_ANALYTICS,DEMO_PUBLISHED,EDW_INVENTORY_SEGMENTATION_SNAPSHOT,SELECT * FROM DEMO_ANALYTICS.DEMO_PUBLISHED.EDW_INVENTORY_SEGMENTATION_SNAPSHOT,64,TOTAL_RESTRICTED_STOCK_VALUE_USD,NUMBER,
EDW_INVENTORY_SEGMENTATION_SNAPSHOT,DEMO_PUBLISHED,TABLE_OR_VIEW,DEMO_ANALYTICS,DEMO_PUBLISHED,EDW_INVENTORY_SEGMENTATION_SNAPSHOT,SELECT * FROM DEMO_ANALYTICS.DEMO_PUBLISHED.EDW_INVENTORY_SEGMENTATION_SNAPSHOT,65,BLOCKED_STOCK_VALUE_USD,NUMBER,
EDW_INVENTORY_SEGMENTATION_SNAPSHOT,DEMO_PUBLISHED,TABLE_OR_VIEW,DEMO_ANALYTICS,DEMO_PUBLISHED,EDW_INVENTORY_SEGMENTATION_SNAPSHOT,SELECT * FROM DEMO_ANALYTICS.DEMO_PUBLISHED.EDW_INVENTORY_SEGMENTATION_SNAPSHOT,66,VENDOR_CONSIGNMENT_STOCK_VALUE_USD,NUMBER,
EDW_INVENTORY_SEGMENTATION_SNAPSHOT,DEMO_PUBLISHED,TABLE_OR_VIEW,DEMO_ANALYTICS,DEMO_PUBLISHED,EDW_INVENTORY_SEGMENTATION_SNAPSHOT,SELECT * FROM DEMO_ANALYTICS.DEMO_PUBLISHED.EDW_INVENTORY_SEGMENTATION_SNAPSHOT,67,TRANSFER_STOCK_VALUE_USD,NUMBER,
EDW_INVENTORY_SEGMENTATION_SNAPSHOT,DEMO_PUBLISHED,TABLE_OR_VIEW,DEMO_ANALYTICS,DEMO_PUBLISHED,EDW_INVENTORY_SEGMENTATION_SNAPSHOT,SELECT * FROM DEMO_ANALYTICS.DEMO_PUBLISHED.EDW_INVENTORY_SEGMENTATION_SNAPSHOT,68,ASN_STOCK_VALUE_USD,NUMBER,
EDW_INVENTORY_SEGMENTATION_SNAPSHOT,DEMO_PUBLISHED,TABLE_OR_VIEW,DEMO_ANALYTICS,DEMO_PUBLISHED,EDW_INVENTORY_SEGMENTATION_SNAPSHOT,SELECT * FROM DEMO_ANALYTICS.DEMO_PUBLISHED.EDW_INVENTORY_SEGMENTATION_SNAPSHOT,69,IN_TRANSIT_STO_STOCK_VALUE_USD,NUMBER,
EDW_INVENTORY_SEGMENTATION_SNAPSHOT,DEMO_PUBLISHED,TABLE_OR_VIEW,DEMO_ANALYTICS,DEMO_PUBLISHED,EDW_INVENTORY_SEGMENTATION_SNAPSHOT,SELECT * FROM DEMO_ANALYTICS.DEMO_PUBLISHED.EDW_INVENTORY_SEGMENTATION_SNAPSHOT,70,CUSTOMER_RETURNED_STOCK_VALUE_USD,NUMBER,
EDW_INVENTORY_SEGMENTATION_SNAPSHOT,DEMO_PUBLISHED,TABLE_OR_VIEW,DEMO_ANALYTICS,DEMO_PUBLISHED,EDW_INVENTORY_SEGMENTATION_SNAPSHOT,SELECT * FROM DEMO_ANALYTICS.DEMO_PUBLISHED.EDW_INVENTORY_SEGMENTATION_SNAPSHOT,71,MAM_STRATEGIC_INV_STOCK_VALUE_USD,NUMBER,
EDW_INVENTORY_SEGMENTATION_SNAPSHOT,DEMO_PUBLISHED,TABLE_OR_VIEW,DEMO_ANALYTICS,DEMO_PUBLISHED,EDW_INVENTORY_SEGMENTATION_SNAPSHOT,SELECT * FROM DEMO_ANALYTICS.DEMO_PUBLISHED.EDW_INVENTORY_SEGMENTATION_SNAPSHOT,72,OE_DROP_SHIP_PASSTHRU_STOCK_VALUE_USD,NUMBER,
EDW_INVENTORY_SEGMENTATION_SNAPSHOT,DEMO_PUBLISHED,TABLE_OR_VIEW,DEMO_ANALYTICS,DEMO_PUBLISHED,EDW_INVENTORY_SEGMENTATION_SNAPSHOT,SELECT * FROM DEMO_ANALYTICS.DEMO_PUBLISHED.EDW_INVENTORY_SEGMENTATION_SNAPSHOT,73,PROJECT_STOCK_VALUE_USD,NUMBER,
EDW_INVENTORY_SEGMENTATION_SNAPSHOT,DEMO_PUBLISHED,TABLE_OR_VIEW,DEMO_ANALYTICS,DEMO_PUBLISHED,EDW_INVENTORY_SEGMENTATION_SNAPSHOT,SELECT * FROM DEMO_ANALYTICS.DEMO_PUBLISHED.EDW_INVENTORY_SEGMENTATION_SNAPSHOT,74,DEAD_STOCK_VALUE_USD,NUMBER,
EDW_INVENTORY_SEGMENTATION_SNAPSHOT,DEMO_PUBLISHED,TABLE_OR_VIEW,DEMO_ANALYTICS,DEMO_PUBLISHED,EDW_INVENTORY_SEGMENTATION_SNAPSHOT,SELECT * FROM DEMO_ANALYTICS.DEMO_PUBLISHED.EDW_INVENTORY_SEGMENTATION_SNAPSHOT,75,CUSTOMER_CONSIGNMENT_STOCK_VALUE_USD,NUMBER,
EDW_INVENTORY_SEGMENTATION_SNAPSHOT,DEMO_PUBLISHED,TABLE_OR_VIEW,DEMO_ANALYTICS,DEMO_PUBLISHED,EDW_INVENTORY_SEGMENTATION_SNAPSHOT,SELECT * FROM DEMO_ANALYTICS.DEMO_PUBLISHED.EDW_INVENTORY_SEGMENTATION_SNAPSHOT,76,PROVIDED_TO_VENDOR_STOCK_VALUE_USD,NUMBER,
EDW_INVENTORY_SEGMENTATION_SNAPSHOT,DEMO_PUBLISHED,TABLE_OR_VIEW,DEMO_ANALYTICS,DEMO_PUBLISHED,EDW_INVENTORY_SEGMENTATION_SNAPSHOT,SELECT * FROM DEMO_ANALYTICS.DEMO_PUBLISHED.EDW_INVENTORY_SEGMENTATION_SNAPSHOT,77,SAFETY_STOCK_SETTING_VALUE_USD,NUMBER,
EDW_INVENTORY_SEGMENTATION_SNAPSHOT,DEMO_PUBLISHED,TABLE_OR_VIEW,DEMO_ANALYTICS,DEMO_PUBLISHED,EDW_INVENTORY_SEGMENTATION_SNAPSHOT,SELECT * FROM DEMO_ANALYTICS.DEMO_PUBLISHED.EDW_INVENTORY_SEGMENTATION_SNAPSHOT,78,SAFETY_STOCK_OH_VALUE_USD,NUMBER,
EDW_INVENTORY_SEGMENTATION_SNAPSHOT,DEMO_PUBLISHED,TABLE_OR_VIEW,DEMO_ANALYTICS,DEMO_PUBLISHED,EDW_INVENTORY_SEGMENTATION_SNAPSHOT,SELECT * FROM DEMO_ANALYTICS.DEMO_PUBLISHED.EDW_INVENTORY_SEGMENTATION_SNAPSHOT,79,TOTAL_MARD_VALUE_USD,NUMBER,
EDW_INVENTORY_SEGMENTATION_SNAPSHOT,DEMO_PUBLISHED,TABLE_OR_VIEW,DEMO_ANALYTICS,DEMO_PUBLISHED,EDW_INVENTORY_SEGMENTATION_SNAPSHOT,SELECT * FROM DEMO_ANALYTICS.DEMO_PUBLISHED.EDW_INVENTORY_SEGMENTATION_SNAPSHOT,80,WIP_AGING_CURRENT_COST,NUMBER,
EDW_INVENTORY_SEGMENTATION_SNAPSHOT,DEMO_PUBLISHED,TABLE_OR_VIEW,DEMO_ANALYTICS,DEMO_PUBLISHED,EDW_INVENTORY_SEGMENTATION_SNAPSHOT,SELECT * FROM DEMO_ANALYTICS.DEMO_PUBLISHED.EDW_INVENTORY_SEGMENTATION_SNAPSHOT,81,WIP_AGING_1_14_COST,NUMBER,
EDW_INVENTORY_SEGMENTATION_SNAPSHOT,DEMO_PUBLISHED,TABLE_OR_VIEW,DEMO_ANALYTICS,DEMO_PUBLISHED,EDW_INVENTORY_SEGMENTATION_SNAPSHOT,SELECT * FROM DEMO_ANALYTICS.DEMO_PUBLISHED.EDW_INVENTORY_SEGMENTATION_SNAPSHOT,82,WIP_AGING_15_44_COST,NUMBER,
EDW_INVENTORY_SEGMENTATION_SNAPSHOT,DEMO_PUBLISHED,TABLE_OR_VIEW,DEMO_ANALYTICS,DEMO_PUBLISHED,EDW_INVENTORY_SEGMENTATION_SNAPSHOT,SELECT * FROM DEMO_ANALYTICS.DEMO_PUBLISHED.EDW_INVENTORY_SEGMENTATION_SNAPSHOT,83,WIP_AGING_45_119_COST,NUMBER,
EDW_INVENTORY_SEGMENTATION_SNAPSHOT,DEMO_PUBLISHED,TABLE_OR_VIEW,DEMO_ANALYTICS,DEMO_PUBLISHED,EDW_INVENTORY_SEGMENTATION_SNAPSHOT,SELECT * FROM DEMO_ANALYTICS.DEMO_PUBLISHED.EDW_INVENTORY_SEGMENTATION_SNAPSHOT,84,WIP_AGING_120_179_COST,NUMBER,
EDW_INVENTORY_SEGMENTATION_SNAPSHOT,DEMO_PUBLISHED,TABLE_OR_VIEW,DEMO_ANALYTICS,DEMO_PUBLISHED,EDW_INVENTORY_SEGMENTATION_SNAPSHOT,SELECT * FROM DEMO_ANALYTICS.DEMO_PUBLISHED.EDW_INVENTORY_SEGMENTATION_SNAPSHOT,85,WIP_AGING_GT180_COST,NUMBER,
EDW_INVENTORY_SEGMENTATION_SNAPSHOT,DEMO_PUBLISHED,TABLE_OR_VIEW,DEMO_ANALYTICS,DEMO_PUBLISHED,EDW_INVENTORY_SEGMENTATION_SNAPSHOT,SELECT * FROM DEMO_ANALYTICS.DEMO_PUBLISHED.EDW_INVENTORY_SEGMENTATION_SNAPSHOT,86,WIP_COST_HFQA,NUMBER,
EDW_INVENTORY_SEGMENTATION_SNAPSHOT,DEMO_PUBLISHED,TABLE_OR_VIEW,DEMO_ANALYTICS,DEMO_PUBLISHED,EDW_INVENTORY_SEGMENTATION_SNAPSHOT,SELECT * FROM DEMO_ANALYTICS.DEMO_PUBLISHED.EDW_INVENTORY_SEGMENTATION_SNAPSHOT,87,WIP_COST_REWORK,NUMBER,
EDW_INVENTORY_SEGMENTATION_SNAPSHOT,DEMO_PUBLISHED,TABLE_OR_VIEW,DEMO_ANALYTICS,DEMO_PUBLISHED,EDW_INVENTORY_SEGMENTATION_SNAPSHOT,SELECT * FROM DEMO_ANALYTICS.DEMO_PUBLISHED.EDW_INVENTORY_SEGMENTATION_SNAPSHOT,88,WIP_COST_CUSTOMER_RETURN,NUMBER,
EDW_INVENTORY_SEGMENTATION_SNAPSHOT,DEMO_PUBLISHED,TABLE_OR_VIEW,DEMO_ANALYTICS,DEMO_PUBLISHED,EDW_INVENTORY_SEGMENTATION_SNAPSHOT,SELECT * FROM DEMO_ANALYTICS.DEMO_PUBLISHED.EDW_INVENTORY_SEGMENTATION_SNAPSHOT,89,WIP_COST_NPI,NUMBER,
EDW_INVENTORY_SEGMENTATION_SNAPSHOT,DEMO_PUBLISHED,TABLE_OR_VIEW,DEMO_ANALYTICS,DEMO_PUBLISHED,EDW_INVENTORY_SEGMENTATION_SNAPSHOT,SELECT * FROM DEMO_ANALYTICS.DEMO_PUBLISHED.EDW_INVENTORY_SEGMENTATION_SNAPSHOT,90,WIP_COST_PROJECT_ASSIGNMENT,NUMBER,
EDW_INVENTORY_SEGMENTATION_SNAPSHOT,DEMO_PUBLISHED,TABLE_OR_VIEW,DEMO_ANALYTICS,DEMO_PUBLISHED,EDW_INVENTORY_SEGMENTATION_SNAPSHOT,SELECT * FROM DEMO_ANALYTICS.DEMO_PUBLISHED.EDW_INVENTORY_SEGMENTATION_SNAPSHOT,91,WIP_COST_REGULAR,NUMBER,
EDW_INVENTORY_SEGMENTATION_SNAPSHOT,DEMO_PUBLISHED,TABLE_OR_VIEW,DEMO_ANALYTICS,DEMO_PUBLISHED,EDW_INVENTORY_SEGMENTATION_SNAPSHOT,SELECT * FROM DEMO_ANALYTICS.DEMO_PUBLISHED.EDW_INVENTORY_SEGMENTATION_SNAPSHOT,92,WIP_COST_NON_STANDARD,NUMBER,
EDW_INVENTORY_SEGMENTATION_SNAPSHOT,DEMO_PUBLISHED,TABLE_OR_VIEW,DEMO_ANALYTICS,DEMO_PUBLISHED,EDW_INVENTORY_SEGMENTATION_SNAPSHOT,SELECT * FROM DEMO_ANALYTICS.DEMO_PUBLISHED.EDW_INVENTORY_SEGMENTATION_SNAPSHOT,93,COVERAGE_PROFILE,TEXT,
EDW_INVENTORY_SEGMENTATION_SNAPSHOT,DEMO_PUBLISHED,TABLE_OR_VIEW,DEMO_ANALYTICS,DEMO_PUBLISHED,EDW_INVENTORY_SEGMENTATION_SNAPSHOT,SELECT * FROM DEMO_ANALYTICS.DEMO_PUBLISHED.EDW_INVENTORY_SEGMENTATION_SNAPSHOT,94,COVERAGE_PROFLE_DAYS,NUMBER,
EDW_INVENTORY_SEGMENTATION_SNAPSHOT,DEMO_PUBLISHED,TABLE_OR_VIEW,DEMO_ANALYTICS,DEMO_PUBLISHED,EDW_INVENTORY_SEGMENTATION_SNAPSHOT,SELECT * FROM DEMO_ANALYTICS.DEMO_PUBLISHED.EDW_INVENTORY_SEGMENTATION_SNAPSHOT,95,COVERAGE_PROFILE_UNITS,NUMBER,
EDW_INVENTORY_SEGMENTATION_SNAPSHOT,DEMO_PUBLISHED,TABLE_OR_VIEW,DEMO_ANALYTICS,DEMO_PUBLISHED,EDW_INVENTORY_SEGMENTATION_SNAPSHOT,SELECT * FROM DEMO_ANALYTICS.DEMO_PUBLISHED.EDW_INVENTORY_SEGMENTATION_SNAPSHOT,96,OD_QTY,NUMBER,
EDW_INVENTORY_SEGMENTATION_SNAPSHOT,DEMO_PUBLISHED,TABLE_OR_VIEW,DEMO_ANALYTICS,DEMO_PUBLISHED,EDW_INVENTORY_SEGMENTATION_SNAPSHOT,SELECT * FROM DEMO_ANALYTICS.DEMO_PUBLISHED.EDW_INVENTORY_SEGMENTATION_SNAPSHOT,97,CURRENT_ON_HAND_QTY_UNITS,NUMBER,
EDW_INVENTORY_SEGMENTATION_SNAPSHOT,DEMO_PUBLISHED,TABLE_OR_VIEW,DEMO_ANALYTICS,DEMO_PUBLISHED,EDW_INVENTORY_SEGMENTATION_SNAPSHOT,SELECT * FROM DEMO_ANALYTICS.DEMO_PUBLISHED.EDW_INVENTORY_SEGMENTATION_SNAPSHOT,98,FUTURE_TWELVE_MONTH_DEMAND,NUMBER,
EDW_INVENTORY_SEGMENTATION_SNAPSHOT,DEMO_PUBLISHED,TABLE_OR_VIEW,DEMO_ANALYTICS,DEMO_PUBLISHED,EDW_INVENTORY_SEGMENTATION_SNAPSHOT,SELECT * FROM DEMO_ANALYTICS.DEMO_PUBLISHED.EDW_INVENTORY_SEGMENTATION_SNAPSHOT,99,ROLLING_YEAR_CONSUMPTION,NUMBER,
EDW_INVENTORY_SEGMENTATION_SNAPSHOT,DEMO_PUBLISHED,TABLE_OR_VIEW,DEMO_ANALYTICS,DEMO_PUBLISHED,EDW_INVENTORY_SEGMENTATION_SNAPSHOT,SELECT * FROM DEMO_ANALYTICS.DEMO_PUBLISHED.EDW_INVENTORY_SEGMENTATION_SNAPSHOT,100,FULL_12_MTH_TOT_CNSUMTN_QTY,NUMBER,
EDW_INVENTORY_SEGMENTATION_SNAPSHOT,DEMO_PUBLISHED,TABLE_OR_VIEW,DEMO_ANALYTICS,DEMO_PUBLISHED,EDW_INVENTORY_SEGMENTATION_SNAPSHOT,SELECT * FROM DEMO_ANALYTICS.DEMO_PUBLISHED.EDW_INVENTORY_SEGMENTATION_SNAPSHOT,101,CURRENT_ABC,TEXT,
EDW_INVENTORY_SEGMENTATION_SNAPSHOT,DEMO_PUBLISHED,TABLE_OR_VIEW,DEMO_ANALYTICS,DEMO_PUBLISHED,EDW_INVENTORY_SEGMENTATION_SNAPSHOT,SELECT * FROM DEMO_ANALYTICS.DEMO_PUBLISHED.EDW_INVENTORY_SEGMENTATION_SNAPSHOT,102,CURRENT_XYZ,TEXT,
EDW_INVENTORY_SEGMENTATION_SNAPSHOT,DEMO_PUBLISHED,TABLE_OR_VIEW,DEMO_ANALYTICS,DEMO_PUBLISHED,EDW_INVENTORY_SEGMENTATION_SNAPSHOT,SELECT * FROM DEMO_ANALYTICS.DEMO_PUBLISHED.EDW_INVENTORY_SEGMENTATION_SNAPSHOT,103,CURRENT_SAFETY_STOCK_UNITS,NUMBER,
EDW_INVENTORY_SEGMENTATION_SNAPSHOT,DEMO_PUBLISHED,TABLE_OR_VIEW,DEMO_ANALYTICS,DEMO_PUBLISHED,EDW_INVENTORY_SEGMENTATION_SNAPSHOT,SELECT * FROM DEMO_ANALYTICS.DEMO_PUBLISHED.EDW_INVENTORY_SEGMENTATION_SNAPSHOT,104,CURRENT_PLANNING_METHOD,TEXT,
EDW_INVENTORY_SEGMENTATION_SNAPSHOT,DEMO_PUBLISHED,TABLE_OR_VIEW,DEMO_ANALYTICS,DEMO_PUBLISHED,EDW_INVENTORY_SEGMENTATION_SNAPSHOT,SELECT * FROM DEMO_ANALYTICS.DEMO_PUBLISHED.EDW_INVENTORY_SEGMENTATION_SNAPSHOT,105,ROLLING_YEAR_DEMAND,NUMBER,
EDW_INVENTORY_SEGMENTATION_SNAPSHOT,DEMO_PUBLISHED,TABLE_OR_VIEW,DEMO_ANALYTICS,DEMO_PUBLISHED,EDW_INVENTORY_SEGMENTATION_SNAPSHOT,SELECT * FROM DEMO_ANALYTICS.DEMO_PUBLISHED.EDW_INVENTORY_SEGMENTATION_SNAPSHOT,106,FL_CURRENT_ABC,TEXT,
EDW_INVENTORY_SEGMENTATION_SNAPSHOT,DEMO_PUBLISHED,TABLE_OR_VIEW,DEMO_ANALYTICS,DEMO_PUBLISHED,EDW_INVENTORY_SEGMENTATION_SNAPSHOT,SELECT * FROM DEMO_ANALYTICS.DEMO_PUBLISHED.EDW_INVENTORY_SEGMENTATION_SNAPSHOT,107,FL_CURRENT_XYZ,TEXT,
EDW_INVENTORY_SEGMENTATION_SNAPSHOT,DEMO_PUBLISHED,TABLE_OR_VIEW,DEMO_ANALYTICS,DEMO_PUBLISHED,EDW_INVENTORY_SEGMENTATION_SNAPSHOT,SELECT * FROM DEMO_ANALYTICS.DEMO_PUBLISHED.EDW_INVENTORY_SEGMENTATION_SNAPSHOT,108,AVERAGE_DAILY_DEMAND,NUMBER,
EDW_INVENTORY_SEGMENTATION_SNAPSHOT,DEMO_PUBLISHED,TABLE_OR_VIEW,DEMO_ANALYTICS,DEMO_PUBLISHED,EDW_INVENTORY_SEGMENTATION_SNAPSHOT,SELECT * FROM DEMO_ANALYTICS.DEMO_PUBLISHED.EDW_INVENTORY_SEGMENTATION_SNAPSHOT,109,MIN_VALUE_TRAPPED_INVENTORY,NUMBER,
EDW_INVENTORY_SEGMENTATION_SNAPSHOT,DEMO_PUBLISHED,TABLE_OR_VIEW,DEMO_ANALYTICS,DEMO_PUBLISHED,EDW_INVENTORY_SEGMENTATION_SNAPSHOT,SELECT * FROM DEMO_ANALYTICS.DEMO_PUBLISHED.EDW_INVENTORY_SEGMENTATION_SNAPSHOT,110,TRAPPED_INVENTORY_QTY,NUMBER,
EDW_INVENTORY_SEGMENTATION_SNAPSHOT,DEMO_PUBLISHED,TABLE_OR_VIEW,DEMO_ANALYTICS,DEMO_PUBLISHED,EDW_INVENTORY_SEGMENTATION_SNAPSHOT,SELECT * FROM DEMO_ANALYTICS.DEMO_PUBLISHED.EDW_INVENTORY_SEGMENTATION_SNAPSHOT,111,RANGE_OF_COVERAGE,NUMBER,
EDW_INVENTORY_SEGMENTATION_SNAPSHOT,DEMO_PUBLISHED,TABLE_OR_VIEW,DEMO_ANALYTICS,DEMO_PUBLISHED,EDW_INVENTORY_SEGMENTATION_SNAPSHOT,SELECT * FROM DEMO_ANALYTICS.DEMO_PUBLISHED.EDW_INVENTORY_SEGMENTATION_SNAPSHOT,112,TOTAL_BUFFER,NUMBER,
EDW_INVENTORY_SEGMENTATION_SNAPSHOT,DEMO_PUBLISHED,TABLE_OR_VIEW,DEMO_ANALYTICS,DEMO_PUBLISHED,EDW_INVENTORY_SEGMENTATION_SNAPSHOT,SELECT * FROM DEMO_ANALYTICS.DEMO_PUBLISHED.EDW_INVENTORY_SEGMENTATION_SNAPSHOT,113,EXCESS,NUMBER,
EDW_MATL_LOC_DEMAND_INFO,DEMO_PUBLISHED,TABLE_OR_VIEW,DEMO_ANALYTICS,DEMO_PUBLISHED,EDW_MATL_LOC_DEMAND_INFO,SELECT * FROM DEMO_ANALYTICS.DEMO_PUBLISHED.EDW_MATL_LOC_DEMAND_INFO,1,SRC,TEXT,
EDW_MATL_LOC_DEMAND_INFO,DEMO_PUBLISHED,TABLE_OR_VIEW,DEMO_ANALYTICS,DEMO_PUBLISHED,EDW_MATL_LOC_DEMAND_INFO,SELECT * FROM DEMO_ANALYTICS.DEMO_PUBLISHED.EDW_MATL_LOC_DEMAND_INFO,2,MATL_ID,TEXT,
EDW_MATL_LOC_DEMAND_INFO,DEMO_PUBLISHED,TABLE_OR_VIEW,DEMO_ANALYTICS,DEMO_PUBLISHED,EDW_MATL_LOC_DEMAND_INFO,SELECT * FROM DEMO_ANALYTICS.DEMO_PUBLISHED.EDW_MATL_LOC_DEMAND_INFO,3,PLANT_ID,TEXT,
EDW_MATL_LOC_DEMAND_INFO,DEMO_PUBLISHED,TABLE_OR_VIEW,DEMO_ANALYTICS,DEMO_PUBLISHED,EDW_MATL_LOC_DEMAND_INFO,SELECT * FROM DEMO_ANALYTICS.DEMO_PUBLISHED.EDW_MATL_LOC_DEMAND_INFO,4,TAS_SRC_ID,TEXT,
EDW_MATL_LOC_DEMAND_INFO,DEMO_PUBLISHED,TABLE_OR_VIEW,DEMO_ANALYTICS,DEMO_PUBLISHED,EDW_MATL_LOC_DEMAND_INFO,SELECT * FROM DEMO_ANALYTICS.DEMO_PUBLISHED.EDW_MATL_LOC_DEMAND_INFO,5,BASE_UOM_CD,TEXT,
EDW_MATL_LOC_DEMAND_INFO,DEMO_PUBLISHED,TABLE_OR_VIEW,DEMO_ANALYTICS,DEMO_PUBLISHED,EDW_MATL_LOC_DEMAND_INFO,SELECT * FROM DEMO_ANALYTICS.DEMO_PUBLISHED.EDW_MATL_LOC_DEMAND_INFO,6,OVRDU_DEMAND_QTY,NUMBER,
EDW_MATL_LOC_DEMAND_INFO,DEMO_PUBLISHED,TABLE_OR_VIEW,DEMO_ANALYTICS,DEMO_PUBLISHED,EDW_MATL_LOC_DEMAND_INFO,SELECT * FROM DEMO_ANALYTICS.DEMO_PUBLISHED.EDW_MATL_LOC_DEMAND_INFO,7,RLNG_96_DYS_DEMAND_QTY,NUMBER,
EDW_MATL_LOC_DEMAND_INFO,DEMO_PUBLISHED,TABLE_OR_VIEW,DEMO_ANALYTICS,DEMO_PUBLISHED,EDW_MATL_LOC_DEMAND_INFO,SELECT * FROM DEMO_ANALYTICS.DEMO_PUBLISHED.EDW_MATL_LOC_DEMAND_INFO,8,RLNG_192_DYS_DEMAND_QTY,NUMBER,
EDW_MATL_LOC_DEMAND_INFO,DEMO_PUBLISHED,TABLE_OR_VIEW,DEMO_ANALYTICS,DEMO_PUBLISHED,EDW_MATL_LOC_DEMAND_INFO,SELECT * FROM DEMO_ANALYTICS.DEMO_PUBLISHED.EDW_MATL_LOC_DEMAND_INFO,9,RLNG_365_DYS_DEMAND_QTY,NUMBER,
EDW_MATL_LOC_DEMAND_INFO,DEMO_PUBLISHED,TABLE_OR_VIEW,DEMO_ANALYTICS,DEMO_PUBLISHED,EDW_MATL_LOC_DEMAND_INFO,SELECT * FROM DEMO_ANALYTICS.DEMO_PUBLISHED.EDW_MATL_LOC_DEMAND_INFO,10,RLNG_4MNTH_DEMAND_QTY,NUMBER,
EDW_MATL_LOC_DEMAND_INFO,DEMO_PUBLISHED,TABLE_OR_VIEW,DEMO_ANALYTICS,DEMO_PUBLISHED,EDW_MATL_LOC_DEMAND_INFO,SELECT * FROM DEMO_ANALYTICS.DEMO_PUBLISHED.EDW_MATL_LOC_DEMAND_INFO,11,DWH_CHANGE_TS,TIMESTAMP_NTZ,
EDW_MATL_LOC_DEMAND_INFO,DEMO_PUBLISHED,TABLE_OR_VIEW,DEMO_ANALYTICS,DEMO_PUBLISHED,EDW_MATL_LOC_DEMAND_INFO,SELECT * FROM DEMO_ANALYTICS.DEMO_PUBLISHED.EDW_MATL_LOC_DEMAND_INFO,12,RLNG_96_DYS_PICK_CNT,NUMBER,
EDW_MATL_LOC_DEMAND_INFO,DEMO_PUBLISHED,TABLE_OR_VIEW,DEMO_ANALYTICS,DEMO_PUBLISHED,EDW_MATL_LOC_DEMAND_INFO,SELECT * FROM DEMO_ANALYTICS.DEMO_PUBLISHED.EDW_MATL_LOC_DEMAND_INFO,13,RLNG_192_DYS_PICK_CNT,NUMBER,
EDW_MATL_LOC_DEMAND_INFO,DEMO_PUBLISHED,TABLE_OR_VIEW,DEMO_ANALYTICS,DEMO_PUBLISHED,EDW_MATL_LOC_DEMAND_INFO,SELECT * FROM DEMO_ANALYTICS.DEMO_PUBLISHED.EDW_MATL_LOC_DEMAND_INFO,14,RLNG_365_DYS_PICK_CNT,NUMBER,
EDW_MATL_LOC_DEMAND_INFO,DEMO_PUBLISHED,TABLE_OR_VIEW,DEMO_ANALYTICS,DEMO_PUBLISHED,EDW_MATL_LOC_DEMAND_INFO,SELECT * FROM DEMO_ANALYTICS.DEMO_PUBLISHED.EDW_MATL_LOC_DEMAND_INFO,15,RLNG_4MNTH_PICK_CNT,NUMBER,
EDW_MATL_LOC_DEMAND_INFO,DEMO_PUBLISHED,TABLE_OR_VIEW,DEMO_ANALYTICS,DEMO_PUBLISHED,EDW_MATL_LOC_DEMAND_INFO,SELECT * FROM DEMO_ANALYTICS.DEMO_PUBLISHED.EDW_MATL_LOC_DEMAND_INFO,16,AVG_12_MO_DEMAND_QTY,NUMBER,
EDW_MATL_LOC_DEMAND_INFO,DEMO_PUBLISHED,TABLE_OR_VIEW,DEMO_ANALYTICS,DEMO_PUBLISHED,EDW_MATL_LOC_DEMAND_INFO,SELECT * FROM DEMO_ANALYTICS.DEMO_PUBLISHED.EDW_MATL_LOC_DEMAND_INFO,17,AVG_365_DAY_DAILY_DEMAND_QTY,NUMBER,
EDW_MATL_LOC_DEMAND_INFO,DEMO_PUBLISHED,TABLE_OR_VIEW,DEMO_ANALYTICS,DEMO_PUBLISHED,EDW_MATL_LOC_DEMAND_INFO,SELECT * FROM DEMO_ANALYTICS.DEMO_PUBLISHED.EDW_MATL_LOC_DEMAND_INFO,18,STD_DEV_SAMP_365_DAYS,NUMBER,
EDW_MATL_LOC_DEMAND_INFO,DEMO_PUBLISHED,TABLE_OR_VIEW,DEMO_ANALYTICS,DEMO_PUBLISHED,EDW_MATL_LOC_DEMAND_INFO,SELECT * FROM DEMO_ANALYTICS.DEMO_PUBLISHED.EDW_MATL_LOC_DEMAND_INFO,19,DEMAND_WTD_QTY,NUMBER,
EDW_MATL_LOC_DEMAND_INFO,DEMO_PUBLISHED,TABLE_OR_VIEW,DEMO_ANALYTICS,DEMO_PUBLISHED,EDW_MATL_LOC_DEMAND_INFO,SELECT * FROM DEMO_ANALYTICS.DEMO_PUBLISHED.EDW_MATL_LOC_DEMAND_INFO,20,FULL_14_WEEK_AVG_DAILY_DEMAND_QTY,NUMBER,
EDW_MATL_LOC_DEMAND_INFO,DEMO_PUBLISHED,TABLE_OR_VIEW,DEMO_ANALYTICS,DEMO_PUBLISHED,EDW_MATL_LOC_DEMAND_INFO,SELECT * FROM DEMO_ANALYTICS.DEMO_PUBLISHED.EDW_MATL_LOC_DEMAND_INFO,21,FULL_14_WEEK_AVG_WKLY_DEMAND_QTY,NUMBER,
EDW_MATL_LOC_DEMAND_INFO,DEMO_PUBLISHED,TABLE_OR_VIEW,DEMO_ANALYTICS,DEMO_PUBLISHED,EDW_MATL_LOC_DEMAND_INFO,SELECT * FROM DEMO_ANALYTICS.DEMO_PUBLISHED.EDW_MATL_LOC_DEMAND_INFO,22,FULL_14_WEEK_DEMAND_STD_DEVATTN_VARNC,NUMBER,
EDW_MATL_LOC_DEMAND_INFO,DEMO_PUBLISHED,TABLE_OR_VIEW,DEMO_ANALYTICS,DEMO_PUBLISHED,EDW_MATL_LOC_DEMAND_INFO,SELECT * FROM DEMO_ANALYTICS.DEMO_PUBLISHED.EDW_MATL_LOC_DEMAND_INFO,23,FULL_52_WEEK_POSTV_WEEK_DEMAND_CNT,NUMBER,
EDW_MATL_LOC_DEMAND_INFO,DEMO_PUBLISHED,TABLE_OR_VIEW,DEMO_ANALYTICS,DEMO_PUBLISHED,EDW_MATL_LOC_DEMAND_INFO,SELECT * FROM DEMO_ANALYTICS.DEMO_PUBLISHED.EDW_MATL_LOC_DEMAND_INFO,24,AVG_WEEKLY_DEMAND_QTY,NUMBER,
/SAPLOM/MEH_MM01,col_raw_export,TABLE_OR_VIEW,COLLINS_RAW,COL_RAW_EXPORT,/SAPLOM/MEH_MM01,SELECT * FROM COLLINS_RAW.COL_RAW_EXPORT./SAPLOM/MEH_MM01,1,MANDT,TEXT,
/SAPLOM/MEH_MM01,col_raw_export,TABLE_OR_VIEW,COLLINS_RAW,COL_RAW_EXPORT,/SAPLOM/MEH_MM01,SELECT * FROM COLLINS_RAW.COL_RAW_EXPORT./SAPLOM/MEH_MM01,2,WERKS,TEXT,
/SAPLOM/MEH_MM01,col_raw_export,TABLE_OR_VIEW,COLLINS_RAW,COL_RAW_EXPORT,/SAPLOM/MEH_MM01,SELECT * FROM COLLINS_RAW.COL_RAW_EXPORT./SAPLOM/MEH_MM01,3,MATNR,TEXT,
/SAPLOM/MEH_MM01,col_raw_export,TABLE_OR_VIEW,COLLINS_RAW,COL_RAW_EXPORT,/SAPLOM/MEH_MM01,SELECT * FROM COLLINS_RAW.COL_RAW_EXPORT./SAPLOM/MEH_MM01,4,WAERS,TEXT,
/SAPLOM/MEH_MM01,col_raw_export,TABLE_OR_VIEW,COLLINS_RAW,COL_RAW_EXPORT,/SAPLOM/MEH_MM01,SELECT * FROM COLLINS_RAW.COL_RAW_EXPORT./SAPLOM/MEH_MM01,5,ABC,TEXT,
/SAPLOM/MEH_MM01,col_raw_export,TABLE_OR_VIEW,COLLINS_RAW,COL_RAW_EXPORT,/SAPLOM/MEH_MM01,SELECT * FROM COLLINS_RAW.COL_RAW_EXPORT./SAPLOM/MEH_MM01,6,ABCWERT,NUMBER,
/SAPLOM/MEH_MM01,col_raw_export,TABLE_OR_VIEW,COLLINS_RAW,COL_RAW_EXPORT,/SAPLOM/MEH_MM01,SELECT * FROM COLLINS_RAW.COL_RAW_EXPORT./SAPLOM/MEH_MM01,7,XYZ,TEXT,
/SAPLOM/MEH_MM01,col_raw_export,TABLE_OR_VIEW,COLLINS_RAW,COL_RAW_EXPORT,/SAPLOM/MEH_MM01,SELECT * FROM COLLINS_RAW.COL_RAW_EXPORT./SAPLOM/MEH_MM01,8,XYZMNGE,NUMBER,
/SAPLOM/MEH_MM01,col_raw_export,TABLE_OR_VIEW,COLLINS_RAW,COL_RAW_EXPORT,/SAPLOM/MEH_MM01,SELECT * FROM COLLINS_RAW.COL_RAW_EXPORT./SAPLOM/MEH_MM01,9,LMN,TEXT,
/SAPLOM/MEH_MM01,col_raw_export,TABLE_OR_VIEW,COLLINS_RAW,COL_RAW_EXPORT,/SAPLOM/MEH_MM01,SELECT * FROM COLLINS_RAW.COL_RAW_EXPORT./SAPLOM/MEH_MM01,10,EFG,TEXT,
/SAPLOM/MEH_MM01,col_raw_export,TABLE_OR_VIEW,COLLINS_RAW,COL_RAW_EXPORT,/SAPLOM/MEH_MM01,SELECT * FROM COLLINS_RAW.COL_RAW_EXPORT./SAPLOM/MEH_MM01,11,UVW,TEXT,
/SAPLOM/MEH_MM01,col_raw_export,TABLE_OR_VIEW,COLLINS_RAW,COL_RAW_EXPORT,/SAPLOM/MEH_MM01,SELECT * FROM COLLINS_RAW.COL_RAW_EXPORT./SAPLOM/MEH_MM01,12,PQR,TEXT,
/SAPLOM/MEH_MM01,col_raw_export,TABLE_OR_VIEW,COLLINS_RAW,COL_RAW_EXPORT,/SAPLOM/MEH_MM01,SELECT * FROM COLLINS_RAW.COL_RAW_EXPORT./SAPLOM/MEH_MM01,13,NEU,TEXT,
/SAPLOM/MEH_MM01,col_raw_export,TABLE_OR_VIEW,COLLINS_RAW,COL_RAW_EXPORT,/SAPLOM/MEH_MM01,SELECT * FROM COLLINS_RAW.COL_RAW_EXPORT./SAPLOM/MEH_MM01,14,K12,TEXT,
/SAPLOM/MEH_MM01,col_raw_export,TABLE_OR_VIEW,COLLINS_RAW,COL_RAW_EXPORT,/SAPLOM/MEH_MM01,SELECT * FROM COLLINS_RAW.COL_RAW_EXPORT./SAPLOM/MEH_MM01,15,DEL,TEXT,
/SAPLOM/MEH_MM01,col_raw_export,TABLE_OR_VIEW,COLLINS_RAW,COL_RAW_EXPORT,/SAPLOM/MEH_MM01,SELECT * FROM COLLINS_RAW.COL_RAW_EXPORT./SAPLOM/MEH_MM01,16,NURNULL,TEXT,
/SAPLOM/MEH_MM01,col_raw_export,TABLE_OR_VIEW,COLLINS_RAW,COL_RAW_EXPORT,/SAPLOM/MEH_MM01,SELECT * FROM COLLINS_RAW.COL_RAW_EXPORT./SAPLOM/MEH_MM01,17,NEGVERB,TEXT,
/SAPLOM/MEH_MM01,col_raw_export,TABLE_OR_VIEW,COLLINS_RAW,COL_RAW_EXPORT,/SAPLOM/MEH_MM01,SELECT * FROM COLLINS_RAW.COL_RAW_EXPORT./SAPLOM/MEH_MM01,18,CYCLE,TEXT,
/SAPLOM/MEH_MM01,col_raw_export,TABLE_OR_VIEW,COLLINS_RAW,COL_RAW_EXPORT,/SAPLOM/MEH_MM01,SELECT * FROM COLLINS_RAW.COL_RAW_EXPORT./SAPLOM/MEH_MM01,19,SAI,TEXT,
/SAPLOM/MEH_MM01,col_raw_export,TABLE_OR_VIEW,COLLINS_RAW,COL_RAW_EXPORT,/SAPLOM/MEH_MM01,SELECT * FROM COLLINS_RAW.COL_RAW_EXPORT./SAPLOM/MEH_MM01,20,STOCK,TEXT,
/SAPLOM/MEH_MM01,col_raw_export,TABLE_OR_VIEW,COLLINS_RAW,COL_RAW_EXPORT,/SAPLOM/MEH_MM01,SELECT * FROM COLLINS_RAW.COL_RAW_EXPORT./SAPLOM/MEH_MM01,21,MTSTORD,TEXT,
/SAPLOM/MEH_MM01,col_raw_export,TABLE_OR_VIEW,COLLINS_RAW,COL_RAW_EXPORT,/SAPLOM/MEH_MM01,SELECT * FROM COLLINS_RAW.COL_RAW_EXPORT./SAPLOM/MEH_MM01,22,SCHNIT,NUMBER,
/SAPLOM/MEH_MM01,col_raw_export,TABLE_OR_VIEW,COLLINS_RAW,COL_RAW_EXPORT,/SAPLOM/MEH_MM01,SELECT * FROM COLLINS_RAW.COL_RAW_EXPORT./SAPLOM/MEH_MM01,23,SCHNIT_PERKZ,TEXT,
/SAPLOM/MEH_MM01,col_raw_export,TABLE_OR_VIEW,COLLINS_RAW,COL_RAW_EXPORT,/SAPLOM/MEH_MM01,SELECT * FROM COLLINS_RAW.COL_RAW_EXPORT./SAPLOM/MEH_MM01,24,SCHNIT_PERIV,TEXT,
/SAPLOM/MEH_MM01,col_raw_export,TABLE_OR_VIEW,COLLINS_RAW,COL_RAW_EXPORT,/SAPLOM/MEH_MM01,SELECT * FROM COLLINS_RAW.COL_RAW_EXPORT./SAPLOM/MEH_MM01,25,SCHNITG,NUMBER,
/SAPLOM/MEH_MM01,col_raw_export,TABLE_OR_VIEW,COLLINS_RAW,COL_RAW_EXPORT,/SAPLOM/MEH_MM01,SELECT * FROM COLLINS_RAW.COL_RAW_EXPORT./SAPLOM/MEH_MM01,26,REICHTG,NUMBER,
/SAPLOM/MEH_MM01,col_raw_export,TABLE_OR_VIEW,COLLINS_RAW,COL_RAW_EXPORT,/SAPLOM/MEH_MM01,SELECT * FROM COLLINS_RAW.COL_RAW_EXPORT./SAPLOM/MEH_MM01,27,UMSCH,NUMBER,
/SAPLOM/MEH_MM01,col_raw_export,TABLE_OR_VIEW,COLLINS_RAW,COL_RAW_EXPORT,/SAPLOM/MEH_MM01,SELECT * FROM COLLINS_RAW.COL_RAW_EXPORT./SAPLOM/MEH_MM01,28,BODEN,NUMBER,
/SAPLOM/MEH_MM01,col_raw_export,TABLE_OR_VIEW,COLLINS_RAW,COL_RAW_EXPORT,/SAPLOM/MEH_MM01,SELECT * FROM COLLINS_RAW.COL_RAW_EXPORT./SAPLOM/MEH_MM01,29,BODWT,NUMBER,
/SAPLOM/MEH_MM01,col_raw_export,TABLE_OR_VIEW,COLLINS_RAW,COL_RAW_EXPORT,/SAPLOM/MEH_MM01,SELECT * FROM COLLINS_RAW.COL_RAW_EXPORT./SAPLOM/MEH_MM01,30,SPVRK,TEXT,
/SAPLOM/MEH_MM01,col_raw_export,TABLE_OR_VIEW,COLLINS_RAW,COL_RAW_EXPORT,/SAPLOM/MEH_MM01,SELECT * FROM COLLINS_RAW.COL_RAW_EXPORT./SAPLOM/MEH_MM01,31,HIJ,TEXT,
/SAPLOM/MEH_MM01,col_raw_export,TABLE_OR_VIEW,COLLINS_RAW,COL_RAW_EXPORT,/SAPLOM/MEH_MM01,SELECT * FROM COLLINS_RAW.COL_RAW_EXPORT./SAPLOM/MEH_MM01,32,KSTX,TEXT,
/SAPLOM/MEH_MM01,col_raw_export,TABLE_OR_VIEW,COLLINS_RAW,COL_RAW_EXPORT,/SAPLOM/MEH_MM01,SELECT * FROM COLLINS_RAW.COL_RAW_EXPORT./SAPLOM/MEH_MM01,33,MATPRIO,NUMBER,
/SAPLOM/MEH_MM01,col_raw_export,TABLE_OR_VIEW,COLLINS_RAW,COL_RAW_EXPORT,/SAPLOM/MEH_MM01,SELECT * FROM COLLINS_RAW.COL_RAW_EXPORT./SAPLOM/MEH_MM01,34,AVG_INV_QUAN,NUMBER,
/SAPLOM/MEH_MM01,col_raw_export,TABLE_OR_VIEW,COLLINS_RAW,COL_RAW_EXPORT,/SAPLOM/MEH_MM01,SELECT * FROM COLLINS_RAW.COL_RAW_EXPORT./SAPLOM/MEH_MM01,35,WBZKT,NUMBER,
/SAPLOM/MEH_MM01,col_raw_export,TABLE_OR_VIEW,COLLINS_RAW,COL_RAW_EXPORT,/SAPLOM/MEH_MM01,SELECT * FROM COLLINS_RAW.COL_RAW_EXPORT./SAPLOM/MEH_MM01,36,WBZAT,NUMBER,
/SAPLOM/MEH_MM01,col_raw_export,TABLE_OR_VIEW,COLLINS_RAW,COL_RAW_EXPORT,/SAPLOM/MEH_MM01,SELECT * FROM COLLINS_RAW.COL_RAW_EXPORT./SAPLOM/MEH_MM01,37,SBRWV,NUMBER,
/SAPLOM/MEH_MM01,col_raw_export,TABLE_OR_VIEW,COLLINS_RAW,COL_RAW_EXPORT,/SAPLOM/MEH_MM01,SELECT * FROM COLLINS_RAW.COL_RAW_EXPORT./SAPLOM/MEH_MM01,38,SBRWV_AT,NUMBER,
/SAPLOM/MEH_MM01,col_raw_export,TABLE_OR_VIEW,COLLINS_RAW,COL_RAW_EXPORT,/SAPLOM/MEH_MM01,SELECT * FROM COLLINS_RAW.COL_RAW_EXPORT./SAPLOM/MEH_MM01,39,MAXSB,NUMBER,
/SAPLOM/MEH_MM01,col_raw_export,TABLE_OR_VIEW,COLLINS_RAW,COL_RAW_EXPORT,/SAPLOM/MEH_MM01,SELECT * FROM COLLINS_RAW.COL_RAW_EXPORT./SAPLOM/MEH_MM01,40,RF_WBZ,NUMBER,
/SAPLOM/MEH_MM01,col_raw_export,TABLE_OR_VIEW,COLLINS_RAW,COL_RAW_EXPORT,/SAPLOM/MEH_MM01,SELECT * FROM COLLINS_RAW.COL_RAW_EXPORT./SAPLOM/MEH_MM01,41,RF_WBZ_MAD,NUMBER,
/SAPLOM/MEH_MM01,col_raw_export,TABLE_OR_VIEW,COLLINS_RAW,COL_RAW_EXPORT,/SAPLOM/MEH_MM01,SELECT * FROM COLLINS_RAW.COL_RAW_EXPORT./SAPLOM/MEH_MM01,42,LBG_BEDARF,NUMBER,
/SAPLOM/MEH_MM01,col_raw_export,TABLE_OR_VIEW,COLLINS_RAW,COL_RAW_EXPORT,/SAPLOM/MEH_MM01,SELECT * FROM COLLINS_RAW.COL_RAW_EXPORT./SAPLOM/MEH_MM01,43,OPI,NUMBER,
/SAPLOM/MEH_MM01,col_raw_export,TABLE_OR_VIEW,COLLINS_RAW,COL_RAW_EXPORT,/SAPLOM/MEH_MM01,SELECT * FROM COLLINS_RAW.COL_RAW_EXPORT./SAPLOM/MEH_MM01,44,OPI_USE,TEXT,
/SAPLOM/MEH_MM01,col_raw_export,TABLE_OR_VIEW,COLLINS_RAW,COL_RAW_EXPORT,/SAPLOM/MEH_MM01,SELECT * FROM COLLINS_RAW.COL_RAW_EXPORT./SAPLOM/MEH_MM01,45,WBZEKT,NUMBER,
/SAPLOM/MEH_MM01,col_raw_export,TABLE_OR_VIEW,COLLINS_RAW,COL_RAW_EXPORT,/SAPLOM/MEH_MM01,SELECT * FROM COLLINS_RAW.COL_RAW_EXPORT./SAPLOM/MEH_MM01,46,SCR_MEAN,NUMBER,
/SAPLOM/MEH_MM01,col_raw_export,TABLE_OR_VIEW,COLLINS_RAW,COL_RAW_EXPORT,/SAPLOM/MEH_MM01,SELECT * FROM COLLINS_RAW.COL_RAW_EXPORT./SAPLOM/MEH_MM01,47,SCR_MAD,NUMBER,
/SAPLOM/MEH_MM01,col_raw_export,TABLE_OR_VIEW,COLLINS_RAW,COL_RAW_EXPORT,/SAPLOM/MEH_MM01,SELECT * FROM COLLINS_RAW.COL_RAW_EXPORT./SAPLOM/MEH_MM01,48,SCR_SD,NUMBER,
/SAPLOM/MEH_MM01,col_raw_export,TABLE_OR_VIEW,COLLINS_RAW,COL_RAW_EXPORT,/SAPLOM/MEH_MM01,SELECT * FROM COLLINS_RAW.COL_RAW_EXPORT./SAPLOM/MEH_MM01,49,INCO_MEAN,NUMBER,
/SAPLOM/MEH_MM01,col_raw_export,TABLE_OR_VIEW,COLLINS_RAW,COL_RAW_EXPORT,/SAPLOM/MEH_MM01,SELECT * FROM COLLINS_RAW.COL_RAW_EXPORT./SAPLOM/MEH_MM01,50,INCO_MAD,NUMBER,
/SAPLOM/MEH_MM01,col_raw_export,TABLE_OR_VIEW,COLLINS_RAW,COL_RAW_EXPORT,/SAPLOM/MEH_MM01,SELECT * FROM COLLINS_RAW.COL_RAW_EXPORT./SAPLOM/MEH_MM01,51,INCO_SD,NUMBER,
/SAPLOM/MEH_MM01,col_raw_export,TABLE_OR_VIEW,COLLINS_RAW,COL_RAW_EXPORT,/SAPLOM/MEH_MM01,SELECT * FROM COLLINS_RAW.COL_RAW_EXPORT./SAPLOM/MEH_MM01,52,BL_MEAN,NUMBER,
/SAPLOM/MEH_MM01,col_raw_export,TABLE_OR_VIEW,COLLINS_RAW,COL_RAW_EXPORT,/SAPLOM/MEH_MM01,SELECT * FROM COLLINS_RAW.COL_RAW_EXPORT./SAPLOM/MEH_MM01,53,BL_SD,NUMBER,
/SAPLOM/MEH_MM01,col_raw_export,TABLE_OR_VIEW,COLLINS_RAW,COL_RAW_EXPORT,/SAPLOM/MEH_MM01,SELECT * FROM COLLINS_RAW.COL_RAW_EXPORT./SAPLOM/MEH_MM01,54,LOST_SALES,NUMBER,
/SAPLOM/MEH_MM01,col_raw_export,TABLE_OR_VIEW,COLLINS_RAW,COL_RAW_EXPORT,/SAPLOM/MEH_MM01,SELECT * FROM COLLINS_RAW.COL_RAW_EXPORT./SAPLOM/MEH_MM01,55,STOCK_O_COST,NUMBER,
/SAPLOM/MEH_MM01,col_raw_export,TABLE_OR_VIEW,COLLINS_RAW,COL_RAW_EXPORT,/SAPLOM/MEH_MM01,SELECT * FROM COLLINS_RAW.COL_RAW_EXPORT./SAPLOM/MEH_MM01,56,STOCK_O_C_M,NUMBER,
/SAPLOM/MEH_MM01,col_raw_export,TABLE_OR_VIEW,COLLINS_RAW,COL_RAW_EXPORT,/SAPLOM/MEH_MM01,SELECT * FROM COLLINS_RAW.COL_RAW_EXPORT./SAPLOM/MEH_MM01,57,AVGORDQTY,NUMBER,
/SAPLOM/MEH_MM01,col_raw_export,TABLE_OR_VIEW,COLLINS_RAW,COL_RAW_EXPORT,/SAPLOM/MEH_MM01,SELECT * FROM COLLINS_RAW.COL_RAW_EXPORT./SAPLOM/MEH_MM01,58,AVGORDQTY_SSS,TEXT,
/SAPLOM/MEH_MM01,col_raw_export,TABLE_OR_VIEW,COLLINS_RAW,COL_RAW_EXPORT,/SAPLOM/MEH_MM01,SELECT * FROM COLLINS_RAW.COL_RAW_EXPORT./SAPLOM/MEH_MM01,59,AVGORDINT,TEXT,
/SAPLOM/MEH_MM01,col_raw_export,TABLE_OR_VIEW,COLLINS_RAW,COL_RAW_EXPORT,/SAPLOM/MEH_MM01,SELECT * FROM COLLINS_RAW.COL_RAW_EXPORT./SAPLOM/MEH_MM01,60,ASS_SCRAP,NUMBER,
/SAPLOM/MEH_MM01,col_raw_export,TABLE_OR_VIEW,COLLINS_RAW,COL_RAW_EXPORT,/SAPLOM/MEH_MM01,SELECT * FROM COLLINS_RAW.COL_RAW_EXPORT./SAPLOM/MEH_MM01,61,SPLQTY,NUMBER,
/SAPLOM/MEH_MM01,col_raw_export,TABLE_OR_VIEW,COLLINS_RAW,COL_RAW_EXPORT,/SAPLOM/MEH_MM01,SELECT * FROM COLLINS_RAW.COL_RAW_EXPORT./SAPLOM/MEH_MM01,62,MAD_FCST,NUMBER,
/SAPLOM/MEH_MM01,col_raw_export,TABLE_OR_VIEW,COLLINS_RAW,COL_RAW_EXPORT,/SAPLOM/MEH_MM01,SELECT * FROM COLLINS_RAW.COL_RAW_EXPORT./SAPLOM/MEH_MM01,63,MAPE_FCST,NUMBER,
/SAPLOM/MEH_MM01,col_raw_export,TABLE_OR_VIEW,COLLINS_RAW,COL_RAW_EXPORT,/SAPLOM/MEH_MM01,SELECT * FROM COLLINS_RAW.COL_RAW_EXPORT./SAPLOM/MEH_MM01,64,FCST_FLAG,TEXT,
/SAPLOM/MEH_MM01,col_raw_export,TABLE_OR_VIEW,COLLINS_RAW,COL_RAW_EXPORT,/SAPLOM/MEH_MM01,SELECT * FROM COLLINS_RAW.COL_RAW_EXPORT./SAPLOM/MEH_MM01,65,FMO_MODEL_USE,TEXT,
/SAPLOM/MEH_MM01,col_raw_export,TABLE_OR_VIEW,COLLINS_RAW,COL_RAW_EXPORT,/SAPLOM/MEH_MM01,SELECT * FROM COLLINS_RAW.COL_RAW_EXPORT./SAPLOM/MEH_MM01,66,FMO_CROSTON_T,TEXT,
/SAPLOM/MEH_MM01,col_raw_export,TABLE_OR_VIEW,COLLINS_RAW,COL_RAW_EXPORT,/SAPLOM/MEH_MM01,SELECT * FROM COLLINS_RAW.COL_RAW_EXPORT./SAPLOM/MEH_MM01,67,FMO_CROSTON_F,TEXT,
/SAPLOM/MEH_MM01,col_raw_export,TABLE_OR_VIEW,COLLINS_RAW,COL_RAW_EXPORT,/SAPLOM/MEH_MM01,SELECT * FROM COLLINS_RAW.COL_RAW_EXPORT./SAPLOM/MEH_MM01,68,FMO_FCST_MODE,TEXT,
/SAPLOM/MEH_MM01,col_raw_export,TABLE_OR_VIEW,COLLINS_RAW,COL_RAW_EXPORT,/SAPLOM/MEH_MM01,SELECT * FROM COLLINS_RAW.COL_RAW_EXPORT./SAPLOM/MEH_MM01,69,FMO_ALPHA,NUMBER,
/SAPLOM/MEH_MM01,col_raw_export,TABLE_OR_VIEW,COLLINS_RAW,COL_RAW_EXPORT,/SAPLOM/MEH_MM01,SELECT * FROM COLLINS_RAW.COL_RAW_EXPORT./SAPLOM/MEH_MM01,70,FMO_BETA,NUMBER,
/SAPLOM/MEH_MM01,col_raw_export,TABLE_OR_VIEW,COLLINS_RAW,COL_RAW_EXPORT,/SAPLOM/MEH_MM01,SELECT * FROM COLLINS_RAW.COL_RAW_EXPORT./SAPLOM/MEH_MM01,71,FMO_GAMMA,NUMBER,
/SAPLOM/MEH_MM01,col_raw_export,TABLE_OR_VIEW,COLLINS_RAW,COL_RAW_EXPORT,/SAPLOM/MEH_MM01,SELECT * FROM COLLINS_RAW.COL_RAW_EXPORT./SAPLOM/MEH_MM01,72,FMO_PERKZ,TEXT,
/SAPLOM/MEH_MM01,col_raw_export,TABLE_OR_VIEW,COLLINS_RAW,COL_RAW_EXPORT,/SAPLOM/MEH_MM01,SELECT * FROM COLLINS_RAW.COL_RAW_EXPORT./SAPLOM/MEH_MM01,73,MAD_RLT,NUMBER,
/SAPLOM/MEH_MM01,col_raw_export,TABLE_OR_VIEW,COLLINS_RAW,COL_RAW_EXPORT,/SAPLOM/MEH_MM01,SELECT * FROM COLLINS_RAW.COL_RAW_EXPORT./SAPLOM/MEH_MM01,74,MAPE_RLT,NUMBER,
/SAPLOM/MEH_MM01,col_raw_export,TABLE_OR_VIEW,COLLINS_RAW,COL_RAW_EXPORT,/SAPLOM/MEH_MM01,SELECT * FROM COLLINS_RAW.COL_RAW_EXPORT./SAPLOM/MEH_MM01,75,STD_DEV_RLT,NUMBER,
/SAPLOM/MEH_MM01,col_raw_export,TABLE_OR_VIEW,COLLINS_RAW,COL_RAW_EXPORT,/SAPLOM/MEH_MM01,SELECT * FROM COLLINS_RAW.COL_RAW_EXPORT./SAPLOM/MEH_MM01,76,VAR_COEF_RLT,NUMBER,
/SAPLOM/MEH_MM01,col_raw_export,TABLE_OR_VIEW,COLLINS_RAW,COL_RAW_EXPORT,/SAPLOM/MEH_MM01,SELECT * FROM COLLINS_RAW.COL_RAW_EXPORT./SAPLOM/MEH_MM01,77,MAD_DLT,NUMBER,
/SAPLOM/MEH_MM01,col_raw_export,TABLE_OR_VIEW,COLLINS_RAW,COL_RAW_EXPORT,/SAPLOM/MEH_MM01,SELECT * FROM COLLINS_RAW.COL_RAW_EXPORT./SAPLOM/MEH_MM01,78,MAPE_DLT,NUMBER,
/SAPLOM/MEH_MM01,col_raw_export,TABLE_OR_VIEW,COLLINS_RAW,COL_RAW_EXPORT,/SAPLOM/MEH_MM01,SELECT * FROM COLLINS_RAW.COL_RAW_EXPORT./SAPLOM/MEH_MM01,79,STD_DEV_DLT,NUMBER,
/SAPLOM/MEH_MM01,col_raw_export,TABLE_OR_VIEW,COLLINS_RAW,COL_RAW_EXPORT,/SAPLOM/MEH_MM01,SELECT * FROM COLLINS_RAW.COL_RAW_EXPORT./SAPLOM/MEH_MM01,80,VAR_COEF_DLT,NUMBER,
/SAPLOM/MEH_MM01,col_raw_export,TABLE_OR_VIEW,COLLINS_RAW,COL_RAW_EXPORT,/SAPLOM/MEH_MM01,SELECT * FROM COLLINS_RAW.COL_RAW_EXPORT./SAPLOM/MEH_MM01,81,NOBOM,NUMBER,
/SAPLOM/MEH_MM01,col_raw_export,TABLE_OR_VIEW,COLLINS_RAW,COL_RAW_EXPORT,/SAPLOM/MEH_MM01,SELECT * FROM COLLINS_RAW.COL_RAW_EXPORT./SAPLOM/MEH_MM01,82,BOMUS,NUMBER,
/SAPLOM/MEH_MM01,col_raw_export,TABLE_OR_VIEW,COLLINS_RAW,COL_RAW_EXPORT,/SAPLOM/MEH_MM01,SELECT * FROM COLLINS_RAW.COL_RAW_EXPORT./SAPLOM/MEH_MM01,83,BOMUS_A,NUMBER,
/SAPLOM/MEH_MM01,col_raw_export,TABLE_OR_VIEW,COLLINS_RAW,COL_RAW_EXPORT,/SAPLOM/MEH_MM01,SELECT * FROM COLLINS_RAW.COL_RAW_EXPORT./SAPLOM/MEH_MM01,84,VAL_PROD_VE,TEXT,
/SAPLOM/MEH_MM01,col_raw_export,TABLE_OR_VIEW,COLLINS_RAW,COL_RAW_EXPORT,/SAPLOM/MEH_MM01,SELECT * FROM COLLINS_RAW.COL_RAW_EXPORT./SAPLOM/MEH_MM01,85,VAL_ROUTING,TEXT,
/SAPLOM/MEH_MM01,col_raw_export,TABLE_OR_VIEW,COLLINS_RAW,COL_RAW_EXPORT,/SAPLOM/MEH_MM01,SELECT * FROM COLLINS_RAW.COL_RAW_EXPORT./SAPLOM/MEH_MM01,86,BOMUS_MULTI,NUMBER,
/SAPLOM/MEH_MM01,col_raw_export,TABLE_OR_VIEW,COLLINS_RAW,COL_RAW_EXPORT,/SAPLOM/MEH_MM01,SELECT * FROM COLLINS_RAW.COL_RAW_EXPORT./SAPLOM/MEH_MM01,87,BOMUS_MULTI_A,NUMBER,
/SAPLOM/MEH_MM01,col_raw_export,TABLE_OR_VIEW,COLLINS_RAW,COL_RAW_EXPORT,/SAPLOM/MEH_MM01,SELECT * FROM COLLINS_RAW.COL_RAW_EXPORT./SAPLOM/MEH_MM01,88,BOMUS_HIGHEST,NUMBER,
/SAPLOM/MEH_MM01,col_raw_export,TABLE_OR_VIEW,COLLINS_RAW,COL_RAW_EXPORT,/SAPLOM/MEH_MM01,SELECT * FROM COLLINS_RAW.COL_RAW_EXPORT./SAPLOM/MEH_MM01,89,BOMUS_HIGH_A,NUMBER,
/SAPLOM/MEH_MM01,col_raw_export,TABLE_OR_VIEW,COLLINS_RAW,COL_RAW_EXPORT,/SAPLOM/MEH_MM01,SELECT * FROM COLLINS_RAW.COL_RAW_EXPORT./SAPLOM/MEH_MM01,90,LASTMOVE,TEXT,
/SAPLOM/MEH_MM01,col_raw_export,TABLE_OR_VIEW,COLLINS_RAW,COL_RAW_EXPORT,/SAPLOM/MEH_MM01,SELECT * FROM COLLINS_RAW.COL_RAW_EXPORT./SAPLOM/MEH_MM01,91,STRATEGIC,TEXT,
/SAPLOM/MEH_MM01,col_raw_export,TABLE_OR_VIEW,COLLINS_RAW,COL_RAW_EXPORT,/SAPLOM/MEH_MM01,SELECT * FROM COLLINS_RAW.COL_RAW_EXPORT./SAPLOM/MEH_MM01,92,RELEASED,TEXT,
/SAPLOM/MEH_MM01,col_raw_export,TABLE_OR_VIEW,COLLINS_RAW,COL_RAW_EXPORT,/SAPLOM/MEH_MM01,SELECT * FROM COLLINS_RAW.COL_RAW_EXPORT./SAPLOM/MEH_MM01,93,LSMST,TEXT,
/SAPLOM/MEH_MM01,col_raw_export,TABLE_OR_VIEW,COLLINS_RAW,COL_RAW_EXPORT,/SAPLOM/MEH_MM01,SELECT * FROM COLLINS_RAW.COL_RAW_EXPORT./SAPLOM/MEH_MM01,94,ST_TRANS_TYPE,TEXT,
/SAPLOM/MEH_MM01,col_raw_export,TABLE_OR_VIEW,COLLINS_RAW,COL_RAW_EXPORT,/SAPLOM/MEH_MM01,SELECT * FROM COLLINS_RAW.COL_RAW_EXPORT./SAPLOM/MEH_MM01,95,EXINDI,TEXT,
/SAPLOM/MEH_MM01,col_raw_export,TABLE_OR_VIEW,COLLINS_RAW,COL_RAW_EXPORT,/SAPLOM/MEH_MM01,SELECT * FROM COLLINS_RAW.COL_RAW_EXPORT./SAPLOM/MEH_MM01,96,EXINDI2,TEXT,
/SAPLOM/MEH_MM01,col_raw_export,TABLE_OR_VIEW,COLLINS_RAW,COL_RAW_EXPORT,/SAPLOM/MEH_MM01,SELECT * FROM COLLINS_RAW.COL_RAW_EXPORT./SAPLOM/MEH_MM01,97,EXINDI3,TEXT,
/SAPLOM/MEH_MM01,col_raw_export,TABLE_OR_VIEW,COLLINS_RAW,COL_RAW_EXPORT,/SAPLOM/MEH_MM01,SELECT * FROM COLLINS_RAW.COL_RAW_EXPORT./SAPLOM/MEH_MM01,98,EXINDI4,NUMBER,
/SAPLOM/MEH_MM01,col_raw_export,TABLE_OR_VIEW,COLLINS_RAW,COL_RAW_EXPORT,/SAPLOM/MEH_MM01,SELECT * FROM COLLINS_RAW.COL_RAW_EXPORT./SAPLOM/MEH_MM01,99,EXINDI5,NUMBER,
/SAPLOM/MEH_MM01,col_raw_export,TABLE_OR_VIEW,COLLINS_RAW,COL_RAW_EXPORT,/SAPLOM/MEH_MM01,SELECT * FROM COLLINS_RAW.COL_RAW_EXPORT./SAPLOM/MEH_MM01,100,EXINDI6,NUMBER,
/SAPLOM/MEH_MM01,col_raw_export,TABLE_OR_VIEW,COLLINS_RAW,COL_RAW_EXPORT,/SAPLOM/MEH_MM01,SELECT * FROM COLLINS_RAW.COL_RAW_EXPORT./SAPLOM/MEH_MM01,101,EXINDI7,TEXT,
/SAPLOM/MEH_MM01,col_raw_export,TABLE_OR_VIEW,COLLINS_RAW,COL_RAW_EXPORT,/SAPLOM/MEH_MM01,SELECT * FROM COLLINS_RAW.COL_RAW_EXPORT./SAPLOM/MEH_MM01,102,EXINDI8,TEXT,
/SAPLOM/MEH_MM01,col_raw_export,TABLE_OR_VIEW,COLLINS_RAW,COL_RAW_EXPORT,/SAPLOM/MEH_MM01,SELECT * FROM COLLINS_RAW.COL_RAW_EXPORT./SAPLOM/MEH_MM01,103,EXINDI9,TEXT,
/SAPLOM/MEH_MM01,col_raw_export,TABLE_OR_VIEW,COLLINS_RAW,COL_RAW_EXPORT,/SAPLOM/MEH_MM01,SELECT * FROM COLLINS_RAW.COL_RAW_EXPORT./SAPLOM/MEH_MM01,104,EXINDI10,TEXT,
/SAPLOM/MEH_MM01,col_raw_export,TABLE_OR_VIEW,COLLINS_RAW,COL_RAW_EXPORT,/SAPLOM/MEH_MM01,SELECT * FROM COLLINS_RAW.COL_RAW_EXPORT./SAPLOM/MEH_MM01,105,EXINDI11,TEXT,
/SAPLOM/MEH_MM01,col_raw_export,TABLE_OR_VIEW,COLLINS_RAW,COL_RAW_EXPORT,/SAPLOM/MEH_MM01,SELECT * FROM COLLINS_RAW.COL_RAW_EXPORT./SAPLOM/MEH_MM01,106,EXINDI12,TEXT,
/SAPLOM/MEH_MM01,col_raw_export,TABLE_OR_VIEW,COLLINS_RAW,COL_RAW_EXPORT,/SAPLOM/MEH_MM01,SELECT * FROM COLLINS_RAW.COL_RAW_EXPORT./SAPLOM/MEH_MM01,107,EXINDI13,TEXT,
/SAPLOM/MEH_MM01,col_raw_export,TABLE_OR_VIEW,COLLINS_RAW,COL_RAW_EXPORT,/SAPLOM/MEH_MM01,SELECT * FROM COLLINS_RAW.COL_RAW_EXPORT./SAPLOM/MEH_MM01,108,EXINDI14,TEXT,
/SAPLOM/MEH_MM01,col_raw_export,TABLE_OR_VIEW,COLLINS_RAW,COL_RAW_EXPORT,/SAPLOM/MEH_MM01,SELECT * FROM COLLINS_RAW.COL_RAW_EXPORT./SAPLOM/MEH_MM01,109,EXINDI15,TEXT,
/SAPLOM/MEH_MM01,col_raw_export,TABLE_OR_VIEW,COLLINS_RAW,COL_RAW_EXPORT,/SAPLOM/MEH_MM01,SELECT * FROM COLLINS_RAW.COL_RAW_EXPORT./SAPLOM/MEH_MM01,110,EXINDI16,TEXT,
/SAPLOM/MEH_MM01,col_raw_export,TABLE_OR_VIEW,COLLINS_RAW,COL_RAW_EXPORT,/SAPLOM/MEH_MM01,SELECT * FROM COLLINS_RAW.COL_RAW_EXPORT./SAPLOM/MEH_MM01,111,EXINDI17,TEXT,
/SAPLOM/MEH_MM01,col_raw_export,TABLE_OR_VIEW,COLLINS_RAW,COL_RAW_EXPORT,/SAPLOM/MEH_MM01,SELECT * FROM COLLINS_RAW.COL_RAW_EXPORT./SAPLOM/MEH_MM01,112,EXINDI18,TEXT,
/SAPLOM/MEH_MM01,col_raw_export,TABLE_OR_VIEW,COLLINS_RAW,COL_RAW_EXPORT,/SAPLOM/MEH_MM01,SELECT * FROM COLLINS_RAW.COL_RAW_EXPORT./SAPLOM/MEH_MM01,113,EXINDI19,TEXT,
/SAPLOM/MEH_MM01,col_raw_export,TABLE_OR_VIEW,COLLINS_RAW,COL_RAW_EXPORT,/SAPLOM/MEH_MM01,SELECT * FROM COLLINS_RAW.COL_RAW_EXPORT./SAPLOM/MEH_MM01,114,EXINDI20,NUMBER,
/SAPLOM/MEH_MM01,col_raw_export,TABLE_OR_VIEW,COLLINS_RAW,COL_RAW_EXPORT,/SAPLOM/MEH_MM01,SELECT * FROM COLLINS_RAW.COL_RAW_EXPORT./SAPLOM/MEH_MM01,115,EXINDI21,NUMBER,
/SAPLOM/MEH_MM01,col_raw_export,TABLE_OR_VIEW,COLLINS_RAW,COL_RAW_EXPORT,/SAPLOM/MEH_MM01,SELECT * FROM COLLINS_RAW.COL_RAW_EXPORT./SAPLOM/MEH_MM01,116,EXINDI22,NUMBER,
/SAPLOM/MEH_MM01,col_raw_export,TABLE_OR_VIEW,COLLINS_RAW,COL_RAW_EXPORT,/SAPLOM/MEH_MM01,SELECT * FROM COLLINS_RAW.COL_RAW_EXPORT./SAPLOM/MEH_MM01,117,EXINDI23,NUMBER,
/SAPLOM/MEH_MM01,col_raw_export,TABLE_OR_VIEW,COLLINS_RAW,COL_RAW_EXPORT,/SAPLOM/MEH_MM01,SELECT * FROM COLLINS_RAW.COL_RAW_EXPORT./SAPLOM/MEH_MM01,118,EXINDI24,NUMBER,
/SAPLOM/MEH_MM01,col_raw_export,TABLE_OR_VIEW,COLLINS_RAW,COL_RAW_EXPORT,/SAPLOM/MEH_MM01,SELECT * FROM COLLINS_RAW.COL_RAW_EXPORT./SAPLOM/MEH_MM01,119,EXINDI25,NUMBER,
/SAPLOM/MEH_MM01,col_raw_export,TABLE_OR_VIEW,COLLINS_RAW,COL_RAW_EXPORT,/SAPLOM/MEH_MM01,SELECT * FROM COLLINS_RAW.COL_RAW_EXPORT./SAPLOM/MEH_MM01,120,EXINDI26,NUMBER,
/SAPLOM/MEH_MM01,col_raw_export,TABLE_OR_VIEW,COLLINS_RAW,COL_RAW_EXPORT,/SAPLOM/MEH_MM01,SELECT * FROM COLLINS_RAW.COL_RAW_EXPORT./SAPLOM/MEH_MM01,121,EXINDI27,TEXT,
/SAPLOM/MEH_MM01,col_raw_export,TABLE_OR_VIEW,COLLINS_RAW,COL_RAW_EXPORT,/SAPLOM/MEH_MM01,SELECT * FROM COLLINS_RAW.COL_RAW_EXPORT./SAPLOM/MEH_MM01,122,EXINDI28,TEXT,
/SAPLOM/MEH_MM01,col_raw_export,TABLE_OR_VIEW,COLLINS_RAW,COL_RAW_EXPORT,/SAPLOM/MEH_MM01,SELECT * FROM COLLINS_RAW.COL_RAW_EXPORT./SAPLOM/MEH_MM01,123,EXINDI29,TEXT,
/SAPLOM/MEH_MM01,col_raw_export,TABLE_OR_VIEW,COLLINS_RAW,COL_RAW_EXPORT,/SAPLOM/MEH_MM01,SELECT * FROM COLLINS_RAW.COL_RAW_EXPORT./SAPLOM/MEH_MM01,124,EXINDI30,TEXT,
/SAPLOM/MEH_MM01,col_raw_export,TABLE_OR_VIEW,COLLINS_RAW,COL_RAW_EXPORT,/SAPLOM/MEH_MM01,SELECT * FROM COLLINS_RAW.COL_RAW_EXPORT./SAPLOM/MEH_MM01,125,EXINDI31,TEXT,
/SAPLOM/MEH_MM01,col_raw_export,TABLE_OR_VIEW,COLLINS_RAW,COL_RAW_EXPORT,/SAPLOM/MEH_MM01,SELECT * FROM COLLINS_RAW.COL_RAW_EXPORT./SAPLOM/MEH_MM01,126,EXINDI32,TEXT,
/SAPLOM/MEH_MM01,col_raw_export,TABLE_OR_VIEW,COLLINS_RAW,COL_RAW_EXPORT,/SAPLOM/MEH_MM01,SELECT * FROM COLLINS_RAW.COL_RAW_EXPORT./SAPLOM/MEH_MM01,127,EXINDI33,TEXT,
/SAPLOM/MEH_MM01,col_raw_export,TABLE_OR_VIEW,COLLINS_RAW,COL_RAW_EXPORT,/SAPLOM/MEH_MM01,SELECT * FROM COLLINS_RAW.COL_RAW_EXPORT./SAPLOM/MEH_MM01,128,EXINDI34,TEXT,
/SAPLOM/MEH_MM01,col_raw_export,TABLE_OR_VIEW,COLLINS_RAW,COL_RAW_EXPORT,/SAPLOM/MEH_MM01,SELECT * FROM COLLINS_RAW.COL_RAW_EXPORT./SAPLOM/MEH_MM01,129,EXINDI35,TEXT,
/SAPLOM/MEH_MM01,col_raw_export,TABLE_OR_VIEW,COLLINS_RAW,COL_RAW_EXPORT,/SAPLOM/MEH_MM01,SELECT * FROM COLLINS_RAW.COL_RAW_EXPORT./SAPLOM/MEH_MM01,130,EXINDI36,TEXT,
/SAPLOM/MEH_MM01,col_raw_export,TABLE_OR_VIEW,COLLINS_RAW,COL_RAW_EXPORT,/SAPLOM/MEH_MM01,SELECT * FROM COLLINS_RAW.COL_RAW_EXPORT./SAPLOM/MEH_MM01,131,EXINDI37,TEXT,
/SAPLOM/MEH_MM01,col_raw_export,TABLE_OR_VIEW,COLLINS_RAW,COL_RAW_EXPORT,/SAPLOM/MEH_MM01,SELECT * FROM COLLINS_RAW.COL_RAW_EXPORT./SAPLOM/MEH_MM01,132,EXINDI38,TEXT,
/SAPLOM/MEH_MM01,col_raw_export,TABLE_OR_VIEW,COLLINS_RAW,COL_RAW_EXPORT,/SAPLOM/MEH_MM01,SELECT * FROM COLLINS_RAW.COL_RAW_EXPORT./SAPLOM/MEH_MM01,133,EXINDI39,TEXT,
/SAPLOM/MEH_MM01,col_raw_export,TABLE_OR_VIEW,COLLINS_RAW,COL_RAW_EXPORT,/SAPLOM/MEH_MM01,SELECT * FROM COLLINS_RAW.COL_RAW_EXPORT./SAPLOM/MEH_MM01,134,EXINDI40,TEXT,
/SAPLOM/MEH_MM01,col_raw_export,TABLE_OR_VIEW,COLLINS_RAW,COL_RAW_EXPORT,/SAPLOM/MEH_MM01,SELECT * FROM COLLINS_RAW.COL_RAW_EXPORT./SAPLOM/MEH_MM01,135,EXINDI41,TEXT,
/SAPLOM/MEH_MM01,col_raw_export,TABLE_OR_VIEW,COLLINS_RAW,COL_RAW_EXPORT,/SAPLOM/MEH_MM01,SELECT * FROM COLLINS_RAW.COL_RAW_EXPORT./SAPLOM/MEH_MM01,136,EXINDI42,TEXT,
/SAPLOM/MEH_MM01,col_raw_export,TABLE_OR_VIEW,COLLINS_RAW,COL_RAW_EXPORT,/SAPLOM/MEH_MM01,SELECT * FROM COLLINS_RAW.COL_RAW_EXPORT./SAPLOM/MEH_MM01,137,EXINDI43,TEXT,
/SAPLOM/MEH_MM01,col_raw_export,TABLE_OR_VIEW,COLLINS_RAW,COL_RAW_EXPORT,/SAPLOM/MEH_MM01,SELECT * FROM COLLINS_RAW.COL_RAW_EXPORT./SAPLOM/MEH_MM01,138,EXINDI44,TEXT,
/SAPLOM/MEH_MM01,col_raw_export,TABLE_OR_VIEW,COLLINS_RAW,COL_RAW_EXPORT,/SAPLOM/MEH_MM01,SELECT * FROM COLLINS_RAW.COL_RAW_EXPORT./SAPLOM/MEH_MM01,139,EXINDI45,TEXT,
/SAPLOM/MEH_MM01,col_raw_export,TABLE_OR_VIEW,COLLINS_RAW,COL_RAW_EXPORT,/SAPLOM/MEH_MM01,SELECT * FROM COLLINS_RAW.COL_RAW_EXPORT./SAPLOM/MEH_MM01,140,EXINDI46,TEXT,
/SAPLOM/MEH_MM01,col_raw_export,TABLE_OR_VIEW,COLLINS_RAW,COL_RAW_EXPORT,/SAPLOM/MEH_MM01,SELECT * FROM COLLINS_RAW.COL_RAW_EXPORT./SAPLOM/MEH_MM01,141,UP_MRP_STD,TEXT,
/SAPLOM/MEH_MM01,col_raw_export,TABLE_OR_VIEW,COLLINS_RAW,COL_RAW_EXPORT,/SAPLOM/MEH_MM01,SELECT * FROM COLLINS_RAW.COL_RAW_EXPORT./SAPLOM/MEH_MM01,142,UP_MRP_CS,TEXT,
/SAPLOM/MEH_MM01,col_raw_export,TABLE_OR_VIEW,COLLINS_RAW,COL_RAW_EXPORT,/SAPLOM/MEH_MM01,SELECT * FROM COLLINS_RAW.COL_RAW_EXPORT./SAPLOM/MEH_MM01,143,UP_SSS_STD,TEXT,
/SAPLOM/MEH_MM01,col_raw_export,TABLE_OR_VIEW,COLLINS_RAW,COL_RAW_EXPORT,/SAPLOM/MEH_MM01,SELECT * FROM COLLINS_RAW.COL_RAW_EXPORT./SAPLOM/MEH_MM01,144,UP_SSS_CS,TEXT,
/SAPLOM/MEH_MM01,col_raw_export,TABLE_OR_VIEW,COLLINS_RAW,COL_RAW_EXPORT,/SAPLOM/MEH_MM01,SELECT * FROM COLLINS_RAW.COL_RAW_EXPORT./SAPLOM/MEH_MM01,145,UP_SLS_STD,TEXT,
/SAPLOM/MEH_MM01,col_raw_export,TABLE_OR_VIEW,COLLINS_RAW,COL_RAW_EXPORT,/SAPLOM/MEH_MM01,SELECT * FROM COLLINS_RAW.COL_RAW_EXPORT./SAPLOM/MEH_MM01,146,UP_SLS_CS,TEXT,
/SAPLOM/MEH_MM01,col_raw_export,TABLE_OR_VIEW,COLLINS_RAW,COL_RAW_EXPORT,/SAPLOM/MEH_MM01,SELECT * FROM COLLINS_RAW.COL_RAW_EXPORT./SAPLOM/MEH_MM01,147,UP_RLT_STD,TEXT,
/SAPLOM/MEH_MM01,col_raw_export,TABLE_OR_VIEW,COLLINS_RAW,COL_RAW_EXPORT,/SAPLOM/MEH_MM01,SELECT * FROM COLLINS_RAW.COL_RAW_EXPORT./SAPLOM/MEH_MM01,148,UP_RLT_CS,TEXT,
/SAPLOM/MEH_MM01,col_raw_export,TABLE_OR_VIEW,COLLINS_RAW,COL_RAW_EXPORT,/SAPLOM/MEH_MM01,SELECT * FROM COLLINS_RAW.COL_RAW_EXPORT./SAPLOM/MEH_MM01,149,UP_FMO_STD,TEXT,
/SAPLOM/MEH_MM01,col_raw_export,TABLE_OR_VIEW,COLLINS_RAW,COL_RAW_EXPORT,/SAPLOM/MEH_MM01,SELECT * FROM COLLINS_RAW.COL_RAW_EXPORT./SAPLOM/MEH_MM01,150,UP_FMO_CS,TEXT,
/SAPLOM/MEH_MM01,col_raw_export,TABLE_OR_VIEW,COLLINS_RAW,COL_RAW_EXPORT,/SAPLOM/MEH_MM01,SELECT * FROM COLLINS_RAW.COL_RAW_EXPORT./SAPLOM/MEH_MM01,151,UP_DCC_STD,TEXT,
/SAPLOM/MEH_MM01,col_raw_export,TABLE_OR_VIEW,COLLINS_RAW,COL_RAW_EXPORT,/SAPLOM/MEH_MM01,SELECT * FROM COLLINS_RAW.COL_RAW_EXPORT./SAPLOM/MEH_MM01,152,UP_CPP_SMU_CS,TEXT,
/SAPLOM/MEH_MM01,col_raw_export,TABLE_OR_VIEW,COLLINS_RAW,COL_RAW_EXPORT,/SAPLOM/MEH_MM01,SELECT * FROM COLLINS_RAW.COL_RAW_EXPORT./SAPLOM/MEH_MM01,153,UP_BOM_CS,TEXT,
/SAPLOM/MEH_MM01,col_raw_export,TABLE_OR_VIEW,COLLINS_RAW,COL_RAW_EXPORT,/SAPLOM/MEH_MM01,SELECT * FROM COLLINS_RAW.COL_RAW_EXPORT./SAPLOM/MEH_MM01,154,UP_SLM_CS,TEXT,
/SAPLOM/MEH_MM01,col_raw_export,TABLE_OR_VIEW,COLLINS_RAW,COL_RAW_EXPORT,/SAPLOM/MEH_MM01,SELECT * FROM COLLINS_RAW.COL_RAW_EXPORT./SAPLOM/MEH_MM01,155,UP_MDC_STD,TEXT,
/SAPLOM/MEH_MM01,col_raw_export,TABLE_OR_VIEW,COLLINS_RAW,COL_RAW_EXPORT,/SAPLOM/MEH_MM01,SELECT * FROM COLLINS_RAW.COL_RAW_EXPORT./SAPLOM/MEH_MM01,156,UP_MDC_CS,TEXT,
/SAPLOM/MEH_MM01,col_raw_export,TABLE_OR_VIEW,COLLINS_RAW,COL_RAW_EXPORT,/SAPLOM/MEH_MM01,SELECT * FROM COLLINS_RAW.COL_RAW_EXPORT./SAPLOM/MEH_MM01,157,UP_M17_STD,TEXT,
/SAPLOM/MEH_MM01,col_raw_export,TABLE_OR_VIEW,COLLINS_RAW,COL_RAW_EXPORT,/SAPLOM/MEH_MM01,SELECT * FROM COLLINS_RAW.COL_RAW_EXPORT./SAPLOM/MEH_MM01,158,UP_M17_CS,TEXT,
/SAPLOM/MEH_MM01,col_raw_export,TABLE_OR_VIEW,COLLINS_RAW,COL_RAW_EXPORT,/SAPLOM/MEH_MM01,SELECT * FROM COLLINS_RAW.COL_RAW_EXPORT./SAPLOM/MEH_MM01,159,UP_SLC_CS,TEXT,
/SAPLOM/MEH_MM01,col_raw_export,TABLE_OR_VIEW,COLLINS_RAW,COL_RAW_EXPORT,/SAPLOM/MEH_MM01,SELECT * FROM COLLINS_RAW.COL_RAW_EXPORT./SAPLOM/MEH_MM01,160,LINORE,TEXT,
/SAPLOM/MEH_MM01,col_raw_export,TABLE_OR_VIEW,COLLINS_RAW,COL_RAW_EXPORT,/SAPLOM/MEH_MM01,SELECT * FROM COLLINS_RAW.COL_RAW_EXPORT./SAPLOM/MEH_MM01,161,NOTIC,NUMBER,
/SAPLOM/MEH_MM01,col_raw_export,TABLE_OR_VIEW,COLLINS_RAW,COL_RAW_EXPORT,/SAPLOM/MEH_MM01,SELECT * FROM COLLINS_RAW.COL_RAW_EXPORT./SAPLOM/MEH_MM01,162,COMAR,NUMBER,
/SAPLOM/MEH_MM01,col_raw_export,TABLE_OR_VIEW,COLLINS_RAW,COL_RAW_EXPORT,/SAPLOM/MEH_MM01,SELECT * FROM COLLINS_RAW.COL_RAW_EXPORT./SAPLOM/MEH_MM01,163,COMARCUR,TEXT,
/SAPLOM/MEH_MM01,col_raw_export,TABLE_OR_VIEW,COLLINS_RAW,COL_RAW_EXPORT,/SAPLOM/MEH_MM01,SELECT * FROM COLLINS_RAW.COL_RAW_EXPORT./SAPLOM/MEH_MM01,164,PBMBD_TARGET_CO,NUMBER,
/SAPLOM/MEH_MM01,col_raw_export,TABLE_OR_VIEW,COLLINS_RAW,COL_RAW_EXPORT,/SAPLOM/MEH_MM01,SELECT * FROM COLLINS_RAW.COL_RAW_EXPORT./SAPLOM/MEH_MM01,165,PBMBD_TARGET_PO,NUMBER,
/SAPLOM/MEH_MM01,col_raw_export,TABLE_OR_VIEW,COLLINS_RAW,COL_RAW_EXPORT,/SAPLOM/MEH_MM01,SELECT * FROM COLLINS_RAW.COL_RAW_EXPORT./SAPLOM/MEH_MM01,166,PBMBD_TARGET_ST,NUMBER,
/SAPLOM/MEH_MM01,col_raw_export,TABLE_OR_VIEW,COLLINS_RAW,COL_RAW_EXPORT,/SAPLOM/MEH_MM01,SELECT * FROM COLLINS_RAW.COL_RAW_EXPORT./SAPLOM/MEH_MM01,167,PBMBD_TARGET_RE,NUMBER,
/SAPLOM/MEH_MM01,col_raw_export,TABLE_OR_VIEW,COLLINS_RAW,COL_RAW_EXPORT,/SAPLOM/MEH_MM01,SELECT * FROM COLLINS_RAW.COL_RAW_EXPORT./SAPLOM/MEH_MM01,168,PBMBD_CO,NUMBER,
/SAPLOM/MEH_MM01,col_raw_export,TABLE_OR_VIEW,COLLINS_RAW,COL_RAW_EXPORT,/SAPLOM/MEH_MM01,SELECT * FROM COLLINS_RAW.COL_RAW_EXPORT./SAPLOM/MEH_MM01,169,PBMBD_PO,NUMBER,
/SAPLOM/MEH_MM01,col_raw_export,TABLE_OR_VIEW,COLLINS_RAW,COL_RAW_EXPORT,/SAPLOM/MEH_MM01,SELECT * FROM COLLINS_RAW.COL_RAW_EXPORT./SAPLOM/MEH_MM01,170,PBMBD_ST,NUMBER,
/SAPLOM/MEH_MM01,col_raw_export,TABLE_OR_VIEW,COLLINS_RAW,COL_RAW_EXPORT,/SAPLOM/MEH_MM01,SELECT * FROM COLLINS_RAW.COL_RAW_EXPORT./SAPLOM/MEH_MM01,171,PBMBD_RE,NUMBER,
/SAPLOM/MEH_MM01,col_raw_export,TABLE_OR_VIEW,COLLINS_RAW,COL_RAW_EXPORT,/SAPLOM/MEH_MM01,SELECT * FROM COLLINS_RAW.COL_RAW_EXPORT./SAPLOM/MEH_MM01,172,PWMWD_TARGET_CO,NUMBER,
/SAPLOM/MEH_MM01,col_raw_export,TABLE_OR_VIEW,COLLINS_RAW,COL_RAW_EXPORT,/SAPLOM/MEH_MM01,SELECT * FROM COLLINS_RAW.COL_RAW_EXPORT./SAPLOM/MEH_MM01,173,PWMWD_TARGET_PO,NUMBER,
/SAPLOM/MEH_MM01,col_raw_export,TABLE_OR_VIEW,COLLINS_RAW,COL_RAW_EXPORT,/SAPLOM/MEH_MM01,SELECT * FROM COLLINS_RAW.COL_RAW_EXPORT./SAPLOM/MEH_MM01,174,PWMWD_TARGET_ST,NUMBER,
/SAPLOM/MEH_MM01,col_raw_export,TABLE_OR_VIEW,COLLINS_RAW,COL_RAW_EXPORT,/SAPLOM/MEH_MM01,SELECT * FROM COLLINS_RAW.COL_RAW_EXPORT./SAPLOM/MEH_MM01,175,PWMWD_TARGET_RE,NUMBER,
/SAPLOM/MEH_MM01,col_raw_export,TABLE_OR_VIEW,COLLINS_RAW,COL_RAW_EXPORT,/SAPLOM/MEH_MM01,SELECT * FROM COLLINS_RAW.COL_RAW_EXPORT./SAPLOM/MEH_MM01,176,PWMWD_CO,NUMBER,
/SAPLOM/MEH_MM01,col_raw_export,TABLE_OR_VIEW,COLLINS_RAW,COL_RAW_EXPORT,/SAPLOM/MEH_MM01,SELECT * FROM COLLINS_RAW.COL_RAW_EXPORT./SAPLOM/MEH_MM01,177,PWMWD_PO,NUMBER,
/SAPLOM/MEH_MM01,col_raw_export,TABLE_OR_VIEW,COLLINS_RAW,COL_RAW_EXPORT,/SAPLOM/MEH_MM01,SELECT * FROM COLLINS_RAW.COL_RAW_EXPORT./SAPLOM/MEH_MM01,178,PWMWD_ST,NUMBER,
/SAPLOM/MEH_MM01,col_raw_export,TABLE_OR_VIEW,COLLINS_RAW,COL_RAW_EXPORT,/SAPLOM/MEH_MM01,SELECT * FROM COLLINS_RAW.COL_RAW_EXPORT./SAPLOM/MEH_MM01,179,PWMWD_RE,NUMBER,
/SAPLOM/MEH_MM01,col_raw_export,TABLE_OR_VIEW,COLLINS_RAW,COL_RAW_EXPORT,/SAPLOM/MEH_MM01,SELECT * FROM COLLINS_RAW.COL_RAW_EXPORT./SAPLOM/MEH_MM01,180,PWMBW_TARGET_CO,NUMBER,
/SAPLOM/MEH_MM01,col_raw_export,TABLE_OR_VIEW,COLLINS_RAW,COL_RAW_EXPORT,/SAPLOM/MEH_MM01,SELECT * FROM COLLINS_RAW.COL_RAW_EXPORT./SAPLOM/MEH_MM01,181,PWMBW_TARGET_PO,NUMBER,
/SAPLOM/MEH_MM01,col_raw_export,TABLE_OR_VIEW,COLLINS_RAW,COL_RAW_EXPORT,/SAPLOM/MEH_MM01,SELECT * FROM COLLINS_RAW.COL_RAW_EXPORT./SAPLOM/MEH_MM01,182,PWMBW_TARGET_ST,NUMBER,
/SAPLOM/MEH_MM01,col_raw_export,TABLE_OR_VIEW,COLLINS_RAW,COL_RAW_EXPORT,/SAPLOM/MEH_MM01,SELECT * FROM COLLINS_RAW.COL_RAW_EXPORT./SAPLOM/MEH_MM01,183,PWMBW_TARGET_RE,NUMBER,
/SAPLOM/MEH_MM01,col_raw_export,TABLE_OR_VIEW,COLLINS_RAW,COL_RAW_EXPORT,/SAPLOM/MEH_MM01,SELECT * FROM COLLINS_RAW.COL_RAW_EXPORT./SAPLOM/MEH_MM01,184,PWMBW_CO,NUMBER,
/SAPLOM/MEH_MM01,col_raw_export,TABLE_OR_VIEW,COLLINS_RAW,COL_RAW_EXPORT,/SAPLOM/MEH_MM01,SELECT * FROM COLLINS_RAW.COL_RAW_EXPORT./SAPLOM/MEH_MM01,185,PWMBW_PO,NUMBER,
/SAPLOM/MEH_MM01,col_raw_export,TABLE_OR_VIEW,COLLINS_RAW,COL_RAW_EXPORT,/SAPLOM/MEH_MM01,SELECT * FROM COLLINS_RAW.COL_RAW_EXPORT./SAPLOM/MEH_MM01,186,PWMBW_ST,NUMBER,
/SAPLOM/MEH_MM01,col_raw_export,TABLE_OR_VIEW,COLLINS_RAW,COL_RAW_EXPORT,/SAPLOM/MEH_MM01,SELECT * FROM COLLINS_RAW.COL_RAW_EXPORT./SAPLOM/MEH_MM01,187,PWMBW_RE,NUMBER,
/SAPLOM/MEH_MM01,col_raw_export,TABLE_OR_VIEW,COLLINS_RAW,COL_RAW_EXPORT,/SAPLOM/MEH_MM01,SELECT * FROM COLLINS_RAW.COL_RAW_EXPORT./SAPLOM/MEH_MM01,188,PWMBW_SEC_TARGET_CO,NUMBER,
/SAPLOM/MEH_MM01,col_raw_export,TABLE_OR_VIEW,COLLINS_RAW,COL_RAW_EXPORT,/SAPLOM/MEH_MM01,SELECT * FROM COLLINS_RAW.COL_RAW_EXPORT./SAPLOM/MEH_MM01,189,PWMBW_SEC_TARGET_PO,NUMBER,
/SAPLOM/MEH_MM01,col_raw_export,TABLE_OR_VIEW,COLLINS_RAW,COL_RAW_EXPORT,/SAPLOM/MEH_MM01,SELECT * FROM COLLINS_RAW.COL_RAW_EXPORT./SAPLOM/MEH_MM01,190,PWMBW_SEC_TARGET_ST,NUMBER,
/SAPLOM/MEH_MM01,col_raw_export,TABLE_OR_VIEW,COLLINS_RAW,COL_RAW_EXPORT,/SAPLOM/MEH_MM01,SELECT * FROM COLLINS_RAW.COL_RAW_EXPORT./SAPLOM/MEH_MM01,191,PWMBW_SEC_TARGET_RE,NUMBER,
/SAPLOM/MEH_MM01,col_raw_export,TABLE_OR_VIEW,COLLINS_RAW,COL_RAW_EXPORT,/SAPLOM/MEH_MM01,SELECT * FROM COLLINS_RAW.COL_RAW_EXPORT./SAPLOM/MEH_MM01,192,PWMBW_SEC_CO,NUMBER,
/SAPLOM/MEH_MM01,col_raw_export,TABLE_OR_VIEW,COLLINS_RAW,COL_RAW_EXPORT,/SAPLOM/MEH_MM01,SELECT * FROM COLLINS_RAW.COL_RAW_EXPORT./SAPLOM/MEH_MM01,193,PWMBW_SEC_PO,NUMBER,
/SAPLOM/MEH_MM01,col_raw_export,TABLE_OR_VIEW,COLLINS_RAW,COL_RAW_EXPORT,/SAPLOM/MEH_MM01,SELECT * FROM COLLINS_RAW.COL_RAW_EXPORT./SAPLOM/MEH_MM01,194,PWMBW_SEC_ST,NUMBER,
/SAPLOM/MEH_MM01,col_raw_export,TABLE_OR_VIEW,COLLINS_RAW,COL_RAW_EXPORT,/SAPLOM/MEH_MM01,SELECT * FROM COLLINS_RAW.COL_RAW_EXPORT./SAPLOM/MEH_MM01,195,PWMBW_SEC_RE,NUMBER,
/SAPLOM/MEH_MM01,col_raw_export,TABLE_OR_VIEW,COLLINS_RAW,COL_RAW_EXPORT,/SAPLOM/MEH_MM01,SELECT * FROM COLLINS_RAW.COL_RAW_EXPORT./SAPLOM/MEH_MM01,196,PWMGS_CO,NUMBER,
/SAPLOM/MEH_MM01,col_raw_export,TABLE_OR_VIEW,COLLINS_RAW,COL_RAW_EXPORT,/SAPLOM/MEH_MM01,SELECT * FROM COLLINS_RAW.COL_RAW_EXPORT./SAPLOM/MEH_MM01,197,PWMGS_PO,NUMBER,
/SAPLOM/MEH_MM01,col_raw_export,TABLE_OR_VIEW,COLLINS_RAW,COL_RAW_EXPORT,/SAPLOM/MEH_MM01,SELECT * FROM COLLINS_RAW.COL_RAW_EXPORT./SAPLOM/MEH_MM01,198,PWMGS_ST,NUMBER,
/SAPLOM/MEH_MM01,col_raw_export,TABLE_OR_VIEW,COLLINS_RAW,COL_RAW_EXPORT,/SAPLOM/MEH_MM01,SELECT * FROM COLLINS_RAW.COL_RAW_EXPORT./SAPLOM/MEH_MM01,199,PWMGS_RE,NUMBER,
/SAPLOM/MEH_MM01,col_raw_export,TABLE_OR_VIEW,COLLINS_RAW,COL_RAW_EXPORT,/SAPLOM/MEH_MM01,SELECT * FROM COLLINS_RAW.COL_RAW_EXPORT./SAPLOM/MEH_MM01,200,CQTOWDAT_CO,NUMBER,
/SAPLOM/MEH_MM01,col_raw_export,TABLE_OR_VIEW,COLLINS_RAW,COL_RAW_EXPORT,/SAPLOM/MEH_MM01,SELECT * FROM COLLINS_RAW.COL_RAW_EXPORT./SAPLOM/MEH_MM01,201,CQTOWDAT_PO,NUMBER,
/SAPLOM/MEH_MM01,col_raw_export,TABLE_OR_VIEW,COLLINS_RAW,COL_RAW_EXPORT,/SAPLOM/MEH_MM01,SELECT * FROM COLLINS_RAW.COL_RAW_EXPORT./SAPLOM/MEH_MM01,202,CQTOWDAT_ST,NUMBER,
/SAPLOM/MEH_MM01,col_raw_export,TABLE_OR_VIEW,COLLINS_RAW,COL_RAW_EXPORT,/SAPLOM/MEH_MM01,SELECT * FROM COLLINS_RAW.COL_RAW_EXPORT./SAPLOM/MEH_MM01,203,CQTOWDAT_RE,NUMBER,
/SAPLOM/MEH_MM01,col_raw_export,TABLE_OR_VIEW,COLLINS_RAW,COL_RAW_EXPORT,/SAPLOM/MEH_MM01,SELECT * FROM COLLINS_RAW.COL_RAW_EXPORT./SAPLOM/MEH_MM01,204,PER_ITEM_NO_CO,NUMBER,
/SAPLOM/MEH_MM01,col_raw_export,TABLE_OR_VIEW,COLLINS_RAW,COL_RAW_EXPORT,/SAPLOM/MEH_MM01,SELECT * FROM COLLINS_RAW.COL_RAW_EXPORT./SAPLOM/MEH_MM01,205,PER_ITEM_NO_PO,NUMBER,
/SAPLOM/MEH_MM01,col_raw_export,TABLE_OR_VIEW,COLLINS_RAW,COL_RAW_EXPORT,/SAPLOM/MEH_MM01,SELECT * FROM COLLINS_RAW.COL_RAW_EXPORT./SAPLOM/MEH_MM01,206,PER_ITEM_NO_ST,NUMBER,
/SAPLOM/MEH_MM01,col_raw_export,TABLE_OR_VIEW,COLLINS_RAW,COL_RAW_EXPORT,/SAPLOM/MEH_MM01,SELECT * FROM COLLINS_RAW.COL_RAW_EXPORT./SAPLOM/MEH_MM01,207,PER_ITEM_NO_RE,NUMBER,
/SAPLOM/MEH_MM01,col_raw_export,TABLE_OR_VIEW,COLLINS_RAW,COL_RAW_EXPORT,/SAPLOM/MEH_MM01,SELECT * FROM COLLINS_RAW.COL_RAW_EXPORT./SAPLOM/MEH_MM01,208,WMENG_PER_CO,NUMBER,
/SAPLOM/MEH_MM01,col_raw_export,TABLE_OR_VIEW,COLLINS_RAW,COL_RAW_EXPORT,/SAPLOM/MEH_MM01,SELECT * FROM COLLINS_RAW.COL_RAW_EXPORT./SAPLOM/MEH_MM01,209,WMENG_PER_PO,NUMBER,
/SAPLOM/MEH_MM01,col_raw_export,TABLE_OR_VIEW,COLLINS_RAW,COL_RAW_EXPORT,/SAPLOM/MEH_MM01,SELECT * FROM COLLINS_RAW.COL_RAW_EXPORT./SAPLOM/MEH_MM01,210,WMENG_PER_ST,NUMBER,
/SAPLOM/MEH_MM01,col_raw_export,TABLE_OR_VIEW,COLLINS_RAW,COL_RAW_EXPORT,/SAPLOM/MEH_MM01,SELECT * FROM COLLINS_RAW.COL_RAW_EXPORT./SAPLOM/MEH_MM01,211,WMENG_PER_RE,NUMBER,
/SAPLOM/MEH_MM01,col_raw_export,TABLE_OR_VIEW,COLLINS_RAW,COL_RAW_EXPORT,/SAPLOM/MEH_MM01,SELECT * FROM COLLINS_RAW.COL_RAW_EXPORT./SAPLOM/MEH_MM01,212,SALLE_CO,NUMBER,
/SAPLOM/MEH_MM01,col_raw_export,TABLE_OR_VIEW,COLLINS_RAW,COL_RAW_EXPORT,/SAPLOM/MEH_MM01,SELECT * FROM COLLINS_RAW.COL_RAW_EXPORT./SAPLOM/MEH_MM01,213,SALLE_PO,NUMBER,
/SAPLOM/MEH_MM01,col_raw_export,TABLE_OR_VIEW,COLLINS_RAW,COL_RAW_EXPORT,/SAPLOM/MEH_MM01,SELECT * FROM COLLINS_RAW.COL_RAW_EXPORT./SAPLOM/MEH_MM01,214,SALLE_ST,NUMBER,
/SAPLOM/MEH_MM01,col_raw_export,TABLE_OR_VIEW,COLLINS_RAW,COL_RAW_EXPORT,/SAPLOM/MEH_MM01,SELECT * FROM COLLINS_RAW.COL_RAW_EXPORT./SAPLOM/MEH_MM01,215,SALLE_RE,NUMBER,
/SAPLOM/MEH_MM01,col_raw_export,TABLE_OR_VIEW,COLLINS_RAW,COL_RAW_EXPORT,/SAPLOM/MEH_MM01,SELECT * FROM COLLINS_RAW.COL_RAW_EXPORT./SAPLOM/MEH_MM01,216,DURWU_CO,NUMBER,
/SAPLOM/MEH_MM01,col_raw_export,TABLE_OR_VIEW,COLLINS_RAW,COL_RAW_EXPORT,/SAPLOM/MEH_MM01,SELECT * FROM COLLINS_RAW.COL_RAW_EXPORT./SAPLOM/MEH_MM01,217,DURWU_PO,NUMBER,
/SAPLOM/MEH_MM01,col_raw_export,TABLE_OR_VIEW,COLLINS_RAW,COL_RAW_EXPORT,/SAPLOM/MEH_MM01,SELECT * FROM COLLINS_RAW.COL_RAW_EXPORT./SAPLOM/MEH_MM01,218,DURWU_ST,NUMBER,
/SAPLOM/MEH_MM01,col_raw_export,TABLE_OR_VIEW,COLLINS_RAW,COL_RAW_EXPORT,/SAPLOM/MEH_MM01,SELECT * FROM COLLINS_RAW.COL_RAW_EXPORT./SAPLOM/MEH_MM01,219,DURWU_RE,NUMBER,
/SAPLOM/MEH_MM01,col_raw_export,TABLE_OR_VIEW,COLLINS_RAW,COL_RAW_EXPORT,/SAPLOM/MEH_MM01,SELECT * FROM COLLINS_RAW.COL_RAW_EXPORT./SAPLOM/MEH_MM01,220,AMDLTI,TEXT,
/SAPLOM/MEH_MM01,col_raw_export,TABLE_OR_VIEW,COLLINS_RAW,COL_RAW_EXPORT,/SAPLOM/MEH_MM01,SELECT * FROM COLLINS_RAW.COL_RAW_EXPORT./SAPLOM/MEH_MM01,221,PROVFLG,TEXT,
/SAPLOM/MEH_MM01,col_raw_export,TABLE_OR_VIEW,COLLINS_RAW,COL_RAW_EXPORT,/SAPLOM/MEH_MM01,SELECT * FROM COLLINS_RAW.COL_RAW_EXPORT./SAPLOM/MEH_MM01,222,FEBEPRI,TEXT,
/SAPLOM/MEH_MM01,col_raw_export,TABLE_OR_VIEW,COLLINS_RAW,COL_RAW_EXPORT,/SAPLOM/MEH_MM01,SELECT * FROM COLLINS_RAW.COL_RAW_EXPORT./SAPLOM/MEH_MM01,223,MGWBZ,TEXT,
/SAPLOM/MEH_MM01,col_raw_export,TABLE_OR_VIEW,COLLINS_RAW,COL_RAW_EXPORT,/SAPLOM/MEH_MM01,SELECT * FROM COLLINS_RAW.COL_RAW_EXPORT./SAPLOM/MEH_MM01,224,FG_MATERIAL,TEXT,
/SAPLOM/MEH_MM01,col_raw_export,TABLE_OR_VIEW,COLLINS_RAW,COL_RAW_EXPORT,/SAPLOM/MEH_MM01,SELECT * FROM COLLINS_RAW.COL_RAW_EXPORT./SAPLOM/MEH_MM01,225,REQ_VIS_HOR,NUMBER,
/SAPLOM/MEH_MM01,col_raw_export,TABLE_OR_VIEW,COLLINS_RAW,COL_RAW_EXPORT,/SAPLOM/MEH_MM01,SELECT * FROM COLLINS_RAW.COL_RAW_EXPORT./SAPLOM/MEH_MM01,226,PROVFLG_CAPA,TEXT,
/SAPLOM/MEH_MM01,col_raw_export,TABLE_OR_VIEW,COLLINS_RAW,COL_RAW_EXPORT,/SAPLOM/MEH_MM01,SELECT * FROM COLLINS_RAW.COL_RAW_EXPORT./SAPLOM/MEH_MM01,227,PROVFLG_REQU,TEXT,
/SAPLOM/MEH_MM01,col_raw_export,TABLE_OR_VIEW,COLLINS_RAW,COL_RAW_EXPORT,/SAPLOM/MEH_MM01,SELECT * FROM COLLINS_RAW.COL_RAW_EXPORT./SAPLOM/MEH_MM01,228,PROVFLG_RULE,TEXT,
/SAPLOM/MEH_MM01,col_raw_export,TABLE_OR_VIEW,COLLINS_RAW,COL_RAW_EXPORT,/SAPLOM/MEH_MM01,SELECT * FROM COLLINS_RAW.COL_RAW_EXPORT./SAPLOM/MEH_MM01,229,PROVFLG_MANU,TEXT,
/SAPLOM/MEH_MM01,col_raw_export,TABLE_OR_VIEW,COLLINS_RAW,COL_RAW_EXPORT,/SAPLOM/MEH_MM01,SELECT * FROM COLLINS_RAW.COL_RAW_EXPORT./SAPLOM/MEH_MM01,230,PROHIB_ST_FLG,TEXT,
/SAPLOM/MEH_MM01,col_raw_export,TABLE_OR_VIEW,COLLINS_RAW,COL_RAW_EXPORT,/SAPLOM/MEH_MM01,SELECT * FROM COLLINS_RAW.COL_RAW_EXPORT./SAPLOM/MEH_MM01,231,MANDAT_ST_FLG,TEXT,
/SAPLOM/MEH_MM01,col_raw_export,TABLE_OR_VIEW,COLLINS_RAW,COL_RAW_EXPORT,/SAPLOM/MEH_MM01,SELECT * FROM COLLINS_RAW.COL_RAW_EXPORT./SAPLOM/MEH_MM01,232,PROFILE,TEXT,
/SAPLOM/MEH_MM01,col_raw_export,TABLE_OR_VIEW,COLLINS_RAW,COL_RAW_EXPORT,/SAPLOM/MEH_MM01,SELECT * FROM COLLINS_RAW.COL_RAW_EXPORT./SAPLOM/MEH_MM01,233,SR_STAT_SING,TEXT,
/SAPLOM/MEH_MM01,col_raw_export,TABLE_OR_VIEW,COLLINS_RAW,COL_RAW_EXPORT,/SAPLOM/MEH_MM01,SELECT * FROM COLLINS_RAW.COL_RAW_EXPORT./SAPLOM/MEH_MM01,234,SR_STAT_MULTI,TEXT,
/SAPLOM/MEH_MM01,col_raw_export,TABLE_OR_VIEW,COLLINS_RAW,COL_RAW_EXPORT,/SAPLOM/MEH_MM01,SELECT * FROM COLLINS_RAW.COL_RAW_EXPORT./SAPLOM/MEH_MM01,235,PROVFLG_PROF,TEXT,
/SAPLOM/MEH_MM01,col_raw_export,TABLE_OR_VIEW,COLLINS_RAW,COL_RAW_EXPORT,/SAPLOM/MEH_MM01,SELECT * FROM COLLINS_RAW.COL_RAW_EXPORT./SAPLOM/MEH_MM01,236,AMDT_ST_PROHIB,TEXT,
/SAPLOM/MEH_MM01,col_raw_export,TABLE_OR_VIEW,COLLINS_RAW,COL_RAW_EXPORT,/SAPLOM/MEH_MM01,SELECT * FROM COLLINS_RAW.COL_RAW_EXPORT./SAPLOM/MEH_MM01,237,AMDT_ST_MANDAT,TEXT,
/SAPLOM/MEH_MM01,col_raw_export,TABLE_OR_VIEW,COLLINS_RAW,COL_RAW_EXPORT,/SAPLOM/MEH_MM01,SELECT * FROM COLLINS_RAW.COL_RAW_EXPORT./SAPLOM/MEH_MM01,238,MTRLT_ST_PROHIB,TEXT,
/SAPLOM/MEH_MM01,col_raw_export,TABLE_OR_VIEW,COLLINS_RAW,COL_RAW_EXPORT,/SAPLOM/MEH_MM01,SELECT * FROM COLLINS_RAW.COL_RAW_EXPORT./SAPLOM/MEH_MM01,239,MTRLT_ST_MANDAT,TEXT,
/SAPLOM/MEH_MM01,col_raw_export,TABLE_OR_VIEW,COLLINS_RAW,COL_RAW_EXPORT,/SAPLOM/MEH_MM01,SELECT * FROM COLLINS_RAW.COL_RAW_EXPORT./SAPLOM/MEH_MM01,240,RVH_ST_PROHIB,TEXT,
/SAPLOM/MEH_MM01,col_raw_export,TABLE_OR_VIEW,COLLINS_RAW,COL_RAW_EXPORT,/SAPLOM/MEH_MM01,SELECT * FROM COLLINS_RAW.COL_RAW_EXPORT./SAPLOM/MEH_MM01,241,RVH_ST_MANDAT,TEXT,
/SAPLOM/MEH_MM01,col_raw_export,TABLE_OR_VIEW,COLLINS_RAW,COL_RAW_EXPORT,/SAPLOM/MEH_MM01,SELECT * FROM COLLINS_RAW.COL_RAW_EXPORT./SAPLOM/MEH_MM01,242,B_SUP_ST_PROHIB,TEXT,
/SAPLOM/MEH_MM01,col_raw_export,TABLE_OR_VIEW,COLLINS_RAW,COL_RAW_EXPORT,/SAPLOM/MEH_MM01,SELECT * FROM COLLINS_RAW.COL_RAW_EXPORT./SAPLOM/MEH_MM01,243,FUT_B_ST_PROHIB,TEXT,
/SAPLOM/MEH_MM01,col_raw_export,TABLE_OR_VIEW,COLLINS_RAW,COL_RAW_EXPORT,/SAPLOM/MEH_MM01,SELECT * FROM COLLINS_RAW.COL_RAW_EXPORT./SAPLOM/MEH_MM01,244,MRSL,NUMBER,
/SAPLOM/MEH_MM01,col_raw_export,TABLE_OR_VIEW,COLLINS_RAW,COL_RAW_EXPORT,/SAPLOM/MEH_MM01,SELECT * FROM COLLINS_RAW.COL_RAW_EXPORT./SAPLOM/MEH_MM01,245,MRSL_PERIO,TEXT,
/SAPLOM/MEH_MM01,col_raw_export,TABLE_OR_VIEW,COLLINS_RAW,COL_RAW_EXPORT,/SAPLOM/MEH_MM01,SELECT * FROM COLLINS_RAW.COL_RAW_EXPORT./SAPLOM/MEH_MM01,246,MRSL_S,NUMBER,
/SAPLOM/MEH_MM01,col_raw_export,TABLE_OR_VIEW,COLLINS_RAW,COL_RAW_EXPORT,/SAPLOM/MEH_MM01,SELECT * FROM COLLINS_RAW.COL_RAW_EXPORT./SAPLOM/MEH_MM01,247,TSL,NUMBER,
/SAPLOM/MEH_MM01,col_raw_export,TABLE_OR_VIEW,COLLINS_RAW,COL_RAW_EXPORT,/SAPLOM/MEH_MM01,SELECT * FROM COLLINS_RAW.COL_RAW_EXPORT./SAPLOM/MEH_MM01,248,TSL_PERIO,TEXT,
/SAPLOM/MEH_MM01,col_raw_export,TABLE_OR_VIEW,COLLINS_RAW,COL_RAW_EXPORT,/SAPLOM/MEH_MM01,SELECT * FROM COLLINS_RAW.COL_RAW_EXPORT./SAPLOM/MEH_MM01,249,TSL_S,NUMBER,
/SAPLOM/MEH_MM01,col_raw_export,TABLE_OR_VIEW,COLLINS_RAW,COL_RAW_EXPORT,/SAPLOM/MEH_MM01,SELECT * FROM COLLINS_RAW.COL_RAW_EXPORT./SAPLOM/MEH_MM01,250,EXD,NUMBER,
/SAPLOM/MEH_MM01,col_raw_export,TABLE_OR_VIEW,COLLINS_RAW,COL_RAW_EXPORT,/SAPLOM/MEH_MM01,SELECT * FROM COLLINS_RAW.COL_RAW_EXPORT./SAPLOM/MEH_MM01,251,EXD_PERIO,TEXT,
/SAPLOM/MEH_MM01,col_raw_export,TABLE_OR_VIEW,COLLINS_RAW,COL_RAW_EXPORT,/SAPLOM/MEH_MM01,SELECT * FROM COLLINS_RAW.COL_RAW_EXPORT./SAPLOM/MEH_MM01,252,MSP,NUMBER,
/SAPLOM/MEH_MM01,col_raw_export,TABLE_OR_VIEW,COLLINS_RAW,COL_RAW_EXPORT,/SAPLOM/MEH_MM01,SELECT * FROM COLLINS_RAW.COL_RAW_EXPORT./SAPLOM/MEH_MM01,253,MSP_PERIO,TEXT,
/SAPLOM/MEH_MM01,col_raw_export,TABLE_OR_VIEW,COLLINS_RAW,COL_RAW_EXPORT,/SAPLOM/MEH_MM01,SELECT * FROM COLLINS_RAW.COL_RAW_EXPORT./SAPLOM/MEH_MM01,254,MSP_S,NUMBER,
/SAPLOM/MEH_MM01,col_raw_export,TABLE_OR_VIEW,COLLINS_RAW,COL_RAW_EXPORT,/SAPLOM/MEH_MM01,SELECT * FROM COLLINS_RAW.COL_RAW_EXPORT./SAPLOM/MEH_MM01,255,SLE_CATEGORY,TEXT,
/SAPLOM/MEH_MM01,col_raw_export,TABLE_OR_VIEW,COLLINS_RAW,COL_RAW_EXPORT,/SAPLOM/MEH_MM01,SELECT * FROM COLLINS_RAW.COL_RAW_EXPORT./SAPLOM/MEH_MM01,256,ZRWMIN,NUMBER,
/SAPLOM/MEH_MM01,col_raw_export,TABLE_OR_VIEW,COLLINS_RAW,COL_RAW_EXPORT,/SAPLOM/MEH_MM01,SELECT * FROM COLLINS_RAW.COL_RAW_EXPORT./SAPLOM/MEH_MM01,257,ZRWMAX,NUMBER,
/SAPLOM/MEH_MM01,col_raw_export,TABLE_OR_VIEW,COLLINS_RAW,COL_RAW_EXPORT,/SAPLOM/MEH_MM01,SELECT * FROM COLLINS_RAW.COL_RAW_EXPORT./SAPLOM/MEH_MM01,258,RWWBZMIN,NUMBER,
/SAPLOM/MEH_MM01,col_raw_export,TABLE_OR_VIEW,COLLINS_RAW,COL_RAW_EXPORT,/SAPLOM/MEH_MM01,SELECT * FROM COLLINS_RAW.COL_RAW_EXPORT./SAPLOM/MEH_MM01,259,RWWBZMAX,NUMBER,
/SAPLOM/MEH_MM01,col_raw_export,TABLE_OR_VIEW,COLLINS_RAW,COL_RAW_EXPORT,/SAPLOM/MEH_MM01,SELECT * FROM COLLINS_RAW.COL_RAW_EXPORT./SAPLOM/MEH_MM01,260,ZBSMMAX,NUMBER,
/SAPLOM/MEH_MM01,col_raw_export,TABLE_OR_VIEW,COLLINS_RAW,COL_RAW_EXPORT,/SAPLOM/MEH_MM01,SELECT * FROM COLLINS_RAW.COL_RAW_EXPORT./SAPLOM/MEH_MM01,261,ZBSWMAX,NUMBER,
/SAPLOM/MEH_MM01,col_raw_export,TABLE_OR_VIEW,COLLINS_RAW,COL_RAW_EXPORT,/SAPLOM/MEH_MM01,SELECT * FROM COLLINS_RAW.COL_RAW_EXPORT./SAPLOM/MEH_MM01,262,BSSBZRMAX,NUMBER,
/SAPLOM/MEH_MM01,col_raw_export,TABLE_OR_VIEW,COLLINS_RAW,COL_RAW_EXPORT,/SAPLOM/MEH_MM01,SELECT * FROM COLLINS_RAW.COL_RAW_EXPORT./SAPLOM/MEH_MM01,263,TARINVVAL,NUMBER,
/SAPLOM/MEH_MM01,col_raw_export,TABLE_OR_VIEW,COLLINS_RAW,COL_RAW_EXPORT,/SAPLOM/MEH_MM01,SELECT * FROM COLLINS_RAW.COL_RAW_EXPORT./SAPLOM/MEH_MM01,264,DYMOD,TEXT,
/SAPLOM/MEH_MM01,col_raw_export,TABLE_OR_VIEW,COLLINS_RAW,COL_RAW_EXPORT,/SAPLOM/MEH_MM01,SELECT * FROM COLLINS_RAW.COL_RAW_EXPORT./SAPLOM/MEH_MM01,265,DATE_RGL,TEXT,
/SAPLOM/MEH_MM01,col_raw_export,TABLE_OR_VIEW,COLLINS_RAW,COL_RAW_EXPORT,/SAPLOM/MEH_MM01,SELECT * FROM COLLINS_RAW.COL_RAW_EXPORT./SAPLOM/MEH_MM01,266,CUDYSCAB,TEXT,
/SAPLOM/MEH_MM01,col_raw_export,TABLE_OR_VIEW,COLLINS_RAW,COL_RAW_EXPORT,/SAPLOM/MEH_MM01,SELECT * FROM COLLINS_RAW.COL_RAW_EXPORT./SAPLOM/MEH_MM01,267,CUDYSCTX,TEXT,
/SAPLOM/MEH_MM01,col_raw_export,TABLE_OR_VIEW,COLLINS_RAW,COL_RAW_EXPORT,/SAPLOM/MEH_MM01,SELECT * FROM COLLINS_RAW.COL_RAW_EXPORT./SAPLOM/MEH_MM01,268,DYHOR,NUMBER,
/SAPLOM/MEH_MM01,col_raw_export,TABLE_OR_VIEW,COLLINS_RAW,COL_RAW_EXPORT,/SAPLOM/MEH_MM01,SELECT * FROM COLLINS_RAW.COL_RAW_EXPORT./SAPLOM/MEH_MM01,269,DYSTD,TEXT,
/SAPLOM/MEH_MM01,col_raw_export,TABLE_OR_VIEW,COLLINS_RAW,COL_RAW_EXPORT,/SAPLOM/MEH_MM01,SELECT * FROM COLLINS_RAW.COL_RAW_EXPORT./SAPLOM/MEH_MM01,270,DYHOR_MUL,NUMBER,
/SAPLOM/MEH_MM01,col_raw_export,TABLE_OR_VIEW,COLLINS_RAW,COL_RAW_EXPORT,/SAPLOM/MEH_MM01,SELECT * FROM COLLINS_RAW.COL_RAW_EXPORT./SAPLOM/MEH_MM01,271,ADFARSPO,NUMBER,
/SAPLOM/MEH_MM01,col_raw_export,TABLE_OR_VIEW,COLLINS_RAW,COL_RAW_EXPORT,/SAPLOM/MEH_MM01,SELECT * FROM COLLINS_RAW.COL_RAW_EXPORT./SAPLOM/MEH_MM01,272,ADFARSNE,NUMBER,
/SAPLOM/MEH_MM01,col_raw_export,TABLE_OR_VIEW,COLLINS_RAW,COL_RAW_EXPORT,/SAPLOM/MEH_MM01,SELECT * FROM COLLINS_RAW.COL_RAW_EXPORT./SAPLOM/MEH_MM01,273,ADFARLPO,NUMBER,
/SAPLOM/MEH_MM01,col_raw_export,TABLE_OR_VIEW,COLLINS_RAW,COL_RAW_EXPORT,/SAPLOM/MEH_MM01,SELECT * FROM COLLINS_RAW.COL_RAW_EXPORT./SAPLOM/MEH_MM01,274,ADFARLNE,NUMBER,
/SAPLOM/MEH_MM01,col_raw_export,TABLE_OR_VIEW,COLLINS_RAW,COL_RAW_EXPORT,/SAPLOM/MEH_MM01,SELECT * FROM COLLINS_RAW.COL_RAW_EXPORT./SAPLOM/MEH_MM01,275,ADFAYLPO,NUMBER,
/SAPLOM/MEH_MM01,col_raw_export,TABLE_OR_VIEW,COLLINS_RAW,COL_RAW_EXPORT,/SAPLOM/MEH_MM01,SELECT * FROM COLLINS_RAW.COL_RAW_EXPORT./SAPLOM/MEH_MM01,276,ADFAYLNE,NUMBER,
/SAPLOM/MEH_MM01,col_raw_export,TABLE_OR_VIEW,COLLINS_RAW,COL_RAW_EXPORT,/SAPLOM/MEH_MM01,SELECT * FROM COLLINS_RAW.COL_RAW_EXPORT./SAPLOM/MEH_MM01,277,ADFAGLPO,NUMBER,
/SAPLOM/MEH_MM01,col_raw_export,TABLE_OR_VIEW,COLLINS_RAW,COL_RAW_EXPORT,/SAPLOM/MEH_MM01,SELECT * FROM COLLINS_RAW.COL_RAW_EXPORT./SAPLOM/MEH_MM01,278,ADFAGLNE,NUMBER,
/SAPLOM/MEH_MM01,col_raw_export,TABLE_OR_VIEW,COLLINS_RAW,COL_RAW_EXPORT,/SAPLOM/MEH_MM01,SELECT * FROM COLLINS_RAW.COL_RAW_EXPORT./SAPLOM/MEH_MM01,279,RLTACC,NUMBER,
/SAPLOM/MEH_MM01,col_raw_export,TABLE_OR_VIEW,COLLINS_RAW,COL_RAW_EXPORT,/SAPLOM/MEH_MM01,SELECT * FROM COLLINS_RAW.COL_RAW_EXPORT./SAPLOM/MEH_MM01,280,PLAHOR,NUMBER,
/SAPLOM/MEH_MM01,col_raw_export,TABLE_OR_VIEW,COLLINS_RAW,COL_RAW_EXPORT,/SAPLOM/MEH_MM01,SELECT * FROM COLLINS_RAW.COL_RAW_EXPORT./SAPLOM/MEH_MM01,281,PLAHOR_RLTMUL,NUMBER,
/SAPLOM/MEH_MM01,col_raw_export,TABLE_OR_VIEW,COLLINS_RAW,COL_RAW_EXPORT,/SAPLOM/MEH_MM01,SELECT * FROM COLLINS_RAW.COL_RAW_EXPORT./SAPLOM/MEH_MM01,282,PLAHOR_CAL,TEXT,
/SAPLOM/MEH_MM01,col_raw_export,TABLE_OR_VIEW,COLLINS_RAW,COL_RAW_EXPORT,/SAPLOM/MEH_MM01,SELECT * FROM COLLINS_RAW.COL_RAW_EXPORT./SAPLOM/MEH_MM01,283,GATMAC,TEXT,
/SAPLOM/MEH_MM01,col_raw_export,TABLE_OR_VIEW,COLLINS_RAW,COL_RAW_EXPORT,/SAPLOM/MEH_MM01,SELECT * FROM COLLINS_RAW.COL_RAW_EXPORT./SAPLOM/MEH_MM01,284,WIP_LIM,NUMBER,
/SAPLOM/MEH_MM01,col_raw_export,TABLE_OR_VIEW,COLLINS_RAW,COL_RAW_EXPORT,/SAPLOM/MEH_MM01,SELECT * FROM COLLINS_RAW.COL_RAW_EXPORT./SAPLOM/MEH_MM01,285,WIP_LIM_UNIT,TEXT,
/SAPLOM/MEH_MM01,col_raw_export,TABLE_OR_VIEW,COLLINS_RAW,COL_RAW_EXPORT,/SAPLOM/MEH_MM01,SELECT * FROM COLLINS_RAW.COL_RAW_EXPORT./SAPLOM/MEH_MM01,286,CONLSMRP,TEXT,
/SAPLOM/MEH_MM01,col_raw_export,TABLE_OR_VIEW,COLLINS_RAW,COL_RAW_EXPORT,/SAPLOM/MEH_MM01,SELECT * FROM COLLINS_RAW.COL_RAW_EXPORT./SAPLOM/MEH_MM01,287,ADU_SOURCE,NUMBER,
/SAPLOM/MEH_MM01,col_raw_export,TABLE_OR_VIEW,COLLINS_RAW,COL_RAW_EXPORT,/SAPLOM/MEH_MM01,SELECT * FROM COLLINS_RAW.COL_RAW_EXPORT./SAPLOM/MEH_MM01,288,LRP_LOGIC,TEXT,
/SAPLOM/MEH_MM01,col_raw_export,TABLE_OR_VIEW,COLLINS_RAW,COL_RAW_EXPORT,/SAPLOM/MEH_MM01,SELECT * FROM COLLINS_RAW.COL_RAW_EXPORT./SAPLOM/MEH_MM01,289,LRP_SORT_CRIT,TEXT,
/SAPLOM/MEH_MM01,col_raw_export,TABLE_OR_VIEW,COLLINS_RAW,COL_RAW_EXPORT,/SAPLOM/MEH_MM01,SELECT * FROM COLLINS_RAW.COL_RAW_EXPORT./SAPLOM/MEH_MM01,290,LRP_INFO,TEXT,
/SAPLOM/MEH_MM01,col_raw_export,TABLE_OR_VIEW,COLLINS_RAW,COL_RAW_EXPORT,/SAPLOM/MEH_MM01,SELECT * FROM COLLINS_RAW.COL_RAW_EXPORT./SAPLOM/MEH_MM01,291,PMF_CONS,TEXT,
/SAPLOM/MEH_MM01,col_raw_export,TABLE_OR_VIEW,COLLINS_RAW,COL_RAW_EXPORT,/SAPLOM/MEH_MM01,SELECT * FROM COLLINS_RAW.COL_RAW_EXPORT./SAPLOM/MEH_MM01,292,RCOVPRF,TEXT,
/SAPLOM/MEH_MM01,col_raw_export,TABLE_OR_VIEW,COLLINS_RAW,COL_RAW_EXPORT,/SAPLOM/MEH_MM01,SELECT * FROM COLLINS_RAW.COL_RAW_EXPORT./SAPLOM/MEH_MM01,293,PLAN_IN_ABAP,TEXT,
/SAPLOM/MEH_MM01,col_raw_export,TABLE_OR_VIEW,COLLINS_RAW,COL_RAW_EXPORT,/SAPLOM/MEH_MM01,SELECT * FROM COLLINS_RAW.COL_RAW_EXPORT./SAPLOM/MEH_MM01,294,TOG,NUMBER,
/SAPLOM/MEH_MM01,col_raw_export,TABLE_OR_VIEW,COLLINS_RAW,COL_RAW_EXPORT,/SAPLOM/MEH_MM01,SELECT * FROM COLLINS_RAW.COL_RAW_EXPORT./SAPLOM/MEH_MM01,295,TOG_S,NUMBER,
/SAPLOM/MEH_MM01,col_raw_export,TABLE_OR_VIEW,COLLINS_RAW,COL_RAW_EXPORT,/SAPLOM/MEH_MM01,SELECT * FROM COLLINS_RAW.COL_RAW_EXPORT./SAPLOM/MEH_MM01,296,TOY,NUMBER,
/SAPLOM/MEH_MM01,col_raw_export,TABLE_OR_VIEW,COLLINS_RAW,COL_RAW_EXPORT,/SAPLOM/MEH_MM01,SELECT * FROM COLLINS_RAW.COL_RAW_EXPORT./SAPLOM/MEH_MM01,297,TOY_S,NUMBER,
/SAPLOM/MEH_MM01,col_raw_export,TABLE_OR_VIEW,COLLINS_RAW,COL_RAW_EXPORT,/SAPLOM/MEH_MM01,SELECT * FROM COLLINS_RAW.COL_RAW_EXPORT./SAPLOM/MEH_MM01,298,TOR,NUMBER,
/SAPLOM/MEH_MM01,col_raw_export,TABLE_OR_VIEW,COLLINS_RAW,COL_RAW_EXPORT,/SAPLOM/MEH_MM01,SELECT * FROM COLLINS_RAW.COL_RAW_EXPORT./SAPLOM/MEH_MM01,299,TOR_S,NUMBER,
/SAPLOM/MEH_MM01,col_raw_export,TABLE_OR_VIEW,COLLINS_RAW,COL_RAW_EXPORT,/SAPLOM/MEH_MM01,SELECT * FROM COLLINS_RAW.COL_RAW_EXPORT./SAPLOM/MEH_MM01,300,TORS,NUMBER,
/SAPLOM/MEH_MM01,col_raw_export,TABLE_OR_VIEW,COLLINS_RAW,COL_RAW_EXPORT,/SAPLOM/MEH_MM01,SELECT * FROM COLLINS_RAW.COL_RAW_EXPORT./SAPLOM/MEH_MM01,301,TORS_S,NUMBER,
/SAPLOM/MEH_MM01,col_raw_export,TABLE_OR_VIEW,COLLINS_RAW,COL_RAW_EXPORT,/SAPLOM/MEH_MM01,SELECT * FROM COLLINS_RAW.COL_RAW_EXPORT./SAPLOM/MEH_MM01,302,LFGGLV,NUMBER,
/SAPLOM/MEH_MM01,col_raw_export,TABLE_OR_VIEW,COLLINS_RAW,COL_RAW_EXPORT,/SAPLOM/MEH_MM01,SELECT * FROM COLLINS_RAW.COL_RAW_EXPORT./SAPLOM/MEH_MM01,303,LFRGLV,NUMBER,
/SAPLOM/MEH_MM01,col_raw_export,TABLE_OR_VIEW,COLLINS_RAW,COL_RAW_EXPORT,/SAPLOM/MEH_MM01,SELECT * FROM COLLINS_RAW.COL_RAW_EXPORT./SAPLOM/MEH_MM01,304,VAFGLV,NUMBER,
/SAPLOM/MEH_MM01,col_raw_export,TABLE_OR_VIEW,COLLINS_RAW,COL_RAW_EXPORT,/SAPLOM/MEH_MM01,SELECT * FROM COLLINS_RAW.COL_RAW_EXPORT./SAPLOM/MEH_MM01,305,SPIHOR,NUMBER,
/SAPLOM/MEH_MM01,col_raw_export,TABLE_OR_VIEW,COLLINS_RAW,COL_RAW_EXPORT,/SAPLOM/MEH_MM01,SELECT * FROM COLLINS_RAW.COL_RAW_EXPORT./SAPLOM/MEH_MM01,306,SPITHR,NUMBER,
/SAPLOM/MEH_MM01,col_raw_export,TABLE_OR_VIEW,COLLINS_RAW,COL_RAW_EXPORT,/SAPLOM/MEH_MM01,SELECT * FROM COLLINS_RAW.COL_RAW_EXPORT./SAPLOM/MEH_MM01,307,WBZEKT_S,NUMBER,
/SAPLOM/MEH_MM01,col_raw_export,TABLE_OR_VIEW,COLLINS_RAW,COL_RAW_EXPORT,/SAPLOM/MEH_MM01,SELECT * FROM COLLINS_RAW.COL_RAW_EXPORT./SAPLOM/MEH_MM01,308,WBZ_S,NUMBER,
/SAPLOM/MEH_MM01,col_raw_export,TABLE_OR_VIEW,COLLINS_RAW,COL_RAW_EXPORT,/SAPLOM/MEH_MM01,SELECT * FROM COLLINS_RAW.COL_RAW_EXPORT./SAPLOM/MEH_MM01,309,AVG_D_USAGE,NUMBER,
/SAPLOM/MEH_MM01,col_raw_export,TABLE_OR_VIEW,COLLINS_RAW,COL_RAW_EXPORT,/SAPLOM/MEH_MM01,SELECT * FROM COLLINS_RAW.COL_RAW_EXPORT./SAPLOM/MEH_MM01,310,PREVIEW,TEXT,
/SAPLOM/MEH_MM01,col_raw_export,TABLE_OR_VIEW,COLLINS_RAW,COL_RAW_EXPORT,/SAPLOM/MEH_MM01,SELECT * FROM COLLINS_RAW.COL_RAW_EXPORT./SAPLOM/MEH_MM01,311,PREVIEW_HOR,NUMBER,
/SAPLOM/MEH_MM01,col_raw_export,TABLE_OR_VIEW,COLLINS_RAW,COL_RAW_EXPORT,/SAPLOM/MEH_MM01,SELECT * FROM COLLINS_RAW.COL_RAW_EXPORT./SAPLOM/MEH_MM01,312,SPIREQ_IGN,TEXT,
/SAPLOM/MEH_MM01,col_raw_export,TABLE_OR_VIEW,COLLINS_RAW,COL_RAW_EXPORT,/SAPLOM/MEH_MM01,SELECT * FROM COLLINS_RAW.COL_RAW_EXPORT./SAPLOM/MEH_MM01,313,CAUSE_GREEN,TEXT,
/SAPLOM/MEH_MM01,col_raw_export,TABLE_OR_VIEW,COLLINS_RAW,COL_RAW_EXPORT,/SAPLOM/MEH_MM01,SELECT * FROM COLLINS_RAW.COL_RAW_EXPORT./SAPLOM/MEH_MM01,314,OTOGRED_ACT,TEXT,
/SAPLOM/MEH_MM01,col_raw_export,TABLE_OR_VIEW,COLLINS_RAW,COL_RAW_EXPORT,/SAPLOM/MEH_MM01,SELECT * FROM COLLINS_RAW.COL_RAW_EXPORT./SAPLOM/MEH_MM01,315,OTOG_THRES,NUMBER,
/SAPLOM/MEH_MM01,col_raw_export,TABLE_OR_VIEW,COLLINS_RAW,COL_RAW_EXPORT,/SAPLOM/MEH_MM01,SELECT * FROM COLLINS_RAW.COL_RAW_EXPORT./SAPLOM/MEH_MM01,316,MIN_PROC,NUMBER,
/SAPLOM/MEH_MM01,col_raw_export,TABLE_OR_VIEW,COLLINS_RAW,COL_RAW_EXPORT,/SAPLOM/MEH_MM01,SELECT * FROM COLLINS_RAW.COL_RAW_EXPORT./SAPLOM/MEH_MM01,317,SCM_MGRP,TEXT,
/SAPLOM/MEH_MM01,col_raw_export,TABLE_OR_VIEW,COLLINS_RAW,COL_RAW_EXPORT,/SAPLOM/MEH_MM01,SELECT * FROM COLLINS_RAW.COL_RAW_EXPORT./SAPLOM/MEH_MM01,318,SPIHOR_2,NUMBER,
/SAPLOM/MEH_MM01,col_raw_export,TABLE_OR_VIEW,COLLINS_RAW,COL_RAW_EXPORT,/SAPLOM/MEH_MM01,SELECT * FROM COLLINS_RAW.COL_RAW_EXPORT./SAPLOM/MEH_MM01,319,SPITHR_2,NUMBER,
/SAPLOM/MEH_MM01,col_raw_export,TABLE_OR_VIEW,COLLINS_RAW,COL_RAW_EXPORT,/SAPLOM/MEH_MM01,SELECT * FROM COLLINS_RAW.COL_RAW_EXPORT./SAPLOM/MEH_MM01,320,FIRST_DLV,TEXT,
/SAPLOM/MEH_MM01,col_raw_export,TABLE_OR_VIEW,COLLINS_RAW,COL_RAW_EXPORT,/SAPLOM/MEH_MM01,SELECT * FROM COLLINS_RAW.COL_RAW_EXPORT./SAPLOM/MEH_MM01,321,DEF_POSNR,TEXT,
/SAPLOM/MEH_MM01,col_raw_export,TABLE_OR_VIEW,COLLINS_RAW,COL_RAW_EXPORT,/SAPLOM/MEH_MM01,SELECT * FROM COLLINS_RAW.COL_RAW_EXPORT./SAPLOM/MEH_MM01,322,UNIT_OF_TIME,TEXT,
/SAPLOM/MEH_MM01,col_raw_export,TABLE_OR_VIEW,COLLINS_RAW,COL_RAW_EXPORT,/SAPLOM/MEH_MM01,SELECT * FROM COLLINS_RAW.COL_RAW_EXPORT./SAPLOM/MEH_MM01,323,PREVIEW_MRP,TEXT,
/SAPLOM/MEH_MM01,col_raw_export,TABLE_OR_VIEW,COLLINS_RAW,COL_RAW_EXPORT,/SAPLOM/MEH_MM01,SELECT * FROM COLLINS_RAW.COL_RAW_EXPORT./SAPLOM/MEH_MM01,324,REPL_CDC_DATE,TIMESTAMP_NTZ,
/SAPLOM/MEH_MM01,col_raw_export,TABLE_OR_VIEW,COLLINS_RAW,COL_RAW_EXPORT,/SAPLOM/MEH_MM01,SELECT * FROM COLLINS_RAW.COL_RAW_EXPORT./SAPLOM/MEH_MM01,325,REPL_CDC_OPCODE,TEXT,
EKES,col_raw_export,TABLE_OR_VIEW,COLLINS_RAW,COL_RAW_EXPORT,EKES,SELECT * FROM COLLINS_RAW.COL_RAW_EXPORT.EKES,1,MANDT,TEXT,
EKES,col_raw_export,TABLE_OR_VIEW,COLLINS_RAW,COL_RAW_EXPORT,EKES,SELECT * FROM COLLINS_RAW.COL_RAW_EXPORT.EKES,2,EBELN,TEXT,
EKES,col_raw_export,TABLE_OR_VIEW,COLLINS_RAW,COL_RAW_EXPORT,EKES,SELECT * FROM COLLINS_RAW.COL_RAW_EXPORT.EKES,3,EBELP,TEXT,
EKES,col_raw_export,TABLE_OR_VIEW,COLLINS_RAW,COL_RAW_EXPORT,EKES,SELECT * FROM COLLINS_RAW.COL_RAW_EXPORT.EKES,4,ETENS,TEXT,
EKES,col_raw_export,TABLE_OR_VIEW,COLLINS_RAW,COL_RAW_EXPORT,EKES,SELECT * FROM COLLINS_RAW.COL_RAW_EXPORT.EKES,5,EBTYP,TEXT,
EKES,col_raw_export,TABLE_OR_VIEW,COLLINS_RAW,COL_RAW_EXPORT,EKES,SELECT * FROM COLLINS_RAW.COL_RAW_EXPORT.EKES,6,EINDT,TEXT,
EKES,col_raw_export,TABLE_OR_VIEW,COLLINS_RAW,COL_RAW_EXPORT,EKES,SELECT * FROM COLLINS_RAW.COL_RAW_EXPORT.EKES,7,LPEIN,TEXT,
EKES,col_raw_export,TABLE_OR_VIEW,COLLINS_RAW,COL_RAW_EXPORT,EKES,SELECT * FROM COLLINS_RAW.COL_RAW_EXPORT.EKES,8,UZEIT,TEXT,
EKES,col_raw_export,TABLE_OR_VIEW,COLLINS_RAW,COL_RAW_EXPORT,EKES,SELECT * FROM COLLINS_RAW.COL_RAW_EXPORT.EKES,9,ERDAT,TEXT,
EKES,col_raw_export,TABLE_OR_VIEW,COLLINS_RAW,COL_RAW_EXPORT,EKES,SELECT * FROM COLLINS_RAW.COL_RAW_EXPORT.EKES,10,EZEIT,TEXT,
EKES,col_raw_export,TABLE_OR_VIEW,COLLINS_RAW,COL_RAW_EXPORT,EKES,SELECT * FROM COLLINS_RAW.COL_RAW_EXPORT.EKES,11,MENGE,NUMBER,
EKES,col_raw_export,TABLE_OR_VIEW,COLLINS_RAW,COL_RAW_EXPORT,EKES,SELECT * FROM COLLINS_RAW.COL_RAW_EXPORT.EKES,12,DABMG,NUMBER,
EKES,col_raw_export,TABLE_OR_VIEW,COLLINS_RAW,COL_RAW_EXPORT,EKES,SELECT * FROM COLLINS_RAW.COL_RAW_EXPORT.EKES,13,ESTKZ,TEXT,
EKES,col_raw_export,TABLE_OR_VIEW,COLLINS_RAW,COL_RAW_EXPORT,EKES,SELECT * FROM COLLINS_RAW.COL_RAW_EXPORT.EKES,14,LOEKZ,TEXT,
EKES,col_raw_export,TABLE_OR_VIEW,COLLINS_RAW,COL_RAW_EXPORT,EKES,SELECT * FROM COLLINS_RAW.COL_RAW_EXPORT.EKES,15,KZDIS,TEXT,
EKES,col_raw_export,TABLE_OR_VIEW,COLLINS_RAW,COL_RAW_EXPORT,EKES,SELECT * FROM COLLINS_RAW.COL_RAW_EXPORT.EKES,16,XBLNR,TEXT,
EKES,col_raw_export,TABLE_OR_VIEW,COLLINS_RAW,COL_RAW_EXPORT,EKES,SELECT * FROM COLLINS_RAW.COL_RAW_EXPORT.EKES,17,VBELN,TEXT,
EKES,col_raw_export,TABLE_OR_VIEW,COLLINS_RAW,COL_RAW_EXPORT,EKES,SELECT * FROM COLLINS_RAW.COL_RAW_EXPORT.EKES,18,VBELP,TEXT,
EKES,col_raw_export,TABLE_OR_VIEW,COLLINS_RAW,COL_RAW_EXPORT,EKES,SELECT * FROM COLLINS_RAW.COL_RAW_EXPORT.EKES,19,MPROF,TEXT,
EKES,col_raw_export,TABLE_OR_VIEW,COLLINS_RAW,COL_RAW_EXPORT,EKES,SELECT * FROM COLLINS_RAW.COL_RAW_EXPORT.EKES,20,EMATN,TEXT,
EKES,col_raw_export,TABLE_OR_VIEW,COLLINS_RAW,COL_RAW_EXPORT,EKES,SELECT * FROM COLLINS_RAW.COL_RAW_EXPORT.EKES,21,MAHNZ,NUMBER,
EKES,col_raw_export,TABLE_OR_VIEW,COLLINS_RAW,COL_RAW_EXPORT,EKES,SELECT * FROM COLLINS_RAW.COL_RAW_EXPORT.EKES,22,CHARG,TEXT,
EKES,col_raw_export,TABLE_OR_VIEW,COLLINS_RAW,COL_RAW_EXPORT,EKES,SELECT * FROM COLLINS_RAW.COL_RAW_EXPORT.EKES,23,UECHA,TEXT,
EKES,col_raw_export,TABLE_OR_VIEW,COLLINS_RAW,COL_RAW_EXPORT,EKES,SELECT * FROM COLLINS_RAW.COL_RAW_EXPORT.EKES,24,REF_ETENS,TEXT,
EKES,col_raw_export,TABLE_OR_VIEW,COLLINS_RAW,COL_RAW_EXPORT,EKES,SELECT * FROM COLLINS_RAW.COL_RAW_EXPORT.EKES,25,IMWRK,TEXT,
EKES,col_raw_export,TABLE_OR_VIEW,COLLINS_RAW,COL_RAW_EXPORT,EKES,SELECT * FROM COLLINS_RAW.COL_RAW_EXPORT.EKES,26,VBELN_ST,TEXT,
EKES,col_raw_export,TABLE_OR_VIEW,COLLINS_RAW,COL_RAW_EXPORT,EKES,SELECT * FROM COLLINS_RAW.COL_RAW_EXPORT.EKES,27,VBELP_ST,TEXT,
EKES,col_raw_export,TABLE_OR_VIEW,COLLINS_RAW,COL_RAW_EXPORT,EKES,SELECT * FROM COLLINS_RAW.COL_RAW_EXPORT.EKES,28,HANDOVERDATE,TEXT,
EKES,col_raw_export,TABLE_OR_VIEW,COLLINS_RAW,COL_RAW_EXPORT,EKES,SELECT * FROM COLLINS_RAW.COL_RAW_EXPORT.EKES,29,HANDOVERTIME,TEXT,
EKES,col_raw_export,TABLE_OR_VIEW,COLLINS_RAW,COL_RAW_EXPORT,EKES,SELECT * FROM COLLINS_RAW.COL_RAW_EXPORT.EKES,30,SGT_SCAT,TEXT,
EKES,col_raw_export,TABLE_OR_VIEW,COLLINS_RAW,COL_RAW_EXPORT,EKES,SELECT * FROM COLLINS_RAW.COL_RAW_EXPORT.EKES,31,FSH_SALLOC_QTY,NUMBER,
EKES,col_raw_export,TABLE_OR_VIEW,COLLINS_RAW,COL_RAW_EXPORT,EKES,SELECT * FROM COLLINS_RAW.COL_RAW_EXPORT.EKES,32,ORMNG,NUMBER,
EKES,col_raw_export,TABLE_OR_VIEW,COLLINS_RAW,COL_RAW_EXPORT,EKES,SELECT * FROM COLLINS_RAW.COL_RAW_EXPORT.EKES,33,REPL_CDC_DATE,TIMESTAMP_NTZ,
EKES,col_raw_export,TABLE_OR_VIEW,COLLINS_RAW,COL_RAW_EXPORT,EKES,SELECT * FROM COLLINS_RAW.COL_RAW_EXPORT.EKES,34,REPL_CDC_OPCODE,TEXT,
EKET,col_raw_export,TABLE_OR_VIEW,COLLINS_RAW,COL_RAW_EXPORT,EKET,SELECT * FROM COLLINS_RAW.COL_RAW_EXPORT.EKET,1,MANDT,TEXT,
EKET,col_raw_export,TABLE_OR_VIEW,COLLINS_RAW,COL_RAW_EXPORT,EKET,SELECT * FROM COLLINS_RAW.COL_RAW_EXPORT.EKET,2,EBELN,TEXT,
EKET,col_raw_export,TABLE_OR_VIEW,COLLINS_RAW,COL_RAW_EXPORT,EKET,SELECT * FROM COLLINS_RAW.COL_RAW_EXPORT.EKET,3,EBELP,TEXT,
EKET,col_raw_export,TABLE_OR_VIEW,COLLINS_RAW,COL_RAW_EXPORT,EKET,SELECT * FROM COLLINS_RAW.COL_RAW_EXPORT.EKET,4,ETENR,TEXT,
EKET,col_raw_export,TABLE_OR_VIEW,COLLINS_RAW,COL_RAW_EXPORT,EKET,SELECT * FROM COLLINS_RAW.COL_RAW_EXPORT.EKET,5,EINDT,TEXT,
EKET,col_raw_export,TABLE_OR_VIEW,COLLINS_RAW,COL_RAW_EXPORT,EKET,SELECT * FROM COLLINS_RAW.COL_RAW_EXPORT.EKET,6,SLFDT,TEXT,
EKET,col_raw_export,TABLE_OR_VIEW,COLLINS_RAW,COL_RAW_EXPORT,EKET,SELECT * FROM COLLINS_RAW.COL_RAW_EXPORT.EKET,7,LPEIN,TEXT,
EKET,col_raw_export,TABLE_OR_VIEW,COLLINS_RAW,COL_RAW_EXPORT,EKET,SELECT * FROM COLLINS_RAW.COL_RAW_EXPORT.EKET,8,MENGE,NUMBER,
EKET,col_raw_export,TABLE_OR_VIEW,COLLINS_RAW,COL_RAW_EXPORT,EKET,SELECT * FROM COLLINS_RAW.COL_RAW_EXPORT.EKET,9,AMENG,NUMBER,
EKET,col_raw_export,TABLE_OR_VIEW,COLLINS_RAW,COL_RAW_EXPORT,EKET,SELECT * FROM COLLINS_RAW.COL_RAW_EXPORT.EKET,10,WEMNG,NUMBER,
EKET,col_raw_export,TABLE_OR_VIEW,COLLINS_RAW,COL_RAW_EXPORT,EKET,SELECT * FROM COLLINS_RAW.COL_RAW_EXPORT.EKET,11,WAMNG,NUMBER,
EKET,col_raw_export,TABLE_OR_VIEW,COLLINS_RAW,COL_RAW_EXPORT,EKET,SELECT * FROM COLLINS_RAW.COL_RAW_EXPORT.EKET,12,UZEIT,TEXT,
EKET,col_raw_export,TABLE_OR_VIEW,COLLINS_RAW,COL_RAW_EXPORT,EKET,SELECT * FROM COLLINS_RAW.COL_RAW_EXPORT.EKET,13,BANFN,TEXT,
EKET,col_raw_export,TABLE_OR_VIEW,COLLINS_RAW,COL_RAW_EXPORT,EKET,SELECT * FROM COLLINS_RAW.COL_RAW_EXPORT.EKET,14,BNFPO,TEXT,
EKET,col_raw_export,TABLE_OR_VIEW,COLLINS_RAW,COL_RAW_EXPORT,EKET,SELECT * FROM COLLINS_RAW.COL_RAW_EXPORT.EKET,15,ESTKZ,TEXT,
EKET,col_raw_export,TABLE_OR_VIEW,COLLINS_RAW,COL_RAW_EXPORT,EKET,SELECT * FROM COLLINS_RAW.COL_RAW_EXPORT.EKET,16,QUNUM,TEXT,
EKET,col_raw_export,TABLE_OR_VIEW,COLLINS_RAW,COL_RAW_EXPORT,EKET,SELECT * FROM COLLINS_RAW.COL_RAW_EXPORT.EKET,17,QUPOS,TEXT,
EKET,col_raw_export,TABLE_OR_VIEW,COLLINS_RAW,COL_RAW_EXPORT,EKET,SELECT * FROM COLLINS_RAW.COL_RAW_EXPORT.EKET,18,MAHNZ,NUMBER,
EKET,col_raw_export,TABLE_OR_VIEW,COLLINS_RAW,COL_RAW_EXPORT,EKET,SELECT * FROM COLLINS_RAW.COL_RAW_EXPORT.EKET,19,BEDAT,TEXT,
EKET,col_raw_export,TABLE_OR_VIEW,COLLINS_RAW,COL_RAW_EXPORT,EKET,SELECT * FROM COLLINS_RAW.COL_RAW_EXPORT.EKET,20,RSNUM,TEXT,
EKET,col_raw_export,TABLE_OR_VIEW,COLLINS_RAW,COL_RAW_EXPORT,EKET,SELECT * FROM COLLINS_RAW.COL_RAW_EXPORT.EKET,21,SERNR,TEXT,
EKET,col_raw_export,TABLE_OR_VIEW,COLLINS_RAW,COL_RAW_EXPORT,EKET,SELECT * FROM COLLINS_RAW.COL_RAW_EXPORT.EKET,22,FIXKZ,TEXT,
EKET,col_raw_export,TABLE_OR_VIEW,COLLINS_RAW,COL_RAW_EXPORT,EKET,SELECT * FROM COLLINS_RAW.COL_RAW_EXPORT.EKET,23,GLMNG,NUMBER,
EKET,col_raw_export,TABLE_OR_VIEW,COLLINS_RAW,COL_RAW_EXPORT,EKET,SELECT * FROM COLLINS_RAW.COL_RAW_EXPORT.EKET,24,DABMG,NUMBER,
EKET,col_raw_export,TABLE_OR_VIEW,COLLINS_RAW,COL_RAW_EXPORT,EKET,SELECT * FROM COLLINS_RAW.COL_RAW_EXPORT.EKET,25,CHARG,TEXT,
EKET,col_raw_export,TABLE_OR_VIEW,COLLINS_RAW,COL_RAW_EXPORT,EKET,SELECT * FROM COLLINS_RAW.COL_RAW_EXPORT.EKET,26,LICHA,TEXT,
EKET,col_raw_export,TABLE_OR_VIEW,COLLINS_RAW,COL_RAW_EXPORT,EKET,SELECT * FROM COLLINS_RAW.COL_RAW_EXPORT.EKET,27,CHKOM,TEXT,
EKET,col_raw_export,TABLE_OR_VIEW,COLLINS_RAW,COL_RAW_EXPORT,EKET,SELECT * FROM COLLINS_RAW.COL_RAW_EXPORT.EKET,28,VERID,TEXT,
EKET,col_raw_export,TABLE_OR_VIEW,COLLINS_RAW,COL_RAW_EXPORT,EKET,SELECT * FROM COLLINS_RAW.COL_RAW_EXPORT.EKET,29,ABART,TEXT,
EKET,col_raw_export,TABLE_OR_VIEW,COLLINS_RAW,COL_RAW_EXPORT,EKET,SELECT * FROM COLLINS_RAW.COL_RAW_EXPORT.EKET,30,MNG02,NUMBER,
EKET,col_raw_export,TABLE_OR_VIEW,COLLINS_RAW,COL_RAW_EXPORT,EKET,SELECT * FROM COLLINS_RAW.COL_RAW_EXPORT.EKET,31,DAT01,TEXT,
EKET,col_raw_export,TABLE_OR_VIEW,COLLINS_RAW,COL_RAW_EXPORT,EKET,SELECT * FROM COLLINS_RAW.COL_RAW_EXPORT.EKET,32,ALTDT,TEXT,
EKET,col_raw_export,TABLE_OR_VIEW,COLLINS_RAW,COL_RAW_EXPORT,EKET,SELECT * FROM COLLINS_RAW.COL_RAW_EXPORT.EKET,33,AULWE,TEXT,
EKET,col_raw_export,TABLE_OR_VIEW,COLLINS_RAW,COL_RAW_EXPORT,EKET,SELECT * FROM COLLINS_RAW.COL_RAW_EXPORT.EKET,34,MBDAT,TEXT,
EKET,col_raw_export,TABLE_OR_VIEW,COLLINS_RAW,COL_RAW_EXPORT,EKET,SELECT * FROM COLLINS_RAW.COL_RAW_EXPORT.EKET,35,MBUHR,TEXT,
EKET,col_raw_export,TABLE_OR_VIEW,COLLINS_RAW,COL_RAW_EXPORT,EKET,SELECT * FROM COLLINS_RAW.COL_RAW_EXPORT.EKET,36,LDDAT,TEXT,
EKET,col_raw_export,TABLE_OR_VIEW,COLLINS_RAW,COL_RAW_EXPORT,EKET,SELECT * FROM COLLINS_RAW.COL_RAW_EXPORT.EKET,37,LDUHR,TEXT,
EKET,col_raw_export,TABLE_OR_VIEW,COLLINS_RAW,COL_RAW_EXPORT,EKET,SELECT * FROM COLLINS_RAW.COL_RAW_EXPORT.EKET,38,TDDAT,TEXT,
EKET,col_raw_export,TABLE_OR_VIEW,COLLINS_RAW,COL_RAW_EXPORT,EKET,SELECT * FROM COLLINS_RAW.COL_RAW_EXPORT.EKET,39,TDUHR,TEXT,
EKET,col_raw_export,TABLE_OR_VIEW,COLLINS_RAW,COL_RAW_EXPORT,EKET,SELECT * FROM COLLINS_RAW.COL_RAW_EXPORT.EKET,40,WADAT,TEXT,
EKET,col_raw_export,TABLE_OR_VIEW,COLLINS_RAW,COL_RAW_EXPORT,EKET,SELECT * FROM COLLINS_RAW.COL_RAW_EXPORT.EKET,41,WAUHR,TEXT,
EKET,col_raw_export,TABLE_OR_VIEW,COLLINS_RAW,COL_RAW_EXPORT,EKET,SELECT * FROM COLLINS_RAW.COL_RAW_EXPORT.EKET,42,ELDAT,TEXT,
EKET,col_raw_export,TABLE_OR_VIEW,COLLINS_RAW,COL_RAW_EXPORT,EKET,SELECT * FROM COLLINS_RAW.COL_RAW_EXPORT.EKET,43,ELUHR,TEXT,
EKET,col_raw_export,TABLE_OR_VIEW,COLLINS_RAW,COL_RAW_EXPORT,EKET,SELECT * FROM COLLINS_RAW.COL_RAW_EXPORT.EKET,44,ANZSN,NUMBER,
EKET,col_raw_export,TABLE_OR_VIEW,COLLINS_RAW,COL_RAW_EXPORT,EKET,SELECT * FROM COLLINS_RAW.COL_RAW_EXPORT.EKET,45,NODISP,TEXT,
EKET,col_raw_export,TABLE_OR_VIEW,COLLINS_RAW,COL_RAW_EXPORT,EKET,SELECT * FROM COLLINS_RAW.COL_RAW_EXPORT.EKET,46,GEO_ROUTE,TEXT,
EKET,col_raw_export,TABLE_OR_VIEW,COLLINS_RAW,COL_RAW_EXPORT,EKET,SELECT * FROM COLLINS_RAW.COL_RAW_EXPORT.EKET,47,ROUTE_GTS,TEXT,
EKET,col_raw_export,TABLE_OR_VIEW,COLLINS_RAW,COL_RAW_EXPORT,EKET,SELECT * FROM COLLINS_RAW.COL_RAW_EXPORT.EKET,48,GTS_IND,TEXT,
EKET,col_raw_export,TABLE_OR_VIEW,COLLINS_RAW,COL_RAW_EXPORT,EKET,SELECT * FROM COLLINS_RAW.COL_RAW_EXPORT.EKET,49,TSP,TEXT,
EKET,col_raw_export,TABLE_OR_VIEW,COLLINS_RAW,COL_RAW_EXPORT,EKET,SELECT * FROM COLLINS_RAW.COL_RAW_EXPORT.EKET,50,CD_LOCNO,TEXT,
EKET,col_raw_export,TABLE_OR_VIEW,COLLINS_RAW,COL_RAW_EXPORT,EKET,SELECT * FROM COLLINS_RAW.COL_RAW_EXPORT.EKET,51,CD_LOCTYPE,TEXT,
EKET,col_raw_export,TABLE_OR_VIEW,COLLINS_RAW,COL_RAW_EXPORT,EKET,SELECT * FROM COLLINS_RAW.COL_RAW_EXPORT.EKET,52,HANDOVERDATE,TEXT,
EKET,col_raw_export,TABLE_OR_VIEW,COLLINS_RAW,COL_RAW_EXPORT,EKET,SELECT * FROM COLLINS_RAW.COL_RAW_EXPORT.EKET,53,HANDOVERTIME,TEXT,
EKET,col_raw_export,TABLE_OR_VIEW,COLLINS_RAW,COL_RAW_EXPORT,EKET,SELECT * FROM COLLINS_RAW.COL_RAW_EXPORT.EKET,54,SEL,TEXT,
EKET,col_raw_export,TABLE_OR_VIEW,COLLINS_RAW,COL_RAW_EXPORT,EKET,SELECT * FROM COLLINS_RAW.COL_RAW_EXPORT.EKET,55,CCI,TEXT,
EKET,col_raw_export,TABLE_OR_VIEW,COLLINS_RAW,COL_RAW_EXPORT,EKET,SELECT * FROM COLLINS_RAW.COL_RAW_EXPORT.EKET,56,SEN,TEXT,
EKET,col_raw_export,TABLE_OR_VIEW,COLLINS_RAW,COL_RAW_EXPORT,EKET,SELECT * FROM COLLINS_RAW.COL_RAW_EXPORT.EKET,57,PSEL,TEXT,
EKET,col_raw_export,TABLE_OR_VIEW,COLLINS_RAW,COL_RAW_EXPORT,EKET,SELECT * FROM COLLINS_RAW.COL_RAW_EXPORT.EKET,58,PCCI,TEXT,
EKET,col_raw_export,TABLE_OR_VIEW,COLLINS_RAW,COL_RAW_EXPORT,EKET,SELECT * FROM COLLINS_RAW.COL_RAW_EXPORT.EKET,59,PSEN,TEXT,
EKET,col_raw_export,TABLE_OR_VIEW,COLLINS_RAW,COL_RAW_EXPORT,EKET,SELECT * FROM COLLINS_RAW.COL_RAW_EXPORT.EKET,60,DNO,TEXT,
EKET,col_raw_export,TABLE_OR_VIEW,COLLINS_RAW,COL_RAW_EXPORT,EKET,SELECT * FROM COLLINS_RAW.COL_RAW_EXPORT.EKET,61,SHM,TEXT,
EKET,col_raw_export,TABLE_OR_VIEW,COLLINS_RAW,COL_RAW_EXPORT,EKET,SELECT * FROM COLLINS_RAW.COL_RAW_EXPORT.EKET,62,SMB,TEXT,
EKET,col_raw_export,TABLE_OR_VIEW,COLLINS_RAW,COL_RAW_EXPORT,EKET,SELECT * FROM COLLINS_RAW.COL_RAW_EXPORT.EKET,63,ECC,TEXT,
EKET,col_raw_export,TABLE_OR_VIEW,COLLINS_RAW,COL_RAW_EXPORT,EKET,SELECT * FROM COLLINS_RAW.COL_RAW_EXPORT.EKET,64,PLC,TEXT,
EKET,col_raw_export,TABLE_OR_VIEW,COLLINS_RAW,COL_RAW_EXPORT,EKET,SELECT * FROM COLLINS_RAW.COL_RAW_EXPORT.EKET,65,FSH_RALLOC_QTY,NUMBER,
EKET,col_raw_export,TABLE_OR_VIEW,COLLINS_RAW,COL_RAW_EXPORT,EKET,SELECT * FROM COLLINS_RAW.COL_RAW_EXPORT.EKET,66,FSH_SALLOC_QTY,NUMBER,
EKET,col_raw_export,TABLE_OR_VIEW,COLLINS_RAW,COL_RAW_EXPORT,EKET,SELECT * FROM COLLINS_RAW.COL_RAW_EXPORT.EKET,67,FSH_OS_ID,TEXT,
EKET,col_raw_export,TABLE_OR_VIEW,COLLINS_RAW,COL_RAW_EXPORT,EKET,SELECT * FROM COLLINS_RAW.COL_RAW_EXPORT.EKET,68,KEY_ID,TEXT,
EKET,col_raw_export,TABLE_OR_VIEW,COLLINS_RAW,COL_RAW_EXPORT,EKET,SELECT * FROM COLLINS_RAW.COL_RAW_EXPORT.EKET,69,OTB_VALUE,NUMBER,
EKET,col_raw_export,TABLE_OR_VIEW,COLLINS_RAW,COL_RAW_EXPORT,EKET,SELECT * FROM COLLINS_RAW.COL_RAW_EXPORT.EKET,70,OTB_CURR,TEXT,
EKET,col_raw_export,TABLE_OR_VIEW,COLLINS_RAW,COL_RAW_EXPORT,EKET,SELECT * FROM COLLINS_RAW.COL_RAW_EXPORT.EKET,71,OTB_RES_VALUE,NUMBER,
EKET,col_raw_export,TABLE_OR_VIEW,COLLINS_RAW,COL_RAW_EXPORT,EKET,SELECT * FROM COLLINS_RAW.COL_RAW_EXPORT.EKET,72,OTB_SPEC_VALUE,NUMBER,
EKET,col_raw_export,TABLE_OR_VIEW,COLLINS_RAW,COL_RAW_EXPORT,EKET,SELECT * FROM COLLINS_RAW.COL_RAW_EXPORT.EKET,73,SPR_RSN_PROFILE,TEXT,
EKET,col_raw_export,TABLE_OR_VIEW,COLLINS_RAW,COL_RAW_EXPORT,EKET,SELECT * FROM COLLINS_RAW.COL_RAW_EXPORT.EKET,74,BUDG_TYPE,TEXT,
EKET,col_raw_export,TABLE_OR_VIEW,COLLINS_RAW,COL_RAW_EXPORT,EKET,SELECT * FROM COLLINS_RAW.COL_RAW_EXPORT.EKET,75,OTB_STATUS,TEXT,
EKET,col_raw_export,TABLE_OR_VIEW,COLLINS_RAW,COL_RAW_EXPORT,EKET,SELECT * FROM COLLINS_RAW.COL_RAW_EXPORT.EKET,76,OTB_REASON,TEXT,
EKET,col_raw_export,TABLE_OR_VIEW,COLLINS_RAW,COL_RAW_EXPORT,EKET,SELECT * FROM COLLINS_RAW.COL_RAW_EXPORT.EKET,77,CHECK_TYPE,TEXT,
EKET,col_raw_export,TABLE_OR_VIEW,COLLINS_RAW,COL_RAW_EXPORT,EKET,SELECT * FROM COLLINS_RAW.COL_RAW_EXPORT.EKET,78,DL_ID,TEXT,
EKET,col_raw_export,TABLE_OR_VIEW,COLLINS_RAW,COL_RAW_EXPORT,EKET,SELECT * FROM COLLINS_RAW.COL_RAW_EXPORT.EKET,79,HANDOVER_DATE,TEXT,
EKET,col_raw_export,TABLE_OR_VIEW,COLLINS_RAW,COL_RAW_EXPORT,EKET,SELECT * FROM COLLINS_RAW.COL_RAW_EXPORT.EKET,80,NO_SCEM,TEXT,
EKET,col_raw_export,TABLE_OR_VIEW,COLLINS_RAW,COL_RAW_EXPORT,EKET,SELECT * FROM COLLINS_RAW.COL_RAW_EXPORT.EKET,81,DNG_DATE,TEXT,
EKET,col_raw_export,TABLE_OR_VIEW,COLLINS_RAW,COL_RAW_EXPORT,EKET,SELECT * FROM COLLINS_RAW.COL_RAW_EXPORT.EKET,82,DNG_TIME,TEXT,
EKET,col_raw_export,TABLE_OR_VIEW,COLLINS_RAW,COL_RAW_EXPORT,EKET,SELECT * FROM COLLINS_RAW.COL_RAW_EXPORT.EKET,83,CNCL_ANCMNT_DONE,TEXT,
EKET,col_raw_export,TABLE_OR_VIEW,COLLINS_RAW,COL_RAW_EXPORT,EKET,SELECT * FROM COLLINS_RAW.COL_RAW_EXPORT.EKET,84,DATESHIFT_NUMBER,NUMBER,
EKET,col_raw_export,TABLE_OR_VIEW,COLLINS_RAW,COL_RAW_EXPORT,EKET,SELECT * FROM COLLINS_RAW.COL_RAW_EXPORT.EKET,85,ZZOVRD_DATE,TEXT,
EKET,col_raw_export,TABLE_OR_VIEW,COLLINS_RAW,COL_RAW_EXPORT,EKET,SELECT * FROM COLLINS_RAW.COL_RAW_EXPORT.EKET,86,ZZRSNCODE,TEXT,
EKET,col_raw_export,TABLE_OR_VIEW,COLLINS_RAW,COL_RAW_EXPORT,EKET,SELECT * FROM COLLINS_RAW.COL_RAW_EXPORT.EKET,87,ZZCOMMENTS,TEXT,
EKET,col_raw_export,TABLE_OR_VIEW,COLLINS_RAW,COL_RAW_EXPORT,EKET,SELECT * FROM COLLINS_RAW.COL_RAW_EXPORT.EKET,88,ZZUTCUID,TEXT,
EKET,col_raw_export,TABLE_OR_VIEW,COLLINS_RAW,COL_RAW_EXPORT,EKET,SELECT * FROM COLLINS_RAW.COL_RAW_EXPORT.EKET,89,ZZDATE_CHG,TEXT,
EKET,col_raw_export,TABLE_OR_VIEW,COLLINS_RAW,COL_RAW_EXPORT,EKET,SELECT * FROM COLLINS_RAW.COL_RAW_EXPORT.EKET,90,ZZTIME_CHG,TEXT,
EKET,col_raw_export,TABLE_OR_VIEW,COLLINS_RAW,COL_RAW_EXPORT,EKET,SELECT * FROM COLLINS_RAW.COL_RAW_EXPORT.EKET,91,ZZUMDAT,TEXT,
EKET,col_raw_export,TABLE_OR_VIEW,COLLINS_RAW,COL_RAW_EXPORT,EKET,SELECT * FROM COLLINS_RAW.COL_RAW_EXPORT.EKET,92,ZZCOMMIT,TEXT,
EKET,col_raw_export,TABLE_OR_VIEW,COLLINS_RAW,COL_RAW_EXPORT,EKET,SELECT * FROM COLLINS_RAW.COL_RAW_EXPORT.EKET,93,ZZMENGE,NUMBER,
EKET,col_raw_export,TABLE_OR_VIEW,COLLINS_RAW,COL_RAW_EXPORT,EKET,SELECT * FROM COLLINS_RAW.COL_RAW_EXPORT.EKET,94,ZZEINDT,TEXT,
EKET,col_raw_export,TABLE_OR_VIEW,COLLINS_RAW,COL_RAW_EXPORT,EKET,SELECT * FROM COLLINS_RAW.COL_RAW_EXPORT.EKET,95,ZZMCFDCHANGE,TEXT,
EKET,col_raw_export,TABLE_OR_VIEW,COLLINS_RAW,COL_RAW_EXPORT,EKET,SELECT * FROM COLLINS_RAW.COL_RAW_EXPORT.EKET,96,ZZREPSENT,TEXT,
EKET,col_raw_export,TABLE_OR_VIEW,COLLINS_RAW,COL_RAW_EXPORT,EKET,SELECT * FROM COLLINS_RAW.COL_RAW_EXPORT.EKET,97,REPL_CDC_DATE,TIMESTAMP_NTZ,
EKET,col_raw_export,TABLE_OR_VIEW,COLLINS_RAW,COL_RAW_EXPORT,EKET,SELECT * FROM COLLINS_RAW.COL_RAW_EXPORT.EKET,98,REPL_CDC_OPCODE,TEXT,
EKKO,col_raw_export,TABLE_OR_VIEW,COLLINS_RAW,COL_RAW_EXPORT,EKKO,SELECT * FROM COLLINS_RAW.COL_RAW_EXPORT.EKKO,1,MANDT,TEXT,
EKKO,col_raw_export,TABLE_OR_VIEW,COLLINS_RAW,COL_RAW_EXPORT,EKKO,SELECT * FROM COLLINS_RAW.COL_RAW_EXPORT.EKKO,2,EBELN,TEXT,
EKKO,col_raw_export,TABLE_OR_VIEW,COLLINS_RAW,COL_RAW_EXPORT,EKKO,SELECT * FROM COLLINS_RAW.COL_RAW_EXPORT.EKKO,3,BUKRS,TEXT,
EKKO,col_raw_export,TABLE_OR_VIEW,COLLINS_RAW,COL_RAW_EXPORT,EKKO,SELECT * FROM COLLINS_RAW.COL_RAW_EXPORT.EKKO,4,BSTYP,TEXT,
EKKO,col_raw_export,TABLE_OR_VIEW,COLLINS_RAW,COL_RAW_EXPORT,EKKO,SELECT * FROM COLLINS_RAW.COL_RAW_EXPORT.EKKO,5,BSART,TEXT,
EKKO,col_raw_export,TABLE_OR_VIEW,COLLINS_RAW,COL_RAW_EXPORT,EKKO,SELECT * FROM COLLINS_RAW.COL_RAW_EXPORT.EKKO,6,BSAKZ,TEXT,
EKKO,col_raw_export,TABLE_OR_VIEW,COLLINS_RAW,COL_RAW_EXPORT,EKKO,SELECT * FROM COLLINS_RAW.COL_RAW_EXPORT.EKKO,7,LOEKZ,TEXT,
EKKO,col_raw_export,TABLE_OR_VIEW,COLLINS_RAW,COL_RAW_EXPORT,EKKO,SELECT * FROM COLLINS_RAW.COL_RAW_EXPORT.EKKO,8,STATU,TEXT,
EKKO,col_raw_export,TABLE_OR_VIEW,COLLINS_RAW,COL_RAW_EXPORT,EKKO,SELECT * FROM COLLINS_RAW.COL_RAW_EXPORT.EKKO,9,AEDAT,TEXT,
EKKO,col_raw_export,TABLE_OR_VIEW,COLLINS_RAW,COL_RAW_EXPORT,EKKO,SELECT * FROM COLLINS_RAW.COL_RAW_EXPORT.EKKO,10,ERNAM,TEXT,
EKKO,col_raw_export,TABLE_OR_VIEW,COLLINS_RAW,COL_RAW_EXPORT,EKKO,SELECT * FROM COLLINS_RAW.COL_RAW_EXPORT.EKKO,11,PINCR,TEXT,
EKKO,col_raw_export,TABLE_OR_VIEW,COLLINS_RAW,COL_RAW_EXPORT,EKKO,SELECT * FROM COLLINS_RAW.COL_RAW_EXPORT.EKKO,12,LPONR,TEXT,
EKKO,col_raw_export,TABLE_OR_VIEW,COLLINS_RAW,COL_RAW_EXPORT,EKKO,SELECT * FROM COLLINS_RAW.COL_RAW_EXPORT.EKKO,13,LIFNR,TEXT,
EKKO,col_raw_export,TABLE_OR_VIEW,COLLINS_RAW,COL_RAW_EXPORT,EKKO,SELECT * FROM COLLINS_RAW.COL_RAW_EXPORT.EKKO,14,SPRAS,TEXT,
EKKO,col_raw_export,TABLE_OR_VIEW,COLLINS_RAW,COL_RAW_EXPORT,EKKO,SELECT * FROM COLLINS_RAW.COL_RAW_EXPORT.EKKO,15,ZTERM,TEXT,
EKKO,col_raw_export,TABLE_OR_VIEW,COLLINS_RAW,COL_RAW_EXPORT,EKKO,SELECT * FROM COLLINS_RAW.COL_RAW_EXPORT.EKKO,16,ZBD1T,NUMBER,
EKKO,col_raw_export,TABLE_OR_VIEW,COLLINS_RAW,COL_RAW_EXPORT,EKKO,SELECT * FROM COLLINS_RAW.COL_RAW_EXPORT.EKKO,17,ZBD2T,NUMBER,
EKKO,col_raw_export,TABLE_OR_VIEW,COLLINS_RAW,COL_RAW_EXPORT,EKKO,SELECT * FROM COLLINS_RAW.COL_RAW_EXPORT.EKKO,18,ZBD3T,NUMBER,
EKKO,col_raw_export,TABLE_OR_VIEW,COLLINS_RAW,COL_RAW_EXPORT,EKKO,SELECT * FROM COLLINS_RAW.COL_RAW_EXPORT.EKKO,19,ZBD1P,NUMBER,
EKKO,col_raw_export,TABLE_OR_VIEW,COLLINS_RAW,COL_RAW_EXPORT,EKKO,SELECT * FROM COLLINS_RAW.COL_RAW_EXPORT.EKKO,20,ZBD2P,NUMBER,
EKKO,col_raw_export,TABLE_OR_VIEW,COLLINS_RAW,COL_RAW_EXPORT,EKKO,SELECT * FROM COLLINS_RAW.COL_RAW_EXPORT.EKKO,21,EKORG,TEXT,
EKKO,col_raw_export,TABLE_OR_VIEW,COLLINS_RAW,COL_RAW_EXPORT,EKKO,SELECT * FROM COLLINS_RAW.COL_RAW_EXPORT.EKKO,22,EKGRP,TEXT,
EKKO,col_raw_export,TABLE_OR_VIEW,COLLINS_RAW,COL_RAW_EXPORT,EKKO,SELECT * FROM COLLINS_RAW.COL_RAW_EXPORT.EKKO,23,WAERS,TEXT,
EKKO,col_raw_export,TABLE_OR_VIEW,COLLINS_RAW,COL_RAW_EXPORT,EKKO,SELECT * FROM COLLINS_RAW.COL_RAW_EXPORT.EKKO,24,WKURS,NUMBER,
EKKO,col_raw_export,TABLE_OR_VIEW,COLLINS_RAW,COL_RAW_EXPORT,EKKO,SELECT * FROM COLLINS_RAW.COL_RAW_EXPORT.EKKO,25,KUFIX,TEXT,
EKKO,col_raw_export,TABLE_OR_VIEW,COLLINS_RAW,COL_RAW_EXPORT,EKKO,SELECT * FROM COLLINS_RAW.COL_RAW_EXPORT.EKKO,26,BEDAT,TEXT,
EKKO,col_raw_export,TABLE_OR_VIEW,COLLINS_RAW,COL_RAW_EXPORT,EKKO,SELECT * FROM COLLINS_RAW.COL_RAW_EXPORT.EKKO,27,KDATB,TEXT,
EKKO,col_raw_export,TABLE_OR_VIEW,COLLINS_RAW,COL_RAW_EXPORT,EKKO,SELECT * FROM COLLINS_RAW.COL_RAW_EXPORT.EKKO,28,KDATE,TEXT,
EKKO,col_raw_export,TABLE_OR_VIEW,COLLINS_RAW,COL_RAW_EXPORT,EKKO,SELECT * FROM COLLINS_RAW.COL_RAW_EXPORT.EKKO,29,BWBDT,TEXT,
EKKO,col_raw_export,TABLE_OR_VIEW,COLLINS_RAW,COL_RAW_EXPORT,EKKO,SELECT * FROM COLLINS_RAW.COL_RAW_EXPORT.EKKO,30,ANGDT,TEXT,
EKKO,col_raw_export,TABLE_OR_VIEW,COLLINS_RAW,COL_RAW_EXPORT,EKKO,SELECT * FROM COLLINS_RAW.COL_RAW_EXPORT.EKKO,31,BNDDT,TEXT,
EKKO,col_raw_export,TABLE_OR_VIEW,COLLINS_RAW,COL_RAW_EXPORT,EKKO,SELECT * FROM COLLINS_RAW.COL_RAW_EXPORT.EKKO,32,GWLDT,TEXT,
EKKO,col_raw_export,TABLE_OR_VIEW,COLLINS_RAW,COL_RAW_EXPORT,EKKO,SELECT * FROM COLLINS_RAW.COL_RAW_EXPORT.EKKO,33,AUSNR,TEXT,
EKKO,col_raw_export,TABLE_OR_VIEW,COLLINS_RAW,COL_RAW_EXPORT,EKKO,SELECT * FROM COLLINS_RAW.COL_RAW_EXPORT.EKKO,34,ANGNR,TEXT,
EKKO,col_raw_export,TABLE_OR_VIEW,COLLINS_RAW,COL_RAW_EXPORT,EKKO,SELECT * FROM COLLINS_RAW.COL_RAW_EXPORT.EKKO,35,IHRAN,TEXT,
EKKO,col_raw_export,TABLE_OR_VIEW,COLLINS_RAW,COL_RAW_EXPORT,EKKO,SELECT * FROM COLLINS_RAW.COL_RAW_EXPORT.EKKO,36,IHREZ,TEXT,
EKKO,col_raw_export,TABLE_OR_VIEW,COLLINS_RAW,COL_RAW_EXPORT,EKKO,SELECT * FROM COLLINS_RAW.COL_RAW_EXPORT.EKKO,37,VERKF,TEXT,
EKKO,col_raw_export,TABLE_OR_VIEW,COLLINS_RAW,COL_RAW_EXPORT,EKKO,SELECT * FROM COLLINS_RAW.COL_RAW_EXPORT.EKKO,38,TELF1,TEXT,
EKKO,col_raw_export,TABLE_OR_VIEW,COLLINS_RAW,COL_RAW_EXPORT,EKKO,SELECT * FROM COLLINS_RAW.COL_RAW_EXPORT.EKKO,39,LLIEF,TEXT,
EKKO,col_raw_export,TABLE_OR_VIEW,COLLINS_RAW,COL_RAW_EXPORT,EKKO,SELECT * FROM COLLINS_RAW.COL_RAW_EXPORT.EKKO,40,KUNNR,TEXT,
EKKO,col_raw_export,TABLE_OR_VIEW,COLLINS_RAW,COL_RAW_EXPORT,EKKO,SELECT * FROM COLLINS_RAW.COL_RAW_EXPORT.EKKO,41,KONNR,TEXT,
EKKO,col_raw_export,TABLE_OR_VIEW,COLLINS_RAW,COL_RAW_EXPORT,EKKO,SELECT * FROM COLLINS_RAW.COL_RAW_EXPORT.EKKO,42,ABGRU,TEXT,
EKKO,col_raw_export,TABLE_OR_VIEW,COLLINS_RAW,COL_RAW_EXPORT,EKKO,SELECT * FROM COLLINS_RAW.COL_RAW_EXPORT.EKKO,43,AUTLF,TEXT,
EKKO,col_raw_export,TABLE_OR_VIEW,COLLINS_RAW,COL_RAW_EXPORT,EKKO,SELECT * FROM COLLINS_RAW.COL_RAW_EXPORT.EKKO,44,WEAKT,TEXT,
EKKO,col_raw_export,TABLE_OR_VIEW,COLLINS_RAW,COL_RAW_EXPORT,EKKO,SELECT * FROM COLLINS_RAW.COL_RAW_EXPORT.EKKO,45,RESWK,TEXT,
EKKO,col_raw_export,TABLE_OR_VIEW,COLLINS_RAW,COL_RAW_EXPORT,EKKO,SELECT * FROM COLLINS_RAW.COL_RAW_EXPORT.EKKO,46,LBLIF,TEXT,
EKKO,col_raw_export,TABLE_OR_VIEW,COLLINS_RAW,COL_RAW_EXPORT,EKKO,SELECT * FROM COLLINS_RAW.COL_RAW_EXPORT.EKKO,47,INCO1,TEXT,
EKKO,col_raw_export,TABLE_OR_VIEW,COLLINS_RAW,COL_RAW_EXPORT,EKKO,SELECT * FROM COLLINS_RAW.COL_RAW_EXPORT.EKKO,48,INCO2,TEXT,
EKKO,col_raw_export,TABLE_OR_VIEW,COLLINS_RAW,COL_RAW_EXPORT,EKKO,SELECT * FROM COLLINS_RAW.COL_RAW_EXPORT.EKKO,49,KTWRT,NUMBER,
EKKO,col_raw_export,TABLE_OR_VIEW,COLLINS_RAW,COL_RAW_EXPORT,EKKO,SELECT * FROM COLLINS_RAW.COL_RAW_EXPORT.EKKO,50,SUBMI,TEXT,
EKKO,col_raw_export,TABLE_OR_VIEW,COLLINS_RAW,COL_RAW_EXPORT,EKKO,SELECT * FROM COLLINS_RAW.COL_RAW_EXPORT.EKKO,51,KNUMV,TEXT,
EKKO,col_raw_export,TABLE_OR_VIEW,COLLINS_RAW,COL_RAW_EXPORT,EKKO,SELECT * FROM COLLINS_RAW.COL_RAW_EXPORT.EKKO,52,KALSM,TEXT,
EKKO,col_raw_export,TABLE_OR_VIEW,COLLINS_RAW,COL_RAW_EXPORT,EKKO,SELECT * FROM COLLINS_RAW.COL_RAW_EXPORT.EKKO,53,STAFO,TEXT,
EKKO,col_raw_export,TABLE_OR_VIEW,COLLINS_RAW,COL_RAW_EXPORT,EKKO,SELECT * FROM COLLINS_RAW.COL_RAW_EXPORT.EKKO,54,LIFRE,TEXT,
EKKO,col_raw_export,TABLE_OR_VIEW,COLLINS_RAW,COL_RAW_EXPORT,EKKO,SELECT * FROM COLLINS_RAW.COL_RAW_EXPORT.EKKO,55,EXNUM,TEXT,
EKKO,col_raw_export,TABLE_OR_VIEW,COLLINS_RAW,COL_RAW_EXPORT,EKKO,SELECT * FROM COLLINS_RAW.COL_RAW_EXPORT.EKKO,56,UNSEZ,TEXT,
EKKO,col_raw_export,TABLE_OR_VIEW,COLLINS_RAW,COL_RAW_EXPORT,EKKO,SELECT * FROM COLLINS_RAW.COL_RAW_EXPORT.EKKO,57,LOGSY,TEXT,
EKKO,col_raw_export,TABLE_OR_VIEW,COLLINS_RAW,COL_RAW_EXPORT,EKKO,SELECT * FROM COLLINS_RAW.COL_RAW_EXPORT.EKKO,58,UPINC,TEXT,
EKKO,col_raw_export,TABLE_OR_VIEW,COLLINS_RAW,COL_RAW_EXPORT,EKKO,SELECT * FROM COLLINS_RAW.COL_RAW_EXPORT.EKKO,59,STAKO,TEXT,
EKKO,col_raw_export,TABLE_OR_VIEW,COLLINS_RAW,COL_RAW_EXPORT,EKKO,SELECT * FROM COLLINS_RAW.COL_RAW_EXPORT.EKKO,60,FRGGR,TEXT,
EKKO,col_raw_export,TABLE_OR_VIEW,COLLINS_RAW,COL_RAW_EXPORT,EKKO,SELECT * FROM COLLINS_RAW.COL_RAW_EXPORT.EKKO,61,FRGSX,TEXT,
EKKO,col_raw_export,TABLE_OR_VIEW,COLLINS_RAW,COL_RAW_EXPORT,EKKO,SELECT * FROM COLLINS_RAW.COL_RAW_EXPORT.EKKO,62,FRGKE,TEXT,
EKKO,col_raw_export,TABLE_OR_VIEW,COLLINS_RAW,COL_RAW_EXPORT,EKKO,SELECT * FROM COLLINS_RAW.COL_RAW_EXPORT.EKKO,63,FRGZU,TEXT,
EKKO,col_raw_export,TABLE_OR_VIEW,COLLINS_RAW,COL_RAW_EXPORT,EKKO,SELECT * FROM COLLINS_RAW.COL_RAW_EXPORT.EKKO,64,FRGRL,TEXT,
EKKO,col_raw_export,TABLE_OR_VIEW,COLLINS_RAW,COL_RAW_EXPORT,EKKO,SELECT * FROM COLLINS_RAW.COL_RAW_EXPORT.EKKO,65,LANDS,TEXT,
EKKO,col_raw_export,TABLE_OR_VIEW,COLLINS_RAW,COL_RAW_EXPORT,EKKO,SELECT * FROM COLLINS_RAW.COL_RAW_EXPORT.EKKO,66,LPHIS,TEXT,
EKKO,col_raw_export,TABLE_OR_VIEW,COLLINS_RAW,COL_RAW_EXPORT,EKKO,SELECT * FROM COLLINS_RAW.COL_RAW_EXPORT.EKKO,67,ADRNR,TEXT,
EKKO,col_raw_export,TABLE_OR_VIEW,COLLINS_RAW,COL_RAW_EXPORT,EKKO,SELECT * FROM COLLINS_RAW.COL_RAW_EXPORT.EKKO,68,STCEG_L,TEXT,
EKKO,col_raw_export,TABLE_OR_VIEW,COLLINS_RAW,COL_RAW_EXPORT,EKKO,SELECT * FROM COLLINS_RAW.COL_RAW_EXPORT.EKKO,69,STCEG,TEXT,
EKKO,col_raw_export,TABLE_OR_VIEW,COLLINS_RAW,COL_RAW_EXPORT,EKKO,SELECT * FROM COLLINS_RAW.COL_RAW_EXPORT.EKKO,70,ABSGR,TEXT,
EKKO,col_raw_export,TABLE_OR_VIEW,COLLINS_RAW,COL_RAW_EXPORT,EKKO,SELECT * FROM COLLINS_RAW.COL_RAW_EXPORT.EKKO,71,ADDNR,TEXT,
EKKO,col_raw_export,TABLE_OR_VIEW,COLLINS_RAW,COL_RAW_EXPORT,EKKO,SELECT * FROM COLLINS_RAW.COL_RAW_EXPORT.EKKO,72,KORNR,TEXT,
EKKO,col_raw_export,TABLE_OR_VIEW,COLLINS_RAW,COL_RAW_EXPORT,EKKO,SELECT * FROM COLLINS_RAW.COL_RAW_EXPORT.EKKO,73,MEMORY,TEXT,
EKKO,col_raw_export,TABLE_OR_VIEW,COLLINS_RAW,COL_RAW_EXPORT,EKKO,SELECT * FROM COLLINS_RAW.COL_RAW_EXPORT.EKKO,74,PROCSTAT,TEXT,
EKKO,col_raw_export,TABLE_OR_VIEW,COLLINS_RAW,COL_RAW_EXPORT,EKKO,SELECT * FROM COLLINS_RAW.COL_RAW_EXPORT.EKKO,75,RLWRT,NUMBER,
EKKO,col_raw_export,TABLE_OR_VIEW,COLLINS_RAW,COL_RAW_EXPORT,EKKO,SELECT * FROM COLLINS_RAW.COL_RAW_EXPORT.EKKO,76,REVNO,TEXT,
EKKO,col_raw_export,TABLE_OR_VIEW,COLLINS_RAW,COL_RAW_EXPORT,EKKO,SELECT * FROM COLLINS_RAW.COL_RAW_EXPORT.EKKO,77,SCMPROC,TEXT,
EKKO,col_raw_export,TABLE_OR_VIEW,COLLINS_RAW,COL_RAW_EXPORT,EKKO,SELECT * FROM COLLINS_RAW.COL_RAW_EXPORT.EKKO,78,REASON_CODE,TEXT,
EKKO,col_raw_export,TABLE_OR_VIEW,COLLINS_RAW,COL_RAW_EXPORT,EKKO,SELECT * FROM COLLINS_RAW.COL_RAW_EXPORT.EKKO,79,MEMORYTYPE,TEXT,
EKKO,col_raw_export,TABLE_OR_VIEW,COLLINS_RAW,COL_RAW_EXPORT,EKKO,SELECT * FROM COLLINS_RAW.COL_RAW_EXPORT.EKKO,80,RETTP,TEXT,
EKKO,col_raw_export,TABLE_OR_VIEW,COLLINS_RAW,COL_RAW_EXPORT,EKKO,SELECT * FROM COLLINS_RAW.COL_RAW_EXPORT.EKKO,81,RETPC,NUMBER,
EKKO,col_raw_export,TABLE_OR_VIEW,COLLINS_RAW,COL_RAW_EXPORT,EKKO,SELECT * FROM COLLINS_RAW.COL_RAW_EXPORT.EKKO,82,DPTYP,TEXT,
EKKO,col_raw_export,TABLE_OR_VIEW,COLLINS_RAW,COL_RAW_EXPORT,EKKO,SELECT * FROM COLLINS_RAW.COL_RAW_EXPORT.EKKO,83,DPPCT,NUMBER,
EKKO,col_raw_export,TABLE_OR_VIEW,COLLINS_RAW,COL_RAW_EXPORT,EKKO,SELECT * FROM COLLINS_RAW.COL_RAW_EXPORT.EKKO,84,DPAMT,NUMBER,
EKKO,col_raw_export,TABLE_OR_VIEW,COLLINS_RAW,COL_RAW_EXPORT,EKKO,SELECT * FROM COLLINS_RAW.COL_RAW_EXPORT.EKKO,85,DPDAT,TEXT,
EKKO,col_raw_export,TABLE_OR_VIEW,COLLINS_RAW,COL_RAW_EXPORT,EKKO,SELECT * FROM COLLINS_RAW.COL_RAW_EXPORT.EKKO,86,MSR_ID,TEXT,
EKKO,col_raw_export,TABLE_OR_VIEW,COLLINS_RAW,COL_RAW_EXPORT,EKKO,SELECT * FROM COLLINS_RAW.COL_RAW_EXPORT.EKKO,87,HIERARCHY_EXISTS,TEXT,
EKKO,col_raw_export,TABLE_OR_VIEW,COLLINS_RAW,COL_RAW_EXPORT,EKKO,SELECT * FROM COLLINS_RAW.COL_RAW_EXPORT.EKKO,88,THRESHOLD_EXISTS,TEXT,
EKKO,col_raw_export,TABLE_OR_VIEW,COLLINS_RAW,COL_RAW_EXPORT,EKKO,SELECT * FROM COLLINS_RAW.COL_RAW_EXPORT.EKKO,89,LEGAL_CONTRACT,TEXT,
EKKO,col_raw_export,TABLE_OR_VIEW,COLLINS_RAW,COL_RAW_EXPORT,EKKO,SELECT * FROM COLLINS_RAW.COL_RAW_EXPORT.EKKO,90,DESCRIPTION,TEXT,
EKKO,col_raw_export,TABLE_OR_VIEW,COLLINS_RAW,COL_RAW_EXPORT,EKKO,SELECT * FROM COLLINS_RAW.COL_RAW_EXPORT.EKKO,91,RELEASE_DATE,TEXT,
EKKO,col_raw_export,TABLE_OR_VIEW,COLLINS_RAW,COL_RAW_EXPORT,EKKO,SELECT * FROM COLLINS_RAW.COL_RAW_EXPORT.EKKO,92,VSART,TEXT,
EKKO,col_raw_export,TABLE_OR_VIEW,COLLINS_RAW,COL_RAW_EXPORT,EKKO,SELECT * FROM COLLINS_RAW.COL_RAW_EXPORT.EKKO,93,HANDOVERLOC,TEXT,
EKKO,col_raw_export,TABLE_OR_VIEW,COLLINS_RAW,COL_RAW_EXPORT,EKKO,SELECT * FROM COLLINS_RAW.COL_RAW_EXPORT.EKKO,94,SHIPCOND,TEXT,
EKKO,col_raw_export,TABLE_OR_VIEW,COLLINS_RAW,COL_RAW_EXPORT,EKKO,SELECT * FROM COLLINS_RAW.COL_RAW_EXPORT.EKKO,95,INCOV,TEXT,
EKKO,col_raw_export,TABLE_OR_VIEW,COLLINS_RAW,COL_RAW_EXPORT,EKKO,SELECT * FROM COLLINS_RAW.COL_RAW_EXPORT.EKKO,96,INCO2_L,TEXT,
EKKO,col_raw_export,TABLE_OR_VIEW,COLLINS_RAW,COL_RAW_EXPORT,EKKO,SELECT * FROM COLLINS_RAW.COL_RAW_EXPORT.EKKO,97,INCO3_L,TEXT,
EKKO,col_raw_export,TABLE_OR_VIEW,COLLINS_RAW,COL_RAW_EXPORT,EKKO,SELECT * FROM COLLINS_RAW.COL_RAW_EXPORT.EKKO,98,FORCE_ID,TEXT,
EKKO,col_raw_export,TABLE_OR_VIEW,COLLINS_RAW,COL_RAW_EXPORT,EKKO,SELECT * FROM COLLINS_RAW.COL_RAW_EXPORT.EKKO,99,FORCE_CNT,TEXT,
EKKO,col_raw_export,TABLE_OR_VIEW,COLLINS_RAW,COL_RAW_EXPORT,EKKO,SELECT * FROM COLLINS_RAW.COL_RAW_EXPORT.EKKO,100,RELOC_ID,TEXT,
EKKO,col_raw_export,TABLE_OR_VIEW,COLLINS_RAW,COL_RAW_EXPORT,EKKO,SELECT * FROM COLLINS_RAW.COL_RAW_EXPORT.EKKO,101,RELOC_SEQ_ID,TEXT,
EKKO,col_raw_export,TABLE_OR_VIEW,COLLINS_RAW,COL_RAW_EXPORT,EKKO,SELECT * FROM COLLINS_RAW.COL_RAW_EXPORT.EKKO,102,SOURCE_LOGSYS,TEXT,
EKKO,col_raw_export,TABLE_OR_VIEW,COLLINS_RAW,COL_RAW_EXPORT,EKKO,SELECT * FROM COLLINS_RAW.COL_RAW_EXPORT.EKKO,103,FSH_TRANSACTION,TEXT,
EKKO,col_raw_export,TABLE_OR_VIEW,COLLINS_RAW,COL_RAW_EXPORT,EKKO,SELECT * FROM COLLINS_RAW.COL_RAW_EXPORT.EKKO,104,FSH_ITEM_GROUP,TEXT,
EKKO,col_raw_export,TABLE_OR_VIEW,COLLINS_RAW,COL_RAW_EXPORT,EKKO,SELECT * FROM COLLINS_RAW.COL_RAW_EXPORT.EKKO,105,FSH_VAS_LAST_ITEM,TEXT,
EKKO,col_raw_export,TABLE_OR_VIEW,COLLINS_RAW,COL_RAW_EXPORT,EKKO,SELECT * FROM COLLINS_RAW.COL_RAW_EXPORT.EKKO,106,FSH_OS_STG_CHANGE,TEXT,
EKKO,col_raw_export,TABLE_OR_VIEW,COLLINS_RAW,COL_RAW_EXPORT,EKKO,SELECT * FROM COLLINS_RAW.COL_RAW_EXPORT.EKKO,107,DUMMY_DELETE,TEXT,
EKKO,col_raw_export,TABLE_OR_VIEW,COLLINS_RAW,COL_RAW_EXPORT,EKKO,SELECT * FROM COLLINS_RAW.COL_RAW_EXPORT.EKKO,108,ZZAPP_DATE,TEXT,
EKKO,col_raw_export,TABLE_OR_VIEW,COLLINS_RAW,COL_RAW_EXPORT,EKKO,SELECT * FROM COLLINS_RAW.COL_RAW_EXPORT.EKKO,109,ZZGTSFLAG,TEXT,
EKKO,col_raw_export,TABLE_OR_VIEW,COLLINS_RAW,COL_RAW_EXPORT,EKKO,SELECT * FROM COLLINS_RAW.COL_RAW_EXPORT.EKKO,110,ZZSNCSET,TEXT,
EKKO,col_raw_export,TABLE_OR_VIEW,COLLINS_RAW,COL_RAW_EXPORT,EKKO,SELECT * FROM COLLINS_RAW.COL_RAW_EXPORT.EKKO,111,ZZAWARD,TEXT,
EKKO,col_raw_export,TABLE_OR_VIEW,COLLINS_RAW,COL_RAW_EXPORT,EKKO,SELECT * FROM COLLINS_RAW.COL_RAW_EXPORT.EKKO,112,ZZAWARDVAL,TEXT,
EKKO,col_raw_export,TABLE_OR_VIEW,COLLINS_RAW,COL_RAW_EXPORT,EKKO,SELECT * FROM COLLINS_RAW.COL_RAW_EXPORT.EKKO,113,ZZCPSR,TEXT,
EKKO,col_raw_export,TABLE_OR_VIEW,COLLINS_RAW,COL_RAW_EXPORT,EKKO,SELECT * FROM COLLINS_RAW.COL_RAW_EXPORT.EKKO,114,ZZGOVVAL,TEXT,
EKKO,col_raw_export,TABLE_OR_VIEW,COLLINS_RAW,COL_RAW_EXPORT,EKKO,SELECT * FROM COLLINS_RAW.COL_RAW_EXPORT.EKKO,115,ZZNONSNCSET,TEXT,
EKKO,col_raw_export,TABLE_OR_VIEW,COLLINS_RAW,COL_RAW_EXPORT,EKKO,SELECT * FROM COLLINS_RAW.COL_RAW_EXPORT.EKKO,116,PLC,TEXT,
EKKO,col_raw_export,TABLE_OR_VIEW,COLLINS_RAW,COL_RAW_EXPORT,EKKO,SELECT * FROM COLLINS_RAW.COL_RAW_EXPORT.EKKO,117,SMB,TEXT,
EKKO,col_raw_export,TABLE_OR_VIEW,COLLINS_RAW,COL_RAW_EXPORT,EKKO,SELECT * FROM COLLINS_RAW.COL_RAW_EXPORT.EKKO,118,ECC,TEXT,
EKKO,col_raw_export,TABLE_OR_VIEW,COLLINS_RAW,COL_RAW_EXPORT,EKKO,SELECT * FROM COLLINS_RAW.COL_RAW_EXPORT.EKKO,119,IPP,TEXT,
EKKO,col_raw_export,TABLE_OR_VIEW,COLLINS_RAW,COL_RAW_EXPORT,EKKO,SELECT * FROM COLLINS_RAW.COL_RAW_EXPORT.EKKO,120,CUR,TEXT,
EKKO,col_raw_export,TABLE_OR_VIEW,COLLINS_RAW,COL_RAW_EXPORT,EKKO,SELECT * FROM COLLINS_RAW.COL_RAW_EXPORT.EKKO,121,ECO,TEXT,
EKKO,col_raw_export,TABLE_OR_VIEW,COLLINS_RAW,COL_RAW_EXPORT,EKKO,SELECT * FROM COLLINS_RAW.COL_RAW_EXPORT.EKKO,122,PCO,TEXT,
EKKO,col_raw_export,TABLE_OR_VIEW,COLLINS_RAW,COL_RAW_EXPORT,EKKO,SELECT * FROM COLLINS_RAW.COL_RAW_EXPORT.EKKO,123,DPT,TEXT,
EKKO,col_raw_export,TABLE_OR_VIEW,COLLINS_RAW,COL_RAW_EXPORT,EKKO,SELECT * FROM COLLINS_RAW.COL_RAW_EXPORT.EKKO,124,TOP,TEXT,
EKKO,col_raw_export,TABLE_OR_VIEW,COLLINS_RAW,COL_RAW_EXPORT,EKKO,SELECT * FROM COLLINS_RAW.COL_RAW_EXPORT.EKKO,125,SUS,TEXT,
EKKO,col_raw_export,TABLE_OR_VIEW,COLLINS_RAW,COL_RAW_EXPORT,EKKO,SELECT * FROM COLLINS_RAW.COL_RAW_EXPORT.EKKO,126,PCN,TEXT,
EKKO,col_raw_export,TABLE_OR_VIEW,COLLINS_RAW,COL_RAW_EXPORT,EKKO,SELECT * FROM COLLINS_RAW.COL_RAW_EXPORT.EKKO,127,TRU,TEXT,
EKKO,col_raw_export,TABLE_OR_VIEW,COLLINS_RAW,COL_RAW_EXPORT,EKKO,SELECT * FROM COLLINS_RAW.COL_RAW_EXPORT.EKKO,128,PCY,TEXT,
EKKO,col_raw_export,TABLE_OR_VIEW,COLLINS_RAW,COL_RAW_EXPORT,EKKO,SELECT * FROM COLLINS_RAW.COL_RAW_EXPORT.EKKO,129,PCD,TEXT,
EKKO,col_raw_export,TABLE_OR_VIEW,COLLINS_RAW,COL_RAW_EXPORT,EKKO,SELECT * FROM COLLINS_RAW.COL_RAW_EXPORT.EKKO,130,PBN,TEXT,
EKKO,col_raw_export,TABLE_OR_VIEW,COLLINS_RAW,COL_RAW_EXPORT,EKKO,SELECT * FROM COLLINS_RAW.COL_RAW_EXPORT.EKKO,131,AMN,TEXT,
EKKO,col_raw_export,TABLE_OR_VIEW,COLLINS_RAW,COL_RAW_EXPORT,EKKO,SELECT * FROM COLLINS_RAW.COL_RAW_EXPORT.EKKO,132,DNO,TEXT,
EKKO,col_raw_export,TABLE_OR_VIEW,COLLINS_RAW,COL_RAW_EXPORT,EKKO,SELECT * FROM COLLINS_RAW.COL_RAW_EXPORT.EKKO,133,POSTAT,TEXT,
EKKO,col_raw_export,TABLE_OR_VIEW,COLLINS_RAW,COL_RAW_EXPORT,EKKO,SELECT * FROM COLLINS_RAW.COL_RAW_EXPORT.EKKO,134,VZSKZ,TEXT,
EKKO,col_raw_export,TABLE_OR_VIEW,COLLINS_RAW,COL_RAW_EXPORT,EKKO,SELECT * FROM COLLINS_RAW.COL_RAW_EXPORT.EKKO,135,FSH_SNST_STATUS,TEXT,
EKKO,col_raw_export,TABLE_OR_VIEW,COLLINS_RAW,COL_RAW_EXPORT,EKKO,SELECT * FROM COLLINS_RAW.COL_RAW_EXPORT.EKKO,136,POHF_TYPE,TEXT,
EKKO,col_raw_export,TABLE_OR_VIEW,COLLINS_RAW,COL_RAW_EXPORT,EKKO,SELECT * FROM COLLINS_RAW.COL_RAW_EXPORT.EKKO,137,EQ_EINDT,TEXT,
EKKO,col_raw_export,TABLE_OR_VIEW,COLLINS_RAW,COL_RAW_EXPORT,EKKO,SELECT * FROM COLLINS_RAW.COL_RAW_EXPORT.EKKO,138,EQ_WERKS,TEXT,
EKKO,col_raw_export,TABLE_OR_VIEW,COLLINS_RAW,COL_RAW_EXPORT,EKKO,SELECT * FROM COLLINS_RAW.COL_RAW_EXPORT.EKKO,139,FIXPO,TEXT,
EKKO,col_raw_export,TABLE_OR_VIEW,COLLINS_RAW,COL_RAW_EXPORT,EKKO,SELECT * FROM COLLINS_RAW.COL_RAW_EXPORT.EKKO,140,EKGRP_ALLOW,TEXT,
EKKO,col_raw_export,TABLE_OR_VIEW,COLLINS_RAW,COL_RAW_EXPORT,EKKO,SELECT * FROM COLLINS_RAW.COL_RAW_EXPORT.EKKO,141,WERKS_ALLOW,TEXT,
EKKO,col_raw_export,TABLE_OR_VIEW,COLLINS_RAW,COL_RAW_EXPORT,EKKO,SELECT * FROM COLLINS_RAW.COL_RAW_EXPORT.EKKO,142,CONTRACT_ALLOW,TEXT,
EKKO,col_raw_export,TABLE_OR_VIEW,COLLINS_RAW,COL_RAW_EXPORT,EKKO,SELECT * FROM COLLINS_RAW.COL_RAW_EXPORT.EKKO,143,PSTYP_ALLOW,TEXT,
EKKO,col_raw_export,TABLE_OR_VIEW,COLLINS_RAW,COL_RAW_EXPORT,EKKO,SELECT * FROM COLLINS_RAW.COL_RAW_EXPORT.EKKO,144,FIXPO_ALLOW,TEXT,
EKKO,col_raw_export,TABLE_OR_VIEW,COLLINS_RAW,COL_RAW_EXPORT,EKKO,SELECT * FROM COLLINS_RAW.COL_RAW_EXPORT.EKKO,145,KEY_ID_ALLOW,TEXT,
EKKO,col_raw_export,TABLE_OR_VIEW,COLLINS_RAW,COL_RAW_EXPORT,EKKO,SELECT * FROM COLLINS_RAW.COL_RAW_EXPORT.EKKO,146,AUREL_ALLOW,TEXT,
EKKO,col_raw_export,TABLE_OR_VIEW,COLLINS_RAW,COL_RAW_EXPORT,EKKO,SELECT * FROM COLLINS_RAW.COL_RAW_EXPORT.EKKO,147,DELPER_ALLOW,TEXT,
EKKO,col_raw_export,TABLE_OR_VIEW,COLLINS_RAW,COL_RAW_EXPORT,EKKO,SELECT * FROM COLLINS_RAW.COL_RAW_EXPORT.EKKO,148,EINDT_ALLOW,TEXT,
EKKO,col_raw_export,TABLE_OR_VIEW,COLLINS_RAW,COL_RAW_EXPORT,EKKO,SELECT * FROM COLLINS_RAW.COL_RAW_EXPORT.EKKO,149,LTSNR_ALLOW,TEXT,
EKKO,col_raw_export,TABLE_OR_VIEW,COLLINS_RAW,COL_RAW_EXPORT,EKKO,SELECT * FROM COLLINS_RAW.COL_RAW_EXPORT.EKKO,150,OTB_LEVEL,TEXT,
EKKO,col_raw_export,TABLE_OR_VIEW,COLLINS_RAW,COL_RAW_EXPORT,EKKO,SELECT * FROM COLLINS_RAW.COL_RAW_EXPORT.EKKO,151,OTB_COND_TYPE,TEXT,
EKKO,col_raw_export,TABLE_OR_VIEW,COLLINS_RAW,COL_RAW_EXPORT,EKKO,SELECT * FROM COLLINS_RAW.COL_RAW_EXPORT.EKKO,152,KEY_ID,TEXT,
EKKO,col_raw_export,TABLE_OR_VIEW,COLLINS_RAW,COL_RAW_EXPORT,EKKO,SELECT * FROM COLLINS_RAW.COL_RAW_EXPORT.EKKO,153,OTB_VALUE,NUMBER,
EKKO,col_raw_export,TABLE_OR_VIEW,COLLINS_RAW,COL_RAW_EXPORT,EKKO,SELECT * FROM COLLINS_RAW.COL_RAW_EXPORT.EKKO,154,OTB_CURR,TEXT,
EKKO,col_raw_export,TABLE_OR_VIEW,COLLINS_RAW,COL_RAW_EXPORT,EKKO,SELECT * FROM COLLINS_RAW.COL_RAW_EXPORT.EKKO,155,OTB_RES_VALUE,NUMBER,
EKKO,col_raw_export,TABLE_OR_VIEW,COLLINS_RAW,COL_RAW_EXPORT,EKKO,SELECT * FROM COLLINS_RAW.COL_RAW_EXPORT.EKKO,156,OTB_SPEC_VALUE,NUMBER,
EKKO,col_raw_export,TABLE_OR_VIEW,COLLINS_RAW,COL_RAW_EXPORT,EKKO,SELECT * FROM COLLINS_RAW.COL_RAW_EXPORT.EKKO,157,SPR_RSN_PROFILE,TEXT,
EKKO,col_raw_export,TABLE_OR_VIEW,COLLINS_RAW,COL_RAW_EXPORT,EKKO,SELECT * FROM COLLINS_RAW.COL_RAW_EXPORT.EKKO,158,BUDG_TYPE,TEXT,
EKKO,col_raw_export,TABLE_OR_VIEW,COLLINS_RAW,COL_RAW_EXPORT,EKKO,SELECT * FROM COLLINS_RAW.COL_RAW_EXPORT.EKKO,159,OTB_STATUS,TEXT,
EKKO,col_raw_export,TABLE_OR_VIEW,COLLINS_RAW,COL_RAW_EXPORT,EKKO,SELECT * FROM COLLINS_RAW.COL_RAW_EXPORT.EKKO,160,OTB_REASON,TEXT,
EKKO,col_raw_export,TABLE_OR_VIEW,COLLINS_RAW,COL_RAW_EXPORT,EKKO,SELECT * FROM COLLINS_RAW.COL_RAW_EXPORT.EKKO,161,CHECK_TYPE,TEXT,
EKKO,col_raw_export,TABLE_OR_VIEW,COLLINS_RAW,COL_RAW_EXPORT,EKKO,SELECT * FROM COLLINS_RAW.COL_RAW_EXPORT.EKKO,162,CON_OTB_REQ,TEXT,
EKKO,col_raw_export,TABLE_OR_VIEW,COLLINS_RAW,COL_RAW_EXPORT,EKKO,SELECT * FROM COLLINS_RAW.COL_RAW_EXPORT.EKKO,163,CON_PREBOOK_LEV,TEXT,
EKKO,col_raw_export,TABLE_OR_VIEW,COLLINS_RAW,COL_RAW_EXPORT,EKKO,SELECT * FROM COLLINS_RAW.COL_RAW_EXPORT.EKKO,164,CON_DISTR_LEV,TEXT,
EKKO,col_raw_export,TABLE_OR_VIEW,COLLINS_RAW,COL_RAW_EXPORT,EKKO,SELECT * FROM COLLINS_RAW.COL_RAW_EXPORT.EKKO,165,REPL_CDC_DATE,TIMESTAMP_NTZ,
EKKO,col_raw_export,TABLE_OR_VIEW,COLLINS_RAW,COL_RAW_EXPORT,EKKO,SELECT * FROM COLLINS_RAW.COL_RAW_EXPORT.EKKO,166,REPL_CDC_OPCODE,TEXT,
EKPO,col_raw_export,TABLE_OR_VIEW,COLLINS_RAW,COL_RAW_EXPORT,EKPO,SELECT * FROM COLLINS_RAW.COL_RAW_EXPORT.EKPO,1,MANDT,TEXT,
EKPO,col_raw_export,TABLE_OR_VIEW,COLLINS_RAW,COL_RAW_EXPORT,EKPO,SELECT * FROM COLLINS_RAW.COL_RAW_EXPORT.EKPO,2,EBELN,TEXT,
EKPO,col_raw_export,TABLE_OR_VIEW,COLLINS_RAW,COL_RAW_EXPORT,EKPO,SELECT * FROM COLLINS_RAW.COL_RAW_EXPORT.EKPO,3,EBELP,TEXT,
EKPO,col_raw_export,TABLE_OR_VIEW,COLLINS_RAW,COL_RAW_EXPORT,EKPO,SELECT * FROM COLLINS_RAW.COL_RAW_EXPORT.EKPO,4,LOEKZ,TEXT,
EKPO,col_raw_export,TABLE_OR_VIEW,COLLINS_RAW,COL_RAW_EXPORT,EKPO,SELECT * FROM COLLINS_RAW.COL_RAW_EXPORT.EKPO,5,STATU,TEXT,
EKPO,col_raw_export,TABLE_OR_VIEW,COLLINS_RAW,COL_RAW_EXPORT,EKPO,SELECT * FROM COLLINS_RAW.COL_RAW_EXPORT.EKPO,6,AEDAT,TEXT,
EKPO,col_raw_export,TABLE_OR_VIEW,COLLINS_RAW,COL_RAW_EXPORT,EKPO,SELECT * FROM COLLINS_RAW.COL_RAW_EXPORT.EKPO,7,TXZ01,TEXT,
EKPO,col_raw_export,TABLE_OR_VIEW,COLLINS_RAW,COL_RAW_EXPORT,EKPO,SELECT * FROM COLLINS_RAW.COL_RAW_EXPORT.EKPO,8,MATNR,TEXT,
EKPO,col_raw_export,TABLE_OR_VIEW,COLLINS_RAW,COL_RAW_EXPORT,EKPO,SELECT * FROM COLLINS_RAW.COL_RAW_EXPORT.EKPO,9,EMATN,TEXT,
EKPO,col_raw_export,TABLE_OR_VIEW,COLLINS_RAW,COL_RAW_EXPORT,EKPO,SELECT * FROM COLLINS_RAW.COL_RAW_EXPORT.EKPO,10,BUKRS,TEXT,
EKPO,col_raw_export,TABLE_OR_VIEW,COLLINS_RAW,COL_RAW_EXPORT,EKPO,SELECT * FROM COLLINS_RAW.COL_RAW_EXPORT.EKPO,11,WERKS,TEXT,
EKPO,col_raw_export,TABLE_OR_VIEW,COLLINS_RAW,COL_RAW_EXPORT,EKPO,SELECT * FROM COLLINS_RAW.COL_RAW_EXPORT.EKPO,12,LGORT,TEXT,
EKPO,col_raw_export,TABLE_OR_VIEW,COLLINS_RAW,COL_RAW_EXPORT,EKPO,SELECT * FROM COLLINS_RAW.COL_RAW_EXPORT.EKPO,13,BEDNR,TEXT,
EKPO,col_raw_export,TABLE_OR_VIEW,COLLINS_RAW,COL_RAW_EXPORT,EKPO,SELECT * FROM COLLINS_RAW.COL_RAW_EXPORT.EKPO,14,MATKL,TEXT,
EKPO,col_raw_export,TABLE_OR_VIEW,COLLINS_RAW,COL_RAW_EXPORT,EKPO,SELECT * FROM COLLINS_RAW.COL_RAW_EXPORT.EKPO,15,INFNR,TEXT,
EKPO,col_raw_export,TABLE_OR_VIEW,COLLINS_RAW,COL_RAW_EXPORT,EKPO,SELECT * FROM COLLINS_RAW.COL_RAW_EXPORT.EKPO,16,IDNLF,TEXT,
EKPO,col_raw_export,TABLE_OR_VIEW,COLLINS_RAW,COL_RAW_EXPORT,EKPO,SELECT * FROM COLLINS_RAW.COL_RAW_EXPORT.EKPO,17,KTMNG,NUMBER,
EKPO,col_raw_export,TABLE_OR_VIEW,COLLINS_RAW,COL_RAW_EXPORT,EKPO,SELECT * FROM COLLINS_RAW.COL_RAW_EXPORT.EKPO,18,MENGE,NUMBER,
EKPO,col_raw_export,TABLE_OR_VIEW,COLLINS_RAW,COL_RAW_EXPORT,EKPO,SELECT * FROM COLLINS_RAW.COL_RAW_EXPORT.EKPO,19,MEINS,TEXT,
EKPO,col_raw_export,TABLE_OR_VIEW,COLLINS_RAW,COL_RAW_EXPORT,EKPO,SELECT * FROM COLLINS_RAW.COL_RAW_EXPORT.EKPO,20,BPRME,TEXT,
EKPO,col_raw_export,TABLE_OR_VIEW,COLLINS_RAW,COL_RAW_EXPORT,EKPO,SELECT * FROM COLLINS_RAW.COL_RAW_EXPORT.EKPO,21,BPUMZ,NUMBER,
EKPO,col_raw_export,TABLE_OR_VIEW,COLLINS_RAW,COL_RAW_EXPORT,EKPO,SELECT * FROM COLLINS_RAW.COL_RAW_EXPORT.EKPO,22,BPUMN,NUMBER,
EKPO,col_raw_export,TABLE_OR_VIEW,COLLINS_RAW,COL_RAW_EXPORT,EKPO,SELECT * FROM COLLINS_RAW.COL_RAW_EXPORT.EKPO,23,UMREZ,NUMBER,
EKPO,col_raw_export,TABLE_OR_VIEW,COLLINS_RAW,COL_RAW_EXPORT,EKPO,SELECT * FROM COLLINS_RAW.COL_RAW_EXPORT.EKPO,24,UMREN,NUMBER,
EKPO,col_raw_export,TABLE_OR_VIEW,COLLINS_RAW,COL_RAW_EXPORT,EKPO,SELECT * FROM COLLINS_RAW.COL_RAW_EXPORT.EKPO,25,NETPR,NUMBER,
EKPO,col_raw_export,TABLE_OR_VIEW,COLLINS_RAW,COL_RAW_EXPORT,EKPO,SELECT * FROM COLLINS_RAW.COL_RAW_EXPORT.EKPO,26,PEINH,NUMBER,
EKPO,col_raw_export,TABLE_OR_VIEW,COLLINS_RAW,COL_RAW_EXPORT,EKPO,SELECT * FROM COLLINS_RAW.COL_RAW_EXPORT.EKPO,27,NETWR,NUMBER,
EKPO,col_raw_export,TABLE_OR_VIEW,COLLINS_RAW,COL_RAW_EXPORT,EKPO,SELECT * FROM COLLINS_RAW.COL_RAW_EXPORT.EKPO,28,BRTWR,NUMBER,
EKPO,col_raw_export,TABLE_OR_VIEW,COLLINS_RAW,COL_RAW_EXPORT,EKPO,SELECT * FROM COLLINS_RAW.COL_RAW_EXPORT.EKPO,29,AGDAT,TEXT,
EKPO,col_raw_export,TABLE_OR_VIEW,COLLINS_RAW,COL_RAW_EXPORT,EKPO,SELECT * FROM COLLINS_RAW.COL_RAW_EXPORT.EKPO,30,WEBAZ,NUMBER,
EKPO,col_raw_export,TABLE_OR_VIEW,COLLINS_RAW,COL_RAW_EXPORT,EKPO,SELECT * FROM COLLINS_RAW.COL_RAW_EXPORT.EKPO,31,MWSKZ,TEXT,
EKPO,col_raw_export,TABLE_OR_VIEW,COLLINS_RAW,COL_RAW_EXPORT,EKPO,SELECT * FROM COLLINS_RAW.COL_RAW_EXPORT.EKPO,32,BONUS,TEXT,
EKPO,col_raw_export,TABLE_OR_VIEW,COLLINS_RAW,COL_RAW_EXPORT,EKPO,SELECT * FROM COLLINS_RAW.COL_RAW_EXPORT.EKPO,33,INSMK,TEXT,
EKPO,col_raw_export,TABLE_OR_VIEW,COLLINS_RAW,COL_RAW_EXPORT,EKPO,SELECT * FROM COLLINS_RAW.COL_RAW_EXPORT.EKPO,34,SPINF,TEXT,
EKPO,col_raw_export,TABLE_OR_VIEW,COLLINS_RAW,COL_RAW_EXPORT,EKPO,SELECT * FROM COLLINS_RAW.COL_RAW_EXPORT.EKPO,35,PRSDR,TEXT,
EKPO,col_raw_export,TABLE_OR_VIEW,COLLINS_RAW,COL_RAW_EXPORT,EKPO,SELECT * FROM COLLINS_RAW.COL_RAW_EXPORT.EKPO,36,SCHPR,TEXT,
EKPO,col_raw_export,TABLE_OR_VIEW,COLLINS_RAW,COL_RAW_EXPORT,EKPO,SELECT * FROM COLLINS_RAW.COL_RAW_EXPORT.EKPO,37,MAHNZ,NUMBER,
EKPO,col_raw_export,TABLE_OR_VIEW,COLLINS_RAW,COL_RAW_EXPORT,EKPO,SELECT * FROM COLLINS_RAW.COL_RAW_EXPORT.EKPO,38,MAHN1,NUMBER,
EKPO,col_raw_export,TABLE_OR_VIEW,COLLINS_RAW,COL_RAW_EXPORT,EKPO,SELECT * FROM COLLINS_RAW.COL_RAW_EXPORT.EKPO,39,MAHN2,NUMBER,
EKPO,col_raw_export,TABLE_OR_VIEW,COLLINS_RAW,COL_RAW_EXPORT,EKPO,SELECT * FROM COLLINS_RAW.COL_RAW_EXPORT.EKPO,40,MAHN3,NUMBER,
EKPO,col_raw_export,TABLE_OR_VIEW,COLLINS_RAW,COL_RAW_EXPORT,EKPO,SELECT * FROM COLLINS_RAW.COL_RAW_EXPORT.EKPO,41,UEBTO,NUMBER,
EKPO,col_raw_export,TABLE_OR_VIEW,COLLINS_RAW,COL_RAW_EXPORT,EKPO,SELECT * FROM COLLINS_RAW.COL_RAW_EXPORT.EKPO,42,UEBTK,TEXT,
EKPO,col_raw_export,TABLE_OR_VIEW,COLLINS_RAW,COL_RAW_EXPORT,EKPO,SELECT * FROM COLLINS_RAW.COL_RAW_EXPORT.EKPO,43,UNTTO,NUMBER,
EKPO,col_raw_export,TABLE_OR_VIEW,COLLINS_RAW,COL_RAW_EXPORT,EKPO,SELECT * FROM COLLINS_RAW.COL_RAW_EXPORT.EKPO,44,BWTAR,TEXT,
EKPO,col_raw_export,TABLE_OR_VIEW,COLLINS_RAW,COL_RAW_EXPORT,EKPO,SELECT * FROM COLLINS_RAW.COL_RAW_EXPORT.EKPO,45,BWTTY,TEXT,
EKPO,col_raw_export,TABLE_OR_VIEW,COLLINS_RAW,COL_RAW_EXPORT,EKPO,SELECT * FROM COLLINS_RAW.COL_RAW_EXPORT.EKPO,46,ABSKZ,TEXT,
EKPO,col_raw_export,TABLE_OR_VIEW,COLLINS_RAW,COL_RAW_EXPORT,EKPO,SELECT * FROM COLLINS_RAW.COL_RAW_EXPORT.EKPO,47,AGMEM,TEXT,
EKPO,col_raw_export,TABLE_OR_VIEW,COLLINS_RAW,COL_RAW_EXPORT,EKPO,SELECT * FROM COLLINS_RAW.COL_RAW_EXPORT.EKPO,48,ELIKZ,TEXT,
EKPO,col_raw_export,TABLE_OR_VIEW,COLLINS_RAW,COL_RAW_EXPORT,EKPO,SELECT * FROM COLLINS_RAW.COL_RAW_EXPORT.EKPO,49,EREKZ,TEXT,
EKPO,col_raw_export,TABLE_OR_VIEW,COLLINS_RAW,COL_RAW_EXPORT,EKPO,SELECT * FROM COLLINS_RAW.COL_RAW_EXPORT.EKPO,50,PSTYP,TEXT,
EKPO,col_raw_export,TABLE_OR_VIEW,COLLINS_RAW,COL_RAW_EXPORT,EKPO,SELECT * FROM COLLINS_RAW.COL_RAW_EXPORT.EKPO,51,KNTTP,TEXT,
EKPO,col_raw_export,TABLE_OR_VIEW,COLLINS_RAW,COL_RAW_EXPORT,EKPO,SELECT * FROM COLLINS_RAW.COL_RAW_EXPORT.EKPO,52,KZVBR,TEXT,
EKPO,col_raw_export,TABLE_OR_VIEW,COLLINS_RAW,COL_RAW_EXPORT,EKPO,SELECT * FROM COLLINS_RAW.COL_RAW_EXPORT.EKPO,53,VRTKZ,TEXT,
EKPO,col_raw_export,TABLE_OR_VIEW,COLLINS_RAW,COL_RAW_EXPORT,EKPO,SELECT * FROM COLLINS_RAW.COL_RAW_EXPORT.EKPO,54,TWRKZ,TEXT,
EKPO,col_raw_export,TABLE_OR_VIEW,COLLINS_RAW,COL_RAW_EXPORT,EKPO,SELECT * FROM COLLINS_RAW.COL_RAW_EXPORT.EKPO,55,WEPOS,TEXT,
EKPO,col_raw_export,TABLE_OR_VIEW,COLLINS_RAW,COL_RAW_EXPORT,EKPO,SELECT * FROM COLLINS_RAW.COL_RAW_EXPORT.EKPO,56,WEUNB,TEXT,
EKPO,col_raw_export,TABLE_OR_VIEW,COLLINS_RAW,COL_RAW_EXPORT,EKPO,SELECT * FROM COLLINS_RAW.COL_RAW_EXPORT.EKPO,57,REPOS,TEXT,
EKPO,col_raw_export,TABLE_OR_VIEW,COLLINS_RAW,COL_RAW_EXPORT,EKPO,SELECT * FROM COLLINS_RAW.COL_RAW_EXPORT.EKPO,58,WEBRE,TEXT,
EKPO,col_raw_export,TABLE_OR_VIEW,COLLINS_RAW,COL_RAW_EXPORT,EKPO,SELECT * FROM COLLINS_RAW.COL_RAW_EXPORT.EKPO,59,KZABS,TEXT,
EKPO,col_raw_export,TABLE_OR_VIEW,COLLINS_RAW,COL_RAW_EXPORT,EKPO,SELECT * FROM COLLINS_RAW.COL_RAW_EXPORT.EKPO,60,LABNR,TEXT,
EKPO,col_raw_export,TABLE_OR_VIEW,COLLINS_RAW,COL_RAW_EXPORT,EKPO,SELECT * FROM COLLINS_RAW.COL_RAW_EXPORT.EKPO,61,KONNR,TEXT,
EKPO,col_raw_export,TABLE_OR_VIEW,COLLINS_RAW,COL_RAW_EXPORT,EKPO,SELECT * FROM COLLINS_RAW.COL_RAW_EXPORT.EKPO,62,KTPNR,TEXT,
EKPO,col_raw_export,TABLE_OR_VIEW,COLLINS_RAW,COL_RAW_EXPORT,EKPO,SELECT * FROM COLLINS_RAW.COL_RAW_EXPORT.EKPO,63,ABDAT,TEXT,
EKPO,col_raw_export,TABLE_OR_VIEW,COLLINS_RAW,COL_RAW_EXPORT,EKPO,SELECT * FROM COLLINS_RAW.COL_RAW_EXPORT.EKPO,64,ABFTZ,NUMBER,
EKPO,col_raw_export,TABLE_OR_VIEW,COLLINS_RAW,COL_RAW_EXPORT,EKPO,SELECT * FROM COLLINS_RAW.COL_RAW_EXPORT.EKPO,65,ETFZ1,NUMBER,
EKPO,col_raw_export,TABLE_OR_VIEW,COLLINS_RAW,COL_RAW_EXPORT,EKPO,SELECT * FROM COLLINS_RAW.COL_RAW_EXPORT.EKPO,66,ETFZ2,NUMBER,
EKPO,col_raw_export,TABLE_OR_VIEW,COLLINS_RAW,COL_RAW_EXPORT,EKPO,SELECT * FROM COLLINS_RAW.COL_RAW_EXPORT.EKPO,67,KZSTU,TEXT,
EKPO,col_raw_export,TABLE_OR_VIEW,COLLINS_RAW,COL_RAW_EXPORT,EKPO,SELECT * FROM COLLINS_RAW.COL_RAW_EXPORT.EKPO,68,NOTKZ,TEXT,
EKPO,col_raw_export,TABLE_OR_VIEW,COLLINS_RAW,COL_RAW_EXPORT,EKPO,SELECT * FROM COLLINS_RAW.COL_RAW_EXPORT.EKPO,69,LMEIN,TEXT,
EKPO,col_raw_export,TABLE_OR_VIEW,COLLINS_RAW,COL_RAW_EXPORT,EKPO,SELECT * FROM COLLINS_RAW.COL_RAW_EXPORT.EKPO,70,EVERS,TEXT,
EKPO,col_raw_export,TABLE_OR_VIEW,COLLINS_RAW,COL_RAW_EXPORT,EKPO,SELECT * FROM COLLINS_RAW.COL_RAW_EXPORT.EKPO,71,ZWERT,NUMBER,
EKPO,col_raw_export,TABLE_OR_VIEW,COLLINS_RAW,COL_RAW_EXPORT,EKPO,SELECT * FROM COLLINS_RAW.COL_RAW_EXPORT.EKPO,72,NAVNW,NUMBER,
EKPO,col_raw_export,TABLE_OR_VIEW,COLLINS_RAW,COL_RAW_EXPORT,EKPO,SELECT * FROM COLLINS_RAW.COL_RAW_EXPORT.EKPO,73,ABMNG,NUMBER,
EKPO,col_raw_export,TABLE_OR_VIEW,COLLINS_RAW,COL_RAW_EXPORT,EKPO,SELECT * FROM COLLINS_RAW.COL_RAW_EXPORT.EKPO,74,PRDAT,TEXT,
EKPO,col_raw_export,TABLE_OR_VIEW,COLLINS_RAW,COL_RAW_EXPORT,EKPO,SELECT * FROM COLLINS_RAW.COL_RAW_EXPORT.EKPO,75,BSTYP,TEXT,
EKPO,col_raw_export,TABLE_OR_VIEW,COLLINS_RAW,COL_RAW_EXPORT,EKPO,SELECT * FROM COLLINS_RAW.COL_RAW_EXPORT.EKPO,76,EFFWR,NUMBER,
EKPO,col_raw_export,TABLE_OR_VIEW,COLLINS_RAW,COL_RAW_EXPORT,EKPO,SELECT * FROM COLLINS_RAW.COL_RAW_EXPORT.EKPO,77,XOBLR,TEXT,
EKPO,col_raw_export,TABLE_OR_VIEW,COLLINS_RAW,COL_RAW_EXPORT,EKPO,SELECT * FROM COLLINS_RAW.COL_RAW_EXPORT.EKPO,78,KUNNR,TEXT,
EKPO,col_raw_export,TABLE_OR_VIEW,COLLINS_RAW,COL_RAW_EXPORT,EKPO,SELECT * FROM COLLINS_RAW.COL_RAW_EXPORT.EKPO,79,ADRNR,TEXT,
EKPO,col_raw_export,TABLE_OR_VIEW,COLLINS_RAW,COL_RAW_EXPORT,EKPO,SELECT * FROM COLLINS_RAW.COL_RAW_EXPORT.EKPO,80,EKKOL,TEXT,
EKPO,col_raw_export,TABLE_OR_VIEW,COLLINS_RAW,COL_RAW_EXPORT,EKPO,SELECT * FROM COLLINS_RAW.COL_RAW_EXPORT.EKPO,81,SKTOF,TEXT,
EKPO,col_raw_export,TABLE_OR_VIEW,COLLINS_RAW,COL_RAW_EXPORT,EKPO,SELECT * FROM COLLINS_RAW.COL_RAW_EXPORT.EKPO,82,STAFO,TEXT,
EKPO,col_raw_export,TABLE_OR_VIEW,COLLINS_RAW,COL_RAW_EXPORT,EKPO,SELECT * FROM COLLINS_RAW.COL_RAW_EXPORT.EKPO,83,PLIFZ,NUMBER,
EKPO,col_raw_export,TABLE_OR_VIEW,COLLINS_RAW,COL_RAW_EXPORT,EKPO,SELECT * FROM COLLINS_RAW.COL_RAW_EXPORT.EKPO,84,NTGEW,NUMBER,
EKPO,col_raw_export,TABLE_OR_VIEW,COLLINS_RAW,COL_RAW_EXPORT,EKPO,SELECT * FROM COLLINS_RAW.COL_RAW_EXPORT.EKPO,85,GEWEI,TEXT,
EKPO,col_raw_export,TABLE_OR_VIEW,COLLINS_RAW,COL_RAW_EXPORT,EKPO,SELECT * FROM COLLINS_RAW.COL_RAW_EXPORT.EKPO,86,TXJCD,TEXT,
EKPO,col_raw_export,TABLE_OR_VIEW,COLLINS_RAW,COL_RAW_EXPORT,EKPO,SELECT * FROM COLLINS_RAW.COL_RAW_EXPORT.EKPO,87,ETDRK,TEXT,
EKPO,col_raw_export,TABLE_OR_VIEW,COLLINS_RAW,COL_RAW_EXPORT,EKPO,SELECT * FROM COLLINS_RAW.COL_RAW_EXPORT.EKPO,88,SOBKZ,TEXT,
EKPO,col_raw_export,TABLE_OR_VIEW,COLLINS_RAW,COL_RAW_EXPORT,EKPO,SELECT * FROM COLLINS_RAW.COL_RAW_EXPORT.EKPO,89,ARSNR,TEXT,
EKPO,col_raw_export,TABLE_OR_VIEW,COLLINS_RAW,COL_RAW_EXPORT,EKPO,SELECT * FROM COLLINS_RAW.COL_RAW_EXPORT.EKPO,90,ARSPS,TEXT,
EKPO,col_raw_export,TABLE_OR_VIEW,COLLINS_RAW,COL_RAW_EXPORT,EKPO,SELECT * FROM COLLINS_RAW.COL_RAW_EXPORT.EKPO,91,INSNC,TEXT,
EKPO,col_raw_export,TABLE_OR_VIEW,COLLINS_RAW,COL_RAW_EXPORT,EKPO,SELECT * FROM COLLINS_RAW.COL_RAW_EXPORT.EKPO,92,SSQSS,TEXT,
EKPO,col_raw_export,TABLE_OR_VIEW,COLLINS_RAW,COL_RAW_EXPORT,EKPO,SELECT * FROM COLLINS_RAW.COL_RAW_EXPORT.EKPO,93,ZGTYP,TEXT,
EKPO,col_raw_export,TABLE_OR_VIEW,COLLINS_RAW,COL_RAW_EXPORT,EKPO,SELECT * FROM COLLINS_RAW.COL_RAW_EXPORT.EKPO,94,EAN11,TEXT,
EKPO,col_raw_export,TABLE_OR_VIEW,COLLINS_RAW,COL_RAW_EXPORT,EKPO,SELECT * FROM COLLINS_RAW.COL_RAW_EXPORT.EKPO,95,BSTAE,TEXT,
EKPO,col_raw_export,TABLE_OR_VIEW,COLLINS_RAW,COL_RAW_EXPORT,EKPO,SELECT * FROM COLLINS_RAW.COL_RAW_EXPORT.EKPO,96,REVLV,TEXT,
EKPO,col_raw_export,TABLE_OR_VIEW,COLLINS_RAW,COL_RAW_EXPORT,EKPO,SELECT * FROM COLLINS_RAW.COL_RAW_EXPORT.EKPO,97,GEBER,TEXT,
EKPO,col_raw_export,TABLE_OR_VIEW,COLLINS_RAW,COL_RAW_EXPORT,EKPO,SELECT * FROM COLLINS_RAW.COL_RAW_EXPORT.EKPO,98,FISTL,TEXT,
EKPO,col_raw_export,TABLE_OR_VIEW,COLLINS_RAW,COL_RAW_EXPORT,EKPO,SELECT * FROM COLLINS_RAW.COL_RAW_EXPORT.EKPO,99,FIPOS,TEXT,
EKPO,col_raw_export,TABLE_OR_VIEW,COLLINS_RAW,COL_RAW_EXPORT,EKPO,SELECT * FROM COLLINS_RAW.COL_RAW_EXPORT.EKPO,100,KO_GSBER,TEXT,
EKPO,col_raw_export,TABLE_OR_VIEW,COLLINS_RAW,COL_RAW_EXPORT,EKPO,SELECT * FROM COLLINS_RAW.COL_RAW_EXPORT.EKPO,101,KO_PARGB,TEXT,
EKPO,col_raw_export,TABLE_OR_VIEW,COLLINS_RAW,COL_RAW_EXPORT,EKPO,SELECT * FROM COLLINS_RAW.COL_RAW_EXPORT.EKPO,102,KO_PRCTR,TEXT,
EKPO,col_raw_export,TABLE_OR_VIEW,COLLINS_RAW,COL_RAW_EXPORT,EKPO,SELECT * FROM COLLINS_RAW.COL_RAW_EXPORT.EKPO,103,KO_PPRCTR,TEXT,
EKPO,col_raw_export,TABLE_OR_VIEW,COLLINS_RAW,COL_RAW_EXPORT,EKPO,SELECT * FROM COLLINS_RAW.COL_RAW_EXPORT.EKPO,104,MEPRF,TEXT,
EKPO,col_raw_export,TABLE_OR_VIEW,COLLINS_RAW,COL_RAW_EXPORT,EKPO,SELECT * FROM COLLINS_RAW.COL_RAW_EXPORT.EKPO,105,BRGEW,NUMBER,
EKPO,col_raw_export,TABLE_OR_VIEW,COLLINS_RAW,COL_RAW_EXPORT,EKPO,SELECT * FROM COLLINS_RAW.COL_RAW_EXPORT.EKPO,106,VOLUM,NUMBER,
EKPO,col_raw_export,TABLE_OR_VIEW,COLLINS_RAW,COL_RAW_EXPORT,EKPO,SELECT * FROM COLLINS_RAW.COL_RAW_EXPORT.EKPO,107,VOLEH,TEXT,
EKPO,col_raw_export,TABLE_OR_VIEW,COLLINS_RAW,COL_RAW_EXPORT,EKPO,SELECT * FROM COLLINS_RAW.COL_RAW_EXPORT.EKPO,108,INCO1,TEXT,
EKPO,col_raw_export,TABLE_OR_VIEW,COLLINS_RAW,COL_RAW_EXPORT,EKPO,SELECT * FROM COLLINS_RAW.COL_RAW_EXPORT.EKPO,109,INCO2,TEXT,
EKPO,col_raw_export,TABLE_OR_VIEW,COLLINS_RAW,COL_RAW_EXPORT,EKPO,SELECT * FROM COLLINS_RAW.COL_RAW_EXPORT.EKPO,110,VORAB,TEXT,
EKPO,col_raw_export,TABLE_OR_VIEW,COLLINS_RAW,COL_RAW_EXPORT,EKPO,SELECT * FROM COLLINS_RAW.COL_RAW_EXPORT.EKPO,111,KOLIF,TEXT,
EKPO,col_raw_export,TABLE_OR_VIEW,COLLINS_RAW,COL_RAW_EXPORT,EKPO,SELECT * FROM COLLINS_RAW.COL_RAW_EXPORT.EKPO,112,LTSNR,TEXT,
EKPO,col_raw_export,TABLE_OR_VIEW,COLLINS_RAW,COL_RAW_EXPORT,EKPO,SELECT * FROM COLLINS_RAW.COL_RAW_EXPORT.EKPO,113,PACKNO,TEXT,
EKPO,col_raw_export,TABLE_OR_VIEW,COLLINS_RAW,COL_RAW_EXPORT,EKPO,SELECT * FROM COLLINS_RAW.COL_RAW_EXPORT.EKPO,114,FPLNR,TEXT,
EKPO,col_raw_export,TABLE_OR_VIEW,COLLINS_RAW,COL_RAW_EXPORT,EKPO,SELECT * FROM COLLINS_RAW.COL_RAW_EXPORT.EKPO,115,GNETWR,NUMBER,
EKPO,col_raw_export,TABLE_OR_VIEW,COLLINS_RAW,COL_RAW_EXPORT,EKPO,SELECT * FROM COLLINS_RAW.COL_RAW_EXPORT.EKPO,116,STAPO,TEXT,
EKPO,col_raw_export,TABLE_OR_VIEW,COLLINS_RAW,COL_RAW_EXPORT,EKPO,SELECT * FROM COLLINS_RAW.COL_RAW_EXPORT.EKPO,117,UEBPO,TEXT,
EKPO,col_raw_export,TABLE_OR_VIEW,COLLINS_RAW,COL_RAW_EXPORT,EKPO,SELECT * FROM COLLINS_RAW.COL_RAW_EXPORT.EKPO,118,LEWED,TEXT,
EKPO,col_raw_export,TABLE_OR_VIEW,COLLINS_RAW,COL_RAW_EXPORT,EKPO,SELECT * FROM COLLINS_RAW.COL_RAW_EXPORT.EKPO,119,EMLIF,TEXT,
EKPO,col_raw_export,TABLE_OR_VIEW,COLLINS_RAW,COL_RAW_EXPORT,EKPO,SELECT * FROM COLLINS_RAW.COL_RAW_EXPORT.EKPO,120,LBLKZ,TEXT,
EKPO,col_raw_export,TABLE_OR_VIEW,COLLINS_RAW,COL_RAW_EXPORT,EKPO,SELECT * FROM COLLINS_RAW.COL_RAW_EXPORT.EKPO,121,SATNR,TEXT,
EKPO,col_raw_export,TABLE_OR_VIEW,COLLINS_RAW,COL_RAW_EXPORT,EKPO,SELECT * FROM COLLINS_RAW.COL_RAW_EXPORT.EKPO,122,ATTYP,TEXT,
EKPO,col_raw_export,TABLE_OR_VIEW,COLLINS_RAW,COL_RAW_EXPORT,EKPO,SELECT * FROM COLLINS_RAW.COL_RAW_EXPORT.EKPO,123,VSART,TEXT,
EKPO,col_raw_export,TABLE_OR_VIEW,COLLINS_RAW,COL_RAW_EXPORT,EKPO,SELECT * FROM COLLINS_RAW.COL_RAW_EXPORT.EKPO,124,HANDOVERLOC,TEXT,
EKPO,col_raw_export,TABLE_OR_VIEW,COLLINS_RAW,COL_RAW_EXPORT,EKPO,SELECT * FROM COLLINS_RAW.COL_RAW_EXPORT.EKPO,125,KANBA,TEXT,
EKPO,col_raw_export,TABLE_OR_VIEW,COLLINS_RAW,COL_RAW_EXPORT,EKPO,SELECT * FROM COLLINS_RAW.COL_RAW_EXPORT.EKPO,126,ADRN2,TEXT,
EKPO,col_raw_export,TABLE_OR_VIEW,COLLINS_RAW,COL_RAW_EXPORT,EKPO,SELECT * FROM COLLINS_RAW.COL_RAW_EXPORT.EKPO,127,CUOBJ,TEXT,
EKPO,col_raw_export,TABLE_OR_VIEW,COLLINS_RAW,COL_RAW_EXPORT,EKPO,SELECT * FROM COLLINS_RAW.COL_RAW_EXPORT.EKPO,128,XERSY,TEXT,
EKPO,col_raw_export,TABLE_OR_VIEW,COLLINS_RAW,COL_RAW_EXPORT,EKPO,SELECT * FROM COLLINS_RAW.COL_RAW_EXPORT.EKPO,129,EILDT,TEXT,
EKPO,col_raw_export,TABLE_OR_VIEW,COLLINS_RAW,COL_RAW_EXPORT,EKPO,SELECT * FROM COLLINS_RAW.COL_RAW_EXPORT.EKPO,130,DRDAT,TEXT,
EKPO,col_raw_export,TABLE_OR_VIEW,COLLINS_RAW,COL_RAW_EXPORT,EKPO,SELECT * FROM COLLINS_RAW.COL_RAW_EXPORT.EKPO,131,DRUHR,TEXT,
EKPO,col_raw_export,TABLE_OR_VIEW,COLLINS_RAW,COL_RAW_EXPORT,EKPO,SELECT * FROM COLLINS_RAW.COL_RAW_EXPORT.EKPO,132,DRUNR,TEXT,
EKPO,col_raw_export,TABLE_OR_VIEW,COLLINS_RAW,COL_RAW_EXPORT,EKPO,SELECT * FROM COLLINS_RAW.COL_RAW_EXPORT.EKPO,133,AKTNR,TEXT,
EKPO,col_raw_export,TABLE_OR_VIEW,COLLINS_RAW,COL_RAW_EXPORT,EKPO,SELECT * FROM COLLINS_RAW.COL_RAW_EXPORT.EKPO,134,ABELN,TEXT,
EKPO,col_raw_export,TABLE_OR_VIEW,COLLINS_RAW,COL_RAW_EXPORT,EKPO,SELECT * FROM COLLINS_RAW.COL_RAW_EXPORT.EKPO,135,ABELP,TEXT,
EKPO,col_raw_export,TABLE_OR_VIEW,COLLINS_RAW,COL_RAW_EXPORT,EKPO,SELECT * FROM COLLINS_RAW.COL_RAW_EXPORT.EKPO,136,ANZPU,NUMBER,
EKPO,col_raw_export,TABLE_OR_VIEW,COLLINS_RAW,COL_RAW_EXPORT,EKPO,SELECT * FROM COLLINS_RAW.COL_RAW_EXPORT.EKPO,137,PUNEI,TEXT,
EKPO,col_raw_export,TABLE_OR_VIEW,COLLINS_RAW,COL_RAW_EXPORT,EKPO,SELECT * FROM COLLINS_RAW.COL_RAW_EXPORT.EKPO,138,SAISO,TEXT,
EKPO,col_raw_export,TABLE_OR_VIEW,COLLINS_RAW,COL_RAW_EXPORT,EKPO,SELECT * FROM COLLINS_RAW.COL_RAW_EXPORT.EKPO,139,SAISJ,TEXT,
EKPO,col_raw_export,TABLE_OR_VIEW,COLLINS_RAW,COL_RAW_EXPORT,EKPO,SELECT * FROM COLLINS_RAW.COL_RAW_EXPORT.EKPO,140,EBON2,TEXT,
EKPO,col_raw_export,TABLE_OR_VIEW,COLLINS_RAW,COL_RAW_EXPORT,EKPO,SELECT * FROM COLLINS_RAW.COL_RAW_EXPORT.EKPO,141,EBON3,TEXT,
EKPO,col_raw_export,TABLE_OR_VIEW,COLLINS_RAW,COL_RAW_EXPORT,EKPO,SELECT * FROM COLLINS_RAW.COL_RAW_EXPORT.EKPO,142,EBONF,TEXT,
EKPO,col_raw_export,TABLE_OR_VIEW,COLLINS_RAW,COL_RAW_EXPORT,EKPO,SELECT * FROM COLLINS_RAW.COL_RAW_EXPORT.EKPO,143,MLMAA,TEXT,
EKPO,col_raw_export,TABLE_OR_VIEW,COLLINS_RAW,COL_RAW_EXPORT,EKPO,SELECT * FROM COLLINS_RAW.COL_RAW_EXPORT.EKPO,144,MHDRZ,NUMBER,
EKPO,col_raw_export,TABLE_OR_VIEW,COLLINS_RAW,COL_RAW_EXPORT,EKPO,SELECT * FROM COLLINS_RAW.COL_RAW_EXPORT.EKPO,145,ANFNR,TEXT,
EKPO,col_raw_export,TABLE_OR_VIEW,COLLINS_RAW,COL_RAW_EXPORT,EKPO,SELECT * FROM COLLINS_RAW.COL_RAW_EXPORT.EKPO,146,ANFPS,TEXT,
EKPO,col_raw_export,TABLE_OR_VIEW,COLLINS_RAW,COL_RAW_EXPORT,EKPO,SELECT * FROM COLLINS_RAW.COL_RAW_EXPORT.EKPO,147,KZKFG,TEXT,
EKPO,col_raw_export,TABLE_OR_VIEW,COLLINS_RAW,COL_RAW_EXPORT,EKPO,SELECT * FROM COLLINS_RAW.COL_RAW_EXPORT.EKPO,148,USEQU,TEXT,
EKPO,col_raw_export,TABLE_OR_VIEW,COLLINS_RAW,COL_RAW_EXPORT,EKPO,SELECT * FROM COLLINS_RAW.COL_RAW_EXPORT.EKPO,149,UMSOK,TEXT,
EKPO,col_raw_export,TABLE_OR_VIEW,COLLINS_RAW,COL_RAW_EXPORT,EKPO,SELECT * FROM COLLINS_RAW.COL_RAW_EXPORT.EKPO,150,BANFN,TEXT,
EKPO,col_raw_export,TABLE_OR_VIEW,COLLINS_RAW,COL_RAW_EXPORT,EKPO,SELECT * FROM COLLINS_RAW.COL_RAW_EXPORT.EKPO,151,BNFPO,TEXT,
EKPO,col_raw_export,TABLE_OR_VIEW,COLLINS_RAW,COL_RAW_EXPORT,EKPO,SELECT * FROM COLLINS_RAW.COL_RAW_EXPORT.EKPO,152,MTART,TEXT,
EKPO,col_raw_export,TABLE_OR_VIEW,COLLINS_RAW,COL_RAW_EXPORT,EKPO,SELECT * FROM COLLINS_RAW.COL_RAW_EXPORT.EKPO,153,UPTYP,TEXT,
EKPO,col_raw_export,TABLE_OR_VIEW,COLLINS_RAW,COL_RAW_EXPORT,EKPO,SELECT * FROM COLLINS_RAW.COL_RAW_EXPORT.EKPO,154,UPVOR,TEXT,
EKPO,col_raw_export,TABLE_OR_VIEW,COLLINS_RAW,COL_RAW_EXPORT,EKPO,SELECT * FROM COLLINS_RAW.COL_RAW_EXPORT.EKPO,155,KZWI1,NUMBER,
EKPO,col_raw_export,TABLE_OR_VIEW,COLLINS_RAW,COL_RAW_EXPORT,EKPO,SELECT * FROM COLLINS_RAW.COL_RAW_EXPORT.EKPO,156,KZWI2,NUMBER,
EKPO,col_raw_export,TABLE_OR_VIEW,COLLINS_RAW,COL_RAW_EXPORT,EKPO,SELECT * FROM COLLINS_RAW.COL_RAW_EXPORT.EKPO,157,KZWI3,NUMBER,
EKPO,col_raw_export,TABLE_OR_VIEW,COLLINS_RAW,COL_RAW_EXPORT,EKPO,SELECT * FROM COLLINS_RAW.COL_RAW_EXPORT.EKPO,158,KZWI4,NUMBER,
EKPO,col_raw_export,TABLE_OR_VIEW,COLLINS_RAW,COL_RAW_EXPORT,EKPO,SELECT * FROM COLLINS_RAW.COL_RAW_EXPORT.EKPO,159,KZWI5,NUMBER,
EKPO,col_raw_export,TABLE_OR_VIEW,COLLINS_RAW,COL_RAW_EXPORT,EKPO,SELECT * FROM COLLINS_RAW.COL_RAW_EXPORT.EKPO,160,KZWI6,NUMBER,
EKPO,col_raw_export,TABLE_OR_VIEW,COLLINS_RAW,COL_RAW_EXPORT,EKPO,SELECT * FROM COLLINS_RAW.COL_RAW_EXPORT.EKPO,161,SIKGR,TEXT,
EKPO,col_raw_export,TABLE_OR_VIEW,COLLINS_RAW,COL_RAW_EXPORT,EKPO,SELECT * FROM COLLINS_RAW.COL_RAW_EXPORT.EKPO,162,MFZHI,NUMBER,
EKPO,col_raw_export,TABLE_OR_VIEW,COLLINS_RAW,COL_RAW_EXPORT,EKPO,SELECT * FROM COLLINS_RAW.COL_RAW_EXPORT.EKPO,163,FFZHI,NUMBER,
EKPO,col_raw_export,TABLE_OR_VIEW,COLLINS_RAW,COL_RAW_EXPORT,EKPO,SELECT * FROM COLLINS_RAW.COL_RAW_EXPORT.EKPO,164,RETPO,TEXT,
EKPO,col_raw_export,TABLE_OR_VIEW,COLLINS_RAW,COL_RAW_EXPORT,EKPO,SELECT * FROM COLLINS_RAW.COL_RAW_EXPORT.EKPO,165,AUREL,TEXT,
EKPO,col_raw_export,TABLE_OR_VIEW,COLLINS_RAW,COL_RAW_EXPORT,EKPO,SELECT * FROM COLLINS_RAW.COL_RAW_EXPORT.EKPO,166,BSGRU,TEXT,
EKPO,col_raw_export,TABLE_OR_VIEW,COLLINS_RAW,COL_RAW_EXPORT,EKPO,SELECT * FROM COLLINS_RAW.COL_RAW_EXPORT.EKPO,167,LFRET,TEXT,
EKPO,col_raw_export,TABLE_OR_VIEW,COLLINS_RAW,COL_RAW_EXPORT,EKPO,SELECT * FROM COLLINS_RAW.COL_RAW_EXPORT.EKPO,168,MFRGR,TEXT,
EKPO,col_raw_export,TABLE_OR_VIEW,COLLINS_RAW,COL_RAW_EXPORT,EKPO,SELECT * FROM COLLINS_RAW.COL_RAW_EXPORT.EKPO,169,NRFHG,TEXT,
EKPO,col_raw_export,TABLE_OR_VIEW,COLLINS_RAW,COL_RAW_EXPORT,EKPO,SELECT * FROM COLLINS_RAW.COL_RAW_EXPORT.EKPO,170,J_1BNBM,TEXT,
EKPO,col_raw_export,TABLE_OR_VIEW,COLLINS_RAW,COL_RAW_EXPORT,EKPO,SELECT * FROM COLLINS_RAW.COL_RAW_EXPORT.EKPO,171,J_1BMATUSE,TEXT,
EKPO,col_raw_export,TABLE_OR_VIEW,COLLINS_RAW,COL_RAW_EXPORT,EKPO,SELECT * FROM COLLINS_RAW.COL_RAW_EXPORT.EKPO,172,J_1BMATORG,TEXT,
EKPO,col_raw_export,TABLE_OR_VIEW,COLLINS_RAW,COL_RAW_EXPORT,EKPO,SELECT * FROM COLLINS_RAW.COL_RAW_EXPORT.EKPO,173,J_1BOWNPRO,TEXT,
EKPO,col_raw_export,TABLE_OR_VIEW,COLLINS_RAW,COL_RAW_EXPORT,EKPO,SELECT * FROM COLLINS_RAW.COL_RAW_EXPORT.EKPO,174,J_1BINDUST,TEXT,
EKPO,col_raw_export,TABLE_OR_VIEW,COLLINS_RAW,COL_RAW_EXPORT,EKPO,SELECT * FROM COLLINS_RAW.COL_RAW_EXPORT.EKPO,175,ABUEB,TEXT,
EKPO,col_raw_export,TABLE_OR_VIEW,COLLINS_RAW,COL_RAW_EXPORT,EKPO,SELECT * FROM COLLINS_RAW.COL_RAW_EXPORT.EKPO,176,NLABD,TEXT,
EKPO,col_raw_export,TABLE_OR_VIEW,COLLINS_RAW,COL_RAW_EXPORT,EKPO,SELECT * FROM COLLINS_RAW.COL_RAW_EXPORT.EKPO,177,NFABD,TEXT,
EKPO,col_raw_export,TABLE_OR_VIEW,COLLINS_RAW,COL_RAW_EXPORT,EKPO,SELECT * FROM COLLINS_RAW.COL_RAW_EXPORT.EKPO,178,KZBWS,TEXT,
EKPO,col_raw_export,TABLE_OR_VIEW,COLLINS_RAW,COL_RAW_EXPORT,EKPO,SELECT * FROM COLLINS_RAW.COL_RAW_EXPORT.EKPO,179,BONBA,NUMBER,
EKPO,col_raw_export,TABLE_OR_VIEW,COLLINS_RAW,COL_RAW_EXPORT,EKPO,SELECT * FROM COLLINS_RAW.COL_RAW_EXPORT.EKPO,180,FABKZ,TEXT,
EKPO,col_raw_export,TABLE_OR_VIEW,COLLINS_RAW,COL_RAW_EXPORT,EKPO,SELECT * FROM COLLINS_RAW.COL_RAW_EXPORT.EKPO,181,J_1AINDXP,TEXT,
EKPO,col_raw_export,TABLE_OR_VIEW,COLLINS_RAW,COL_RAW_EXPORT,EKPO,SELECT * FROM COLLINS_RAW.COL_RAW_EXPORT.EKPO,182,J_1AIDATEP,TEXT,
EKPO,col_raw_export,TABLE_OR_VIEW,COLLINS_RAW,COL_RAW_EXPORT,EKPO,SELECT * FROM COLLINS_RAW.COL_RAW_EXPORT.EKPO,183,MPROF,TEXT,
EKPO,col_raw_export,TABLE_OR_VIEW,COLLINS_RAW,COL_RAW_EXPORT,EKPO,SELECT * FROM COLLINS_RAW.COL_RAW_EXPORT.EKPO,184,EGLKZ,TEXT,
EKPO,col_raw_export,TABLE_OR_VIEW,COLLINS_RAW,COL_RAW_EXPORT,EKPO,SELECT * FROM COLLINS_RAW.COL_RAW_EXPORT.EKPO,185,KZTLF,TEXT,
EKPO,col_raw_export,TABLE_OR_VIEW,COLLINS_RAW,COL_RAW_EXPORT,EKPO,SELECT * FROM COLLINS_RAW.COL_RAW_EXPORT.EKPO,186,KZFME,TEXT,
EKPO,col_raw_export,TABLE_OR_VIEW,COLLINS_RAW,COL_RAW_EXPORT,EKPO,SELECT * FROM COLLINS_RAW.COL_RAW_EXPORT.EKPO,187,RDPRF,TEXT,
EKPO,col_raw_export,TABLE_OR_VIEW,COLLINS_RAW,COL_RAW_EXPORT,EKPO,SELECT * FROM COLLINS_RAW.COL_RAW_EXPORT.EKPO,188,TECHS,TEXT,
EKPO,col_raw_export,TABLE_OR_VIEW,COLLINS_RAW,COL_RAW_EXPORT,EKPO,SELECT * FROM COLLINS_RAW.COL_RAW_EXPORT.EKPO,189,CHG_SRV,TEXT,
EKPO,col_raw_export,TABLE_OR_VIEW,COLLINS_RAW,COL_RAW_EXPORT,EKPO,SELECT * FROM COLLINS_RAW.COL_RAW_EXPORT.EKPO,190,CHG_FPLNR,TEXT,
EKPO,col_raw_export,TABLE_OR_VIEW,COLLINS_RAW,COL_RAW_EXPORT,EKPO,SELECT * FROM COLLINS_RAW.COL_RAW_EXPORT.EKPO,191,MFRPN,TEXT,
EKPO,col_raw_export,TABLE_OR_VIEW,COLLINS_RAW,COL_RAW_EXPORT,EKPO,SELECT * FROM COLLINS_RAW.COL_RAW_EXPORT.EKPO,192,MFRNR,TEXT,
EKPO,col_raw_export,TABLE_OR_VIEW,COLLINS_RAW,COL_RAW_EXPORT,EKPO,SELECT * FROM COLLINS_RAW.COL_RAW_EXPORT.EKPO,193,EMNFR,TEXT,
EKPO,col_raw_export,TABLE_OR_VIEW,COLLINS_RAW,COL_RAW_EXPORT,EKPO,SELECT * FROM COLLINS_RAW.COL_RAW_EXPORT.EKPO,194,NOVET,TEXT,
EKPO,col_raw_export,TABLE_OR_VIEW,COLLINS_RAW,COL_RAW_EXPORT,EKPO,SELECT * FROM COLLINS_RAW.COL_RAW_EXPORT.EKPO,195,AFNAM,TEXT,
EKPO,col_raw_export,TABLE_OR_VIEW,COLLINS_RAW,COL_RAW_EXPORT,EKPO,SELECT * FROM COLLINS_RAW.COL_RAW_EXPORT.EKPO,196,TZONRC,TEXT,
EKPO,col_raw_export,TABLE_OR_VIEW,COLLINS_RAW,COL_RAW_EXPORT,EKPO,SELECT * FROM COLLINS_RAW.COL_RAW_EXPORT.EKPO,197,IPRKZ,TEXT,
EKPO,col_raw_export,TABLE_OR_VIEW,COLLINS_RAW,COL_RAW_EXPORT,EKPO,SELECT * FROM COLLINS_RAW.COL_RAW_EXPORT.EKPO,198,LEBRE,TEXT,
EKPO,col_raw_export,TABLE_OR_VIEW,COLLINS_RAW,COL_RAW_EXPORT,EKPO,SELECT * FROM COLLINS_RAW.COL_RAW_EXPORT.EKPO,199,BERID,TEXT,
EKPO,col_raw_export,TABLE_OR_VIEW,COLLINS_RAW,COL_RAW_EXPORT,EKPO,SELECT * FROM COLLINS_RAW.COL_RAW_EXPORT.EKPO,200,XCONDITIONS,TEXT,
EKPO,col_raw_export,TABLE_OR_VIEW,COLLINS_RAW,COL_RAW_EXPORT,EKPO,SELECT * FROM COLLINS_RAW.COL_RAW_EXPORT.EKPO,201,APOMS,TEXT,
EKPO,col_raw_export,TABLE_OR_VIEW,COLLINS_RAW,COL_RAW_EXPORT,EKPO,SELECT * FROM COLLINS_RAW.COL_RAW_EXPORT.EKPO,202,CCOMP,TEXT,
EKPO,col_raw_export,TABLE_OR_VIEW,COLLINS_RAW,COL_RAW_EXPORT,EKPO,SELECT * FROM COLLINS_RAW.COL_RAW_EXPORT.EKPO,203,GRANT_NBR,TEXT,
EKPO,col_raw_export,TABLE_OR_VIEW,COLLINS_RAW,COL_RAW_EXPORT,EKPO,SELECT * FROM COLLINS_RAW.COL_RAW_EXPORT.EKPO,204,FKBER,TEXT,
EKPO,col_raw_export,TABLE_OR_VIEW,COLLINS_RAW,COL_RAW_EXPORT,EKPO,SELECT * FROM COLLINS_RAW.COL_RAW_EXPORT.EKPO,205,STATUS,TEXT,
EKPO,col_raw_export,TABLE_OR_VIEW,COLLINS_RAW,COL_RAW_EXPORT,EKPO,SELECT * FROM COLLINS_RAW.COL_RAW_EXPORT.EKPO,206,RESLO,TEXT,
EKPO,col_raw_export,TABLE_OR_VIEW,COLLINS_RAW,COL_RAW_EXPORT,EKPO,SELECT * FROM COLLINS_RAW.COL_RAW_EXPORT.EKPO,207,KBLNR,TEXT,
EKPO,col_raw_export,TABLE_OR_VIEW,COLLINS_RAW,COL_RAW_EXPORT,EKPO,SELECT * FROM COLLINS_RAW.COL_RAW_EXPORT.EKPO,208,KBLPOS,TEXT,
EKPO,col_raw_export,TABLE_OR_VIEW,COLLINS_RAW,COL_RAW_EXPORT,EKPO,SELECT * FROM COLLINS_RAW.COL_RAW_EXPORT.EKPO,209,WEORA,TEXT,
EKPO,col_raw_export,TABLE_OR_VIEW,COLLINS_RAW,COL_RAW_EXPORT,EKPO,SELECT * FROM COLLINS_RAW.COL_RAW_EXPORT.EKPO,210,SRV_BAS_COM,TEXT,
EKPO,col_raw_export,TABLE_OR_VIEW,COLLINS_RAW,COL_RAW_EXPORT,EKPO,SELECT * FROM COLLINS_RAW.COL_RAW_EXPORT.EKPO,211,PRIO_URG,TEXT,
EKPO,col_raw_export,TABLE_OR_VIEW,COLLINS_RAW,COL_RAW_EXPORT,EKPO,SELECT * FROM COLLINS_RAW.COL_RAW_EXPORT.EKPO,212,PRIO_REQ,TEXT,
EKPO,col_raw_export,TABLE_OR_VIEW,COLLINS_RAW,COL_RAW_EXPORT,EKPO,SELECT * FROM COLLINS_RAW.COL_RAW_EXPORT.EKPO,213,EMPST,TEXT,
EKPO,col_raw_export,TABLE_OR_VIEW,COLLINS_RAW,COL_RAW_EXPORT,EKPO,SELECT * FROM COLLINS_RAW.COL_RAW_EXPORT.EKPO,214,DIFF_INVOICE,TEXT,
EKPO,col_raw_export,TABLE_OR_VIEW,COLLINS_RAW,COL_RAW_EXPORT,EKPO,SELECT * FROM COLLINS_RAW.COL_RAW_EXPORT.EKPO,215,TRMRISK_RELEVANT,TEXT,
EKPO,col_raw_export,TABLE_OR_VIEW,COLLINS_RAW,COL_RAW_EXPORT,EKPO,SELECT * FROM COLLINS_RAW.COL_RAW_EXPORT.EKPO,216,SPE_ABGRU,TEXT,
EKPO,col_raw_export,TABLE_OR_VIEW,COLLINS_RAW,COL_RAW_EXPORT,EKPO,SELECT * FROM COLLINS_RAW.COL_RAW_EXPORT.EKPO,217,SPE_CRM_SO,TEXT,
EKPO,col_raw_export,TABLE_OR_VIEW,COLLINS_RAW,COL_RAW_EXPORT,EKPO,SELECT * FROM COLLINS_RAW.COL_RAW_EXPORT.EKPO,218,SPE_CRM_SO_ITEM,TEXT,
EKPO,col_raw_export,TABLE_OR_VIEW,COLLINS_RAW,COL_RAW_EXPORT,EKPO,SELECT * FROM COLLINS_RAW.COL_RAW_EXPORT.EKPO,219,SPE_CRM_REF_SO,TEXT,
EKPO,col_raw_export,TABLE_OR_VIEW,COLLINS_RAW,COL_RAW_EXPORT,EKPO,SELECT * FROM COLLINS_RAW.COL_RAW_EXPORT.EKPO,220,SPE_CRM_REF_ITEM,TEXT,
EKPO,col_raw_export,TABLE_OR_VIEW,COLLINS_RAW,COL_RAW_EXPORT,EKPO,SELECT * FROM COLLINS_RAW.COL_RAW_EXPORT.EKPO,221,SPE_CRM_FKREL,TEXT,
EKPO,col_raw_export,TABLE_OR_VIEW,COLLINS_RAW,COL_RAW_EXPORT,EKPO,SELECT * FROM COLLINS_RAW.COL_RAW_EXPORT.EKPO,222,SPE_CHNG_SYS,TEXT,
EKPO,col_raw_export,TABLE_OR_VIEW,COLLINS_RAW,COL_RAW_EXPORT,EKPO,SELECT * FROM COLLINS_RAW.COL_RAW_EXPORT.EKPO,223,SPE_INSMK_SRC,TEXT,
EKPO,col_raw_export,TABLE_OR_VIEW,COLLINS_RAW,COL_RAW_EXPORT,EKPO,SELECT * FROM COLLINS_RAW.COL_RAW_EXPORT.EKPO,224,SPE_CQ_CTRLTYPE,TEXT,
EKPO,col_raw_export,TABLE_OR_VIEW,COLLINS_RAW,COL_RAW_EXPORT,EKPO,SELECT * FROM COLLINS_RAW.COL_RAW_EXPORT.EKPO,225,SPE_CQ_NOCQ,TEXT,
EKPO,col_raw_export,TABLE_OR_VIEW,COLLINS_RAW,COL_RAW_EXPORT,EKPO,SELECT * FROM COLLINS_RAW.COL_RAW_EXPORT.EKPO,226,REASON_CODE,TEXT,
EKPO,col_raw_export,TABLE_OR_VIEW,COLLINS_RAW,COL_RAW_EXPORT,EKPO,SELECT * FROM COLLINS_RAW.COL_RAW_EXPORT.EKPO,227,CQU_SAR,NUMBER,
EKPO,col_raw_export,TABLE_OR_VIEW,COLLINS_RAW,COL_RAW_EXPORT,EKPO,SELECT * FROM COLLINS_RAW.COL_RAW_EXPORT.EKPO,228,ANZSN,NUMBER,
EKPO,col_raw_export,TABLE_OR_VIEW,COLLINS_RAW,COL_RAW_EXPORT,EKPO,SELECT * FROM COLLINS_RAW.COL_RAW_EXPORT.EKPO,229,SPE_EWM_DTC,TEXT,
EKPO,col_raw_export,TABLE_OR_VIEW,COLLINS_RAW,COL_RAW_EXPORT,EKPO,SELECT * FROM COLLINS_RAW.COL_RAW_EXPORT.EKPO,230,EXLIN,TEXT,
EKPO,col_raw_export,TABLE_OR_VIEW,COLLINS_RAW,COL_RAW_EXPORT,EKPO,SELECT * FROM COLLINS_RAW.COL_RAW_EXPORT.EKPO,231,EXSNR,TEXT,
EKPO,col_raw_export,TABLE_OR_VIEW,COLLINS_RAW,COL_RAW_EXPORT,EKPO,SELECT * FROM COLLINS_RAW.COL_RAW_EXPORT.EKPO,232,EHTYP,TEXT,
EKPO,col_raw_export,TABLE_OR_VIEW,COLLINS_RAW,COL_RAW_EXPORT,EKPO,SELECT * FROM COLLINS_RAW.COL_RAW_EXPORT.EKPO,233,RETPC,NUMBER,
EKPO,col_raw_export,TABLE_OR_VIEW,COLLINS_RAW,COL_RAW_EXPORT,EKPO,SELECT * FROM COLLINS_RAW.COL_RAW_EXPORT.EKPO,234,DPTYP,TEXT,
EKPO,col_raw_export,TABLE_OR_VIEW,COLLINS_RAW,COL_RAW_EXPORT,EKPO,SELECT * FROM COLLINS_RAW.COL_RAW_EXPORT.EKPO,235,DPPCT,NUMBER,
EKPO,col_raw_export,TABLE_OR_VIEW,COLLINS_RAW,COL_RAW_EXPORT,EKPO,SELECT * FROM COLLINS_RAW.COL_RAW_EXPORT.EKPO,236,DPAMT,NUMBER,
EKPO,col_raw_export,TABLE_OR_VIEW,COLLINS_RAW,COL_RAW_EXPORT,EKPO,SELECT * FROM COLLINS_RAW.COL_RAW_EXPORT.EKPO,237,DPDAT,TEXT,
EKPO,col_raw_export,TABLE_OR_VIEW,COLLINS_RAW,COL_RAW_EXPORT,EKPO,SELECT * FROM COLLINS_RAW.COL_RAW_EXPORT.EKPO,238,FLS_RSTO,TEXT,
EKPO,col_raw_export,TABLE_OR_VIEW,COLLINS_RAW,COL_RAW_EXPORT,EKPO,SELECT * FROM COLLINS_RAW.COL_RAW_EXPORT.EKPO,239,EXT_RFX_NUMBER,TEXT,
EKPO,col_raw_export,TABLE_OR_VIEW,COLLINS_RAW,COL_RAW_EXPORT,EKPO,SELECT * FROM COLLINS_RAW.COL_RAW_EXPORT.EKPO,240,EXT_RFX_ITEM,TEXT,
EKPO,col_raw_export,TABLE_OR_VIEW,COLLINS_RAW,COL_RAW_EXPORT,EKPO,SELECT * FROM COLLINS_RAW.COL_RAW_EXPORT.EKPO,241,EXT_RFX_SYSTEM,TEXT,
EKPO,col_raw_export,TABLE_OR_VIEW,COLLINS_RAW,COL_RAW_EXPORT,EKPO,SELECT * FROM COLLINS_RAW.COL_RAW_EXPORT.EKPO,242,SRM_CONTRACT_ID,TEXT,
EKPO,col_raw_export,TABLE_OR_VIEW,COLLINS_RAW,COL_RAW_EXPORT,EKPO,SELECT * FROM COLLINS_RAW.COL_RAW_EXPORT.EKPO,243,SRM_CONTRACT_ITM,TEXT,
EKPO,col_raw_export,TABLE_OR_VIEW,COLLINS_RAW,COL_RAW_EXPORT,EKPO,SELECT * FROM COLLINS_RAW.COL_RAW_EXPORT.EKPO,244,BLK_REASON_ID,TEXT,
EKPO,col_raw_export,TABLE_OR_VIEW,COLLINS_RAW,COL_RAW_EXPORT,EKPO,SELECT * FROM COLLINS_RAW.COL_RAW_EXPORT.EKPO,245,BLK_REASON_TXT,TEXT,
EKPO,col_raw_export,TABLE_OR_VIEW,COLLINS_RAW,COL_RAW_EXPORT,EKPO,SELECT * FROM COLLINS_RAW.COL_RAW_EXPORT.EKPO,246,ITCONS,TEXT,
EKPO,col_raw_export,TABLE_OR_VIEW,COLLINS_RAW,COL_RAW_EXPORT,EKPO,SELECT * FROM COLLINS_RAW.COL_RAW_EXPORT.EKPO,247,FIXMG,TEXT,
EKPO,col_raw_export,TABLE_OR_VIEW,COLLINS_RAW,COL_RAW_EXPORT,EKPO,SELECT * FROM COLLINS_RAW.COL_RAW_EXPORT.EKPO,248,WABWE,TEXT,
EKPO,col_raw_export,TABLE_OR_VIEW,COLLINS_RAW,COL_RAW_EXPORT,EKPO,SELECT * FROM COLLINS_RAW.COL_RAW_EXPORT.EKPO,249,CMPL_DLV_ITM,TEXT,
EKPO,col_raw_export,TABLE_OR_VIEW,COLLINS_RAW,COL_RAW_EXPORT,EKPO,SELECT * FROM COLLINS_RAW.COL_RAW_EXPORT.EKPO,250,INCO2_L,TEXT,
EKPO,col_raw_export,TABLE_OR_VIEW,COLLINS_RAW,COL_RAW_EXPORT,EKPO,SELECT * FROM COLLINS_RAW.COL_RAW_EXPORT.EKPO,251,INCO3_L,TEXT,
EKPO,col_raw_export,TABLE_OR_VIEW,COLLINS_RAW,COL_RAW_EXPORT,EKPO,SELECT * FROM COLLINS_RAW.COL_RAW_EXPORT.EKPO,252,TC_AUT_DET,TEXT,
EKPO,col_raw_export,TABLE_OR_VIEW,COLLINS_RAW,COL_RAW_EXPORT,EKPO,SELECT * FROM COLLINS_RAW.COL_RAW_EXPORT.EKPO,253,MANUAL_TC_REASON,TEXT,
EKPO,col_raw_export,TABLE_OR_VIEW,COLLINS_RAW,COL_RAW_EXPORT,EKPO,SELECT * FROM COLLINS_RAW.COL_RAW_EXPORT.EKPO,254,FISCAL_INCENTIVE,TEXT,
EKPO,col_raw_export,TABLE_OR_VIEW,COLLINS_RAW,COL_RAW_EXPORT,EKPO,SELECT * FROM COLLINS_RAW.COL_RAW_EXPORT.EKPO,255,TAX_SUBJECT_ST,TEXT,
EKPO,col_raw_export,TABLE_OR_VIEW,COLLINS_RAW,COL_RAW_EXPORT,EKPO,SELECT * FROM COLLINS_RAW.COL_RAW_EXPORT.EKPO,256,FISCAL_INCENTIVE_ID,TEXT,
EKPO,col_raw_export,TABLE_OR_VIEW,COLLINS_RAW,COL_RAW_EXPORT,EKPO,SELECT * FROM COLLINS_RAW.COL_RAW_EXPORT.EKPO,257,SF_TXJCD,TEXT,
EKPO,col_raw_export,TABLE_OR_VIEW,COLLINS_RAW,COL_RAW_EXPORT,EKPO,SELECT * FROM COLLINS_RAW.COL_RAW_EXPORT.EKPO,258,/BEV1/NEGEN_ITEM,TEXT,
EKPO,col_raw_export,TABLE_OR_VIEW,COLLINS_RAW,COL_RAW_EXPORT,EKPO,SELECT * FROM COLLINS_RAW.COL_RAW_EXPORT.EKPO,259,/BEV1/NEDEPFREE,TEXT,
EKPO,col_raw_export,TABLE_OR_VIEW,COLLINS_RAW,COL_RAW_EXPORT,EKPO,SELECT * FROM COLLINS_RAW.COL_RAW_EXPORT.EKPO,260,/BEV1/NESTRUCCAT,TEXT,
EKPO,col_raw_export,TABLE_OR_VIEW,COLLINS_RAW,COL_RAW_EXPORT,EKPO,SELECT * FROM COLLINS_RAW.COL_RAW_EXPORT.EKPO,261,ADVCODE,TEXT,
EKPO,col_raw_export,TABLE_OR_VIEW,COLLINS_RAW,COL_RAW_EXPORT,EKPO,SELECT * FROM COLLINS_RAW.COL_RAW_EXPORT.EKPO,262,BUDGET_PD,TEXT,
EKPO,col_raw_export,TABLE_OR_VIEW,COLLINS_RAW,COL_RAW_EXPORT,EKPO,SELECT * FROM COLLINS_RAW.COL_RAW_EXPORT.EKPO,263,EXCPE,TEXT,
EKPO,col_raw_export,TABLE_OR_VIEW,COLLINS_RAW,COL_RAW_EXPORT,EKPO,SELECT * FROM COLLINS_RAW.COL_RAW_EXPORT.EKPO,264,FMFGUS_KEY,TEXT,
EKPO,col_raw_export,TABLE_OR_VIEW,COLLINS_RAW,COL_RAW_EXPORT,EKPO,SELECT * FROM COLLINS_RAW.COL_RAW_EXPORT.EKPO,265,IUID_RELEVANT,TEXT,
EKPO,col_raw_export,TABLE_OR_VIEW,COLLINS_RAW,COL_RAW_EXPORT,EKPO,SELECT * FROM COLLINS_RAW.COL_RAW_EXPORT.EKPO,266,MRPIND,TEXT,
EKPO,col_raw_export,TABLE_OR_VIEW,COLLINS_RAW,COL_RAW_EXPORT,EKPO,SELECT * FROM COLLINS_RAW.COL_RAW_EXPORT.EKPO,267,SGT_SCAT,TEXT,
EKPO,col_raw_export,TABLE_OR_VIEW,COLLINS_RAW,COL_RAW_EXPORT,EKPO,SELECT * FROM COLLINS_RAW.COL_RAW_EXPORT.EKPO,268,SGT_RCAT,TEXT,
EKPO,col_raw_export,TABLE_OR_VIEW,COLLINS_RAW,COL_RAW_EXPORT,EKPO,SELECT * FROM COLLINS_RAW.COL_RAW_EXPORT.EKPO,269,WRF_CHARSTC1,TEXT,
EKPO,col_raw_export,TABLE_OR_VIEW,COLLINS_RAW,COL_RAW_EXPORT,EKPO,SELECT * FROM COLLINS_RAW.COL_RAW_EXPORT.EKPO,270,WRF_CHARSTC2,TEXT,
EKPO,col_raw_export,TABLE_OR_VIEW,COLLINS_RAW,COL_RAW_EXPORT,EKPO,SELECT * FROM COLLINS_RAW.COL_RAW_EXPORT.EKPO,271,WRF_CHARSTC3,TEXT,
EKPO,col_raw_export,TABLE_OR_VIEW,COLLINS_RAW,COL_RAW_EXPORT,EKPO,SELECT * FROM COLLINS_RAW.COL_RAW_EXPORT.EKPO,272,ZZBOA,TEXT,
EKPO,col_raw_export,TABLE_OR_VIEW,COLLINS_RAW,COL_RAW_EXPORT,EKPO,SELECT * FROM COLLINS_RAW.COL_RAW_EXPORT.EKPO,273,ZZDCL,TEXT,
EKPO,col_raw_export,TABLE_OR_VIEW,COLLINS_RAW,COL_RAW_EXPORT,EKPO,SELECT * FROM COLLINS_RAW.COL_RAW_EXPORT.EKPO,274,ZZISS,TEXT,
EKPO,col_raw_export,TABLE_OR_VIEW,COLLINS_RAW,COL_RAW_EXPORT,EKPO,SELECT * FROM COLLINS_RAW.COL_RAW_EXPORT.EKPO,275,ZZSBA,TEXT,
EKPO,col_raw_export,TABLE_OR_VIEW,COLLINS_RAW,COL_RAW_EXPORT,EKPO,SELECT * FROM COLLINS_RAW.COL_RAW_EXPORT.EKPO,276,ZZBWBS,TEXT,
EKPO,col_raw_export,TABLE_OR_VIEW,COLLINS_RAW,COL_RAW_EXPORT,EKPO,SELECT * FROM COLLINS_RAW.COL_RAW_EXPORT.EKPO,277,ZZDPAS,TEXT,
EKPO,col_raw_export,TABLE_OR_VIEW,COLLINS_RAW,COL_RAW_EXPORT,EKPO,SELECT * FROM COLLINS_RAW.COL_RAW_EXPORT.EKPO,278,ZZMILCNTRT,TEXT,
EKPO,col_raw_export,TABLE_OR_VIEW,COLLINS_RAW,COL_RAW_EXPORT,EKPO,SELECT * FROM COLLINS_RAW.COL_RAW_EXPORT.EKPO,279,ZZDCLRVWD,TEXT,
EKPO,col_raw_export,TABLE_OR_VIEW,COLLINS_RAW,COL_RAW_EXPORT,EKPO,SELECT * FROM COLLINS_RAW.COL_RAW_EXPORT.EKPO,280,ZZPOBYPASS,TEXT,
EKPO,col_raw_export,TABLE_OR_VIEW,COLLINS_RAW,COL_RAW_EXPORT,EKPO,SELECT * FROM COLLINS_RAW.COL_RAW_EXPORT.EKPO,281,ZZFHAORDER,TEXT,
EKPO,col_raw_export,TABLE_OR_VIEW,COLLINS_RAW,COL_RAW_EXPORT,EKPO,SELECT * FROM COLLINS_RAW.COL_RAW_EXPORT.EKPO,282,ZZFIRM,TEXT,
EKPO,col_raw_export,TABLE_OR_VIEW,COLLINS_RAW,COL_RAW_EXPORT,EKPO,SELECT * FROM COLLINS_RAW.COL_RAW_EXPORT.EKPO,283,ZZGCC,TEXT,
EKPO,col_raw_export,TABLE_OR_VIEW,COLLINS_RAW,COL_RAW_EXPORT,EKPO,SELECT * FROM COLLINS_RAW.COL_RAW_EXPORT.EKPO,284,ZZSO,TEXT,
EKPO,col_raw_export,TABLE_OR_VIEW,COLLINS_RAW,COL_RAW_EXPORT,EKPO,SELECT * FROM COLLINS_RAW.COL_RAW_EXPORT.EKPO,285,ZZGSI,TEXT,
EKPO,col_raw_export,TABLE_OR_VIEW,COLLINS_RAW,COL_RAW_EXPORT,EKPO,SELECT * FROM COLLINS_RAW.COL_RAW_EXPORT.EKPO,286,ZZMILSTRIP,TEXT,
EKPO,col_raw_export,TABLE_OR_VIEW,COLLINS_RAW,COL_RAW_EXPORT,EKPO,SELECT * FROM COLLINS_RAW.COL_RAW_EXPORT.EKPO,287,ZZMFRPN,TEXT,
EKPO,col_raw_export,TABLE_OR_VIEW,COLLINS_RAW,COL_RAW_EXPORT,EKPO,SELECT * FROM COLLINS_RAW.COL_RAW_EXPORT.EKPO,288,ZMFR,TEXT,
EKPO,col_raw_export,TABLE_OR_VIEW,COLLINS_RAW,COL_RAW_EXPORT,EKPO,SELECT * FROM COLLINS_RAW.COL_RAW_EXPORT.EKPO,289,ZZSOI,TEXT,
EKPO,col_raw_export,TABLE_OR_VIEW,COLLINS_RAW,COL_RAW_EXPORT,EKPO,SELECT * FROM COLLINS_RAW.COL_RAW_EXPORT.EKPO,290,ZZFAI_TYPE,TEXT,
EKPO,col_raw_export,TABLE_OR_VIEW,COLLINS_RAW,COL_RAW_EXPORT,EKPO,SELECT * FROM COLLINS_RAW.COL_RAW_EXPORT.EKPO,291,ZZFAI_STAT,TEXT,
EKPO,col_raw_export,TABLE_OR_VIEW,COLLINS_RAW,COL_RAW_EXPORT,EKPO,SELECT * FROM COLLINS_RAW.COL_RAW_EXPORT.EKPO,292,ZZMATREV,TEXT,
EKPO,col_raw_export,TABLE_OR_VIEW,COLLINS_RAW,COL_RAW_EXPORT,EKPO,SELECT * FROM COLLINS_RAW.COL_RAW_EXPORT.EKPO,293,ZZSIPWBS,TEXT,
EKPO,col_raw_export,TABLE_OR_VIEW,COLLINS_RAW,COL_RAW_EXPORT,EKPO,SELECT * FROM COLLINS_RAW.COL_RAW_EXPORT.EKPO,294,ZZCSTDG,TEXT,
EKPO,col_raw_export,TABLE_OR_VIEW,COLLINS_RAW,COL_RAW_EXPORT,EKPO,SELECT * FROM COLLINS_RAW.COL_RAW_EXPORT.EKPO,295,ZZTEMPEX,TEXT,
EKPO,col_raw_export,TABLE_OR_VIEW,COLLINS_RAW,COL_RAW_EXPORT,EKPO,SELECT * FROM COLLINS_RAW.COL_RAW_EXPORT.EKPO,296,ZZLICNO,TEXT,
EKPO,col_raw_export,TABLE_OR_VIEW,COLLINS_RAW,COL_RAW_EXPORT,EKPO,SELECT * FROM COLLINS_RAW.COL_RAW_EXPORT.EKPO,297,ZZTRACKNO,TEXT,
EKPO,col_raw_export,TABLE_OR_VIEW,COLLINS_RAW,COL_RAW_EXPORT,EKPO,SELECT * FROM COLLINS_RAW.COL_RAW_EXPORT.EKPO,298,ZZPO_DEL_W_HIST,TEXT,
EKPO,col_raw_export,TABLE_OR_VIEW,COLLINS_RAW,COL_RAW_EXPORT,EKPO,SELECT * FROM COLLINS_RAW.COL_RAW_EXPORT.EKPO,299,ZZ_EXT_SUP_CONT_NUM,TEXT,
EKPO,col_raw_export,TABLE_OR_VIEW,COLLINS_RAW,COL_RAW_EXPORT,EKPO,SELECT * FROM COLLINS_RAW.COL_RAW_EXPORT.EKPO,300,ZZREPFLAG,TEXT,
EKPO,col_raw_export,TABLE_OR_VIEW,COLLINS_RAW,COL_RAW_EXPORT,EKPO,SELECT * FROM COLLINS_RAW.COL_RAW_EXPORT.EKPO,301,ZZCPSR,TEXT,
EKPO,col_raw_export,TABLE_OR_VIEW,COLLINS_RAW,COL_RAW_EXPORT,EKPO,SELECT * FROM COLLINS_RAW.COL_RAW_EXPORT.EKPO,302,ZZNAICS,TEXT,
EKPO,col_raw_export,TABLE_OR_VIEW,COLLINS_RAW,COL_RAW_EXPORT,EKPO,SELECT * FROM COLLINS_RAW.COL_RAW_EXPORT.EKPO,303,ZZCID_COTS,TEXT,
EKPO,col_raw_export,TABLE_OR_VIEW,COLLINS_RAW,COL_RAW_EXPORT,EKPO,SELECT * FROM COLLINS_RAW.COL_RAW_EXPORT.EKPO,304,ZZGOVVAL,TEXT,
EKPO,col_raw_export,TABLE_OR_VIEW,COLLINS_RAW,COL_RAW_EXPORT,EKPO,SELECT * FROM COLLINS_RAW.COL_RAW_EXPORT.EKPO,305,REFSITE,TEXT,
EKPO,col_raw_export,TABLE_OR_VIEW,COLLINS_RAW,COL_RAW_EXPORT,EKPO,SELECT * FROM COLLINS_RAW.COL_RAW_EXPORT.EKPO,306,/SAPMP/GPOSE,TEXT,
EKPO,col_raw_export,TABLE_OR_VIEW,COLLINS_RAW,COL_RAW_EXPORT,EKPO,SELECT * FROM COLLINS_RAW.COL_RAW_EXPORT.EKPO,307,ANGPN,TEXT,
EKPO,col_raw_export,TABLE_OR_VIEW,COLLINS_RAW,COL_RAW_EXPORT,EKPO,SELECT * FROM COLLINS_RAW.COL_RAW_EXPORT.EKPO,308,ADMOI,TEXT,
EKPO,col_raw_export,TABLE_OR_VIEW,COLLINS_RAW,COL_RAW_EXPORT,EKPO,SELECT * FROM COLLINS_RAW.COL_RAW_EXPORT.EKPO,309,ADPRI,TEXT,
EKPO,col_raw_export,TABLE_OR_VIEW,COLLINS_RAW,COL_RAW_EXPORT,EKPO,SELECT * FROM COLLINS_RAW.COL_RAW_EXPORT.EKPO,310,LPRIO,TEXT,
EKPO,col_raw_export,TABLE_OR_VIEW,COLLINS_RAW,COL_RAW_EXPORT,EKPO,SELECT * FROM COLLINS_RAW.COL_RAW_EXPORT.EKPO,311,ADACN,TEXT,
EKPO,col_raw_export,TABLE_OR_VIEW,COLLINS_RAW,COL_RAW_EXPORT,EKPO,SELECT * FROM COLLINS_RAW.COL_RAW_EXPORT.EKPO,312,AFPNR,TEXT,
EKPO,col_raw_export,TABLE_OR_VIEW,COLLINS_RAW,COL_RAW_EXPORT,EKPO,SELECT * FROM COLLINS_RAW.COL_RAW_EXPORT.EKPO,313,BSARK,TEXT,
EKPO,col_raw_export,TABLE_OR_VIEW,COLLINS_RAW,COL_RAW_EXPORT,EKPO,SELECT * FROM COLLINS_RAW.COL_RAW_EXPORT.EKPO,314,AUDAT,TEXT,
EKPO,col_raw_export,TABLE_OR_VIEW,COLLINS_RAW,COL_RAW_EXPORT,EKPO,SELECT * FROM COLLINS_RAW.COL_RAW_EXPORT.EKPO,315,ANGNR,TEXT,
EKPO,col_raw_export,TABLE_OR_VIEW,COLLINS_RAW,COL_RAW_EXPORT,EKPO,SELECT * FROM COLLINS_RAW.COL_RAW_EXPORT.EKPO,316,PNSTAT,TEXT,
EKPO,col_raw_export,TABLE_OR_VIEW,COLLINS_RAW,COL_RAW_EXPORT,EKPO,SELECT * FROM COLLINS_RAW.COL_RAW_EXPORT.EKPO,317,ADDNS,TEXT,
EKPO,col_raw_export,TABLE_OR_VIEW,COLLINS_RAW,COL_RAW_EXPORT,EKPO,SELECT * FROM COLLINS_RAW.COL_RAW_EXPORT.EKPO,318,SERRU,TEXT,
EKPO,col_raw_export,TABLE_OR_VIEW,COLLINS_RAW,COL_RAW_EXPORT,EKPO,SELECT * FROM COLLINS_RAW.COL_RAW_EXPORT.EKPO,319,SERNP,TEXT,
EKPO,col_raw_export,TABLE_OR_VIEW,COLLINS_RAW,COL_RAW_EXPORT,EKPO,SELECT * FROM COLLINS_RAW.COL_RAW_EXPORT.EKPO,320,DISUB_SOBKZ,TEXT,
EKPO,col_raw_export,TABLE_OR_VIEW,COLLINS_RAW,COL_RAW_EXPORT,EKPO,SELECT * FROM COLLINS_RAW.COL_RAW_EXPORT.EKPO,321,DISUB_PSPNR,TEXT,
EKPO,col_raw_export,TABLE_OR_VIEW,COLLINS_RAW,COL_RAW_EXPORT,EKPO,SELECT * FROM COLLINS_RAW.COL_RAW_EXPORT.EKPO,322,DISUB_KUNNR,TEXT,
EKPO,col_raw_export,TABLE_OR_VIEW,COLLINS_RAW,COL_RAW_EXPORT,EKPO,SELECT * FROM COLLINS_RAW.COL_RAW_EXPORT.EKPO,323,DISUB_VBELN,TEXT,
EKPO,col_raw_export,TABLE_OR_VIEW,COLLINS_RAW,COL_RAW_EXPORT,EKPO,SELECT * FROM COLLINS_RAW.COL_RAW_EXPORT.EKPO,324,DISUB_POSNR,TEXT,
EKPO,col_raw_export,TABLE_OR_VIEW,COLLINS_RAW,COL_RAW_EXPORT,EKPO,SELECT * FROM COLLINS_RAW.COL_RAW_EXPORT.EKPO,325,DISUB_OWNER,TEXT,
EKPO,col_raw_export,TABLE_OR_VIEW,COLLINS_RAW,COL_RAW_EXPORT,EKPO,SELECT * FROM COLLINS_RAW.COL_RAW_EXPORT.EKPO,326,FSH_SEASON_YEAR,TEXT,
EKPO,col_raw_export,TABLE_OR_VIEW,COLLINS_RAW,COL_RAW_EXPORT,EKPO,SELECT * FROM COLLINS_RAW.COL_RAW_EXPORT.EKPO,327,FSH_SEASON,TEXT,
EKPO,col_raw_export,TABLE_OR_VIEW,COLLINS_RAW,COL_RAW_EXPORT,EKPO,SELECT * FROM COLLINS_RAW.COL_RAW_EXPORT.EKPO,328,FSH_COLLECTION,TEXT,
EKPO,col_raw_export,TABLE_OR_VIEW,COLLINS_RAW,COL_RAW_EXPORT,EKPO,SELECT * FROM COLLINS_RAW.COL_RAW_EXPORT.EKPO,329,FSH_THEME,TEXT,
EKPO,col_raw_export,TABLE_OR_VIEW,COLLINS_RAW,COL_RAW_EXPORT,EKPO,SELECT * FROM COLLINS_RAW.COL_RAW_EXPORT.EKPO,330,FSH_ATP_DATE,TEXT,
EKPO,col_raw_export,TABLE_OR_VIEW,COLLINS_RAW,COL_RAW_EXPORT,EKPO,SELECT * FROM COLLINS_RAW.COL_RAW_EXPORT.EKPO,331,FSH_VAS_REL,TEXT,
EKPO,col_raw_export,TABLE_OR_VIEW,COLLINS_RAW,COL_RAW_EXPORT,EKPO,SELECT * FROM COLLINS_RAW.COL_RAW_EXPORT.EKPO,332,FSH_VAS_PRNT_ID,TEXT,
EKPO,col_raw_export,TABLE_OR_VIEW,COLLINS_RAW,COL_RAW_EXPORT,EKPO,SELECT * FROM COLLINS_RAW.COL_RAW_EXPORT.EKPO,333,FSH_TRANSACTION,TEXT,
EKPO,col_raw_export,TABLE_OR_VIEW,COLLINS_RAW,COL_RAW_EXPORT,EKPO,SELECT * FROM COLLINS_RAW.COL_RAW_EXPORT.EKPO,334,FSH_ITEM_GROUP,TEXT,
EKPO,col_raw_export,TABLE_OR_VIEW,COLLINS_RAW,COL_RAW_EXPORT,EKPO,SELECT * FROM COLLINS_RAW.COL_RAW_EXPORT.EKPO,335,FSH_ITEM,TEXT,
EKPO,col_raw_export,TABLE_OR_VIEW,COLLINS_RAW,COL_RAW_EXPORT,EKPO,SELECT * FROM COLLINS_RAW.COL_RAW_EXPORT.EKPO,336,FSH_SS,TEXT,
EKPO,col_raw_export,TABLE_OR_VIEW,COLLINS_RAW,COL_RAW_EXPORT,EKPO,SELECT * FROM COLLINS_RAW.COL_RAW_EXPORT.EKPO,337,FSH_GRID_COND_REC,TEXT,
EKPO,col_raw_export,TABLE_OR_VIEW,COLLINS_RAW,COL_RAW_EXPORT,EKPO,SELECT * FROM COLLINS_RAW.COL_RAW_EXPORT.EKPO,338,FSH_PSM_PFM_SPLIT,TEXT,
EKPO,col_raw_export,TABLE_OR_VIEW,COLLINS_RAW,COL_RAW_EXPORT,EKPO,SELECT * FROM COLLINS_RAW.COL_RAW_EXPORT.EKPO,339,CNFM_QTY,NUMBER,
EKPO,col_raw_export,TABLE_OR_VIEW,COLLINS_RAW,COL_RAW_EXPORT,EKPO,SELECT * FROM COLLINS_RAW.COL_RAW_EXPORT.EKPO,340,STPAC,TEXT,
EKPO,col_raw_export,TABLE_OR_VIEW,COLLINS_RAW,COL_RAW_EXPORT,EKPO,SELECT * FROM COLLINS_RAW.COL_RAW_EXPORT.EKPO,341,LGBZO,TEXT,
EKPO,col_raw_export,TABLE_OR_VIEW,COLLINS_RAW,COL_RAW_EXPORT,EKPO,SELECT * FROM COLLINS_RAW.COL_RAW_EXPORT.EKPO,342,LGBZO_B,TEXT,
EKPO,col_raw_export,TABLE_OR_VIEW,COLLINS_RAW,COL_RAW_EXPORT,EKPO,SELECT * FROM COLLINS_RAW.COL_RAW_EXPORT.EKPO,343,ADDRNUM,TEXT,
EKPO,col_raw_export,TABLE_OR_VIEW,COLLINS_RAW,COL_RAW_EXPORT,EKPO,SELECT * FROM COLLINS_RAW.COL_RAW_EXPORT.EKPO,344,CONSNUM,TEXT,
EKPO,col_raw_export,TABLE_OR_VIEW,COLLINS_RAW,COL_RAW_EXPORT,EKPO,SELECT * FROM COLLINS_RAW.COL_RAW_EXPORT.EKPO,345,BORGR_MISS,TEXT,
EKPO,col_raw_export,TABLE_OR_VIEW,COLLINS_RAW,COL_RAW_EXPORT,EKPO,SELECT * FROM COLLINS_RAW.COL_RAW_EXPORT.EKPO,346,REF_ITEM,TEXT,
EKPO,col_raw_export,TABLE_OR_VIEW,COLLINS_RAW,COL_RAW_EXPORT,EKPO,SELECT * FROM COLLINS_RAW.COL_RAW_EXPORT.EKPO,347,SOURCE_ID,TEXT,
EKPO,col_raw_export,TABLE_OR_VIEW,COLLINS_RAW,COL_RAW_EXPORT,EKPO,SELECT * FROM COLLINS_RAW.COL_RAW_EXPORT.EKPO,348,SOURCE_KEY,TEXT,
EKPO,col_raw_export,TABLE_OR_VIEW,COLLINS_RAW,COL_RAW_EXPORT,EKPO,SELECT * FROM COLLINS_RAW.COL_RAW_EXPORT.EKPO,349,PUT_BACK,TEXT,
EKPO,col_raw_export,TABLE_OR_VIEW,COLLINS_RAW,COL_RAW_EXPORT,EKPO,SELECT * FROM COLLINS_RAW.COL_RAW_EXPORT.EKPO,350,POL_ID,TEXT,
EKPO,col_raw_export,TABLE_OR_VIEW,COLLINS_RAW,COL_RAW_EXPORT,EKPO,SELECT * FROM COLLINS_RAW.COL_RAW_EXPORT.EKPO,351,CONS_ORDER,TEXT,
EKPO,col_raw_export,TABLE_OR_VIEW,COLLINS_RAW,COL_RAW_EXPORT,EKPO,SELECT * FROM COLLINS_RAW.COL_RAW_EXPORT.EKPO,352,REPL_CDC_DATE,TIMESTAMP_NTZ,
EKPO,col_raw_export,TABLE_OR_VIEW,COLLINS_RAW,COL_RAW_EXPORT,EKPO,SELECT * FROM COLLINS_RAW.COL_RAW_EXPORT.EKPO,353,REPL_CDC_OPCODE,TEXT,
LFA1,col_raw_export,TABLE_OR_VIEW,COLLINS_RAW,COL_RAW_EXPORT,LFA1,SELECT * FROM COLLINS_RAW.COL_RAW_EXPORT.LFA1,1,MANDT,TEXT,
LFA1,col_raw_export,TABLE_OR_VIEW,COLLINS_RAW,COL_RAW_EXPORT,LFA1,SELECT * FROM COLLINS_RAW.COL_RAW_EXPORT.LFA1,2,LIFNR,TEXT,
LFA1,col_raw_export,TABLE_OR_VIEW,COLLINS_RAW,COL_RAW_EXPORT,LFA1,SELECT * FROM COLLINS_RAW.COL_RAW_EXPORT.LFA1,3,LAND1,TEXT,
LFA1,col_raw_export,TABLE_OR_VIEW,COLLINS_RAW,COL_RAW_EXPORT,LFA1,SELECT * FROM COLLINS_RAW.COL_RAW_EXPORT.LFA1,4,NAME1,TEXT,
LFA1,col_raw_export,TABLE_OR_VIEW,COLLINS_RAW,COL_RAW_EXPORT,LFA1,SELECT * FROM COLLINS_RAW.COL_RAW_EXPORT.LFA1,5,NAME2,TEXT,
LFA1,col_raw_export,TABLE_OR_VIEW,COLLINS_RAW,COL_RAW_EXPORT,LFA1,SELECT * FROM COLLINS_RAW.COL_RAW_EXPORT.LFA1,6,NAME3,TEXT,
LFA1,col_raw_export,TABLE_OR_VIEW,COLLINS_RAW,COL_RAW_EXPORT,LFA1,SELECT * FROM COLLINS_RAW.COL_RAW_EXPORT.LFA1,7,NAME4,TEXT,
LFA1,col_raw_export,TABLE_OR_VIEW,COLLINS_RAW,COL_RAW_EXPORT,LFA1,SELECT * FROM COLLINS_RAW.COL_RAW_EXPORT.LFA1,8,ORT01,TEXT,
LFA1,col_raw_export,TABLE_OR_VIEW,COLLINS_RAW,COL_RAW_EXPORT,LFA1,SELECT * FROM COLLINS_RAW.COL_RAW_EXPORT.LFA1,9,ORT02,TEXT,
LFA1,col_raw_export,TABLE_OR_VIEW,COLLINS_RAW,COL_RAW_EXPORT,LFA1,SELECT * FROM COLLINS_RAW.COL_RAW_EXPORT.LFA1,10,PFACH,TEXT,
LFA1,col_raw_export,TABLE_OR_VIEW,COLLINS_RAW,COL_RAW_EXPORT,LFA1,SELECT * FROM COLLINS_RAW.COL_RAW_EXPORT.LFA1,11,PSTL2,TEXT,
LFA1,col_raw_export,TABLE_OR_VIEW,COLLINS_RAW,COL_RAW_EXPORT,LFA1,SELECT * FROM COLLINS_RAW.COL_RAW_EXPORT.LFA1,12,PSTLZ,TEXT,
LFA1,col_raw_export,TABLE_OR_VIEW,COLLINS_RAW,COL_RAW_EXPORT,LFA1,SELECT * FROM COLLINS_RAW.COL_RAW_EXPORT.LFA1,13,REGIO,TEXT,
LFA1,col_raw_export,TABLE_OR_VIEW,COLLINS_RAW,COL_RAW_EXPORT,LFA1,SELECT * FROM COLLINS_RAW.COL_RAW_EXPORT.LFA1,14,SORTL,TEXT,
LFA1,col_raw_export,TABLE_OR_VIEW,COLLINS_RAW,COL_RAW_EXPORT,LFA1,SELECT * FROM COLLINS_RAW.COL_RAW_EXPORT.LFA1,15,STRAS,TEXT,
LFA1,col_raw_export,TABLE_OR_VIEW,COLLINS_RAW,COL_RAW_EXPORT,LFA1,SELECT * FROM COLLINS_RAW.COL_RAW_EXPORT.LFA1,16,ADRNR,TEXT,
LFA1,col_raw_export,TABLE_OR_VIEW,COLLINS_RAW,COL_RAW_EXPORT,LFA1,SELECT * FROM COLLINS_RAW.COL_RAW_EXPORT.LFA1,17,MCOD1,TEXT,
LFA1,col_raw_export,TABLE_OR_VIEW,COLLINS_RAW,COL_RAW_EXPORT,LFA1,SELECT * FROM COLLINS_RAW.COL_RAW_EXPORT.LFA1,18,MCOD2,TEXT,
LFA1,col_raw_export,TABLE_OR_VIEW,COLLINS_RAW,COL_RAW_EXPORT,LFA1,SELECT * FROM COLLINS_RAW.COL_RAW_EXPORT.LFA1,19,MCOD3,TEXT,
LFA1,col_raw_export,TABLE_OR_VIEW,COLLINS_RAW,COL_RAW_EXPORT,LFA1,SELECT * FROM COLLINS_RAW.COL_RAW_EXPORT.LFA1,20,ANRED,TEXT,
LFA1,col_raw_export,TABLE_OR_VIEW,COLLINS_RAW,COL_RAW_EXPORT,LFA1,SELECT * FROM COLLINS_RAW.COL_RAW_EXPORT.LFA1,21,BAHNS,TEXT,
LFA1,col_raw_export,TABLE_OR_VIEW,COLLINS_RAW,COL_RAW_EXPORT,LFA1,SELECT * FROM COLLINS_RAW.COL_RAW_EXPORT.LFA1,22,BBBNR,TEXT,
LFA1,col_raw_export,TABLE_OR_VIEW,COLLINS_RAW,COL_RAW_EXPORT,LFA1,SELECT * FROM COLLINS_RAW.COL_RAW_EXPORT.LFA1,23,BBSNR,TEXT,
LFA1,col_raw_export,TABLE_OR_VIEW,COLLINS_RAW,COL_RAW_EXPORT,LFA1,SELECT * FROM COLLINS_RAW.COL_RAW_EXPORT.LFA1,24,BEGRU,TEXT,
LFA1,col_raw_export,TABLE_OR_VIEW,COLLINS_RAW,COL_RAW_EXPORT,LFA1,SELECT * FROM COLLINS_RAW.COL_RAW_EXPORT.LFA1,25,BRSCH,TEXT,
LFA1,col_raw_export,TABLE_OR_VIEW,COLLINS_RAW,COL_RAW_EXPORT,LFA1,SELECT * FROM COLLINS_RAW.COL_RAW_EXPORT.LFA1,26,BUBKZ,TEXT,
LFA1,col_raw_export,TABLE_OR_VIEW,COLLINS_RAW,COL_RAW_EXPORT,LFA1,SELECT * FROM COLLINS_RAW.COL_RAW_EXPORT.LFA1,27,DATLT,TEXT,
LFA1,col_raw_export,TABLE_OR_VIEW,COLLINS_RAW,COL_RAW_EXPORT,LFA1,SELECT * FROM COLLINS_RAW.COL_RAW_EXPORT.LFA1,28,DTAMS,TEXT,
LFA1,col_raw_export,TABLE_OR_VIEW,COLLINS_RAW,COL_RAW_EXPORT,LFA1,SELECT * FROM COLLINS_RAW.COL_RAW_EXPORT.LFA1,29,DTAWS,TEXT,
LFA1,col_raw_export,TABLE_OR_VIEW,COLLINS_RAW,COL_RAW_EXPORT,LFA1,SELECT * FROM COLLINS_RAW.COL_RAW_EXPORT.LFA1,30,ERDAT,TEXT,
LFA1,col_raw_export,TABLE_OR_VIEW,COLLINS_RAW,COL_RAW_EXPORT,LFA1,SELECT * FROM COLLINS_RAW.COL_RAW_EXPORT.LFA1,31,ERNAM,TEXT,
LFA1,col_raw_export,TABLE_OR_VIEW,COLLINS_RAW,COL_RAW_EXPORT,LFA1,SELECT * FROM COLLINS_RAW.COL_RAW_EXPORT.LFA1,32,ESRNR,TEXT,
LFA1,col_raw_export,TABLE_OR_VIEW,COLLINS_RAW,COL_RAW_EXPORT,LFA1,SELECT * FROM COLLINS_RAW.COL_RAW_EXPORT.LFA1,33,KONZS,TEXT,
LFA1,col_raw_export,TABLE_OR_VIEW,COLLINS_RAW,COL_RAW_EXPORT,LFA1,SELECT * FROM COLLINS_RAW.COL_RAW_EXPORT.LFA1,34,KTOKK,TEXT,
LFA1,col_raw_export,TABLE_OR_VIEW,COLLINS_RAW,COL_RAW_EXPORT,LFA1,SELECT * FROM COLLINS_RAW.COL_RAW_EXPORT.LFA1,35,KUNNR,TEXT,
LFA1,col_raw_export,TABLE_OR_VIEW,COLLINS_RAW,COL_RAW_EXPORT,LFA1,SELECT * FROM COLLINS_RAW.COL_RAW_EXPORT.LFA1,36,LNRZA,TEXT,
LFA1,col_raw_export,TABLE_OR_VIEW,COLLINS_RAW,COL_RAW_EXPORT,LFA1,SELECT * FROM COLLINS_RAW.COL_RAW_EXPORT.LFA1,37,LOEVM,TEXT,
LFA1,col_raw_export,TABLE_OR_VIEW,COLLINS_RAW,COL_RAW_EXPORT,LFA1,SELECT * FROM COLLINS_RAW.COL_RAW_EXPORT.LFA1,38,SPERR,TEXT,
LFA1,col_raw_export,TABLE_OR_VIEW,COLLINS_RAW,COL_RAW_EXPORT,LFA1,SELECT * FROM COLLINS_RAW.COL_RAW_EXPORT.LFA1,39,SPERM,TEXT,
LFA1,col_raw_export,TABLE_OR_VIEW,COLLINS_RAW,COL_RAW_EXPORT,LFA1,SELECT * FROM COLLINS_RAW.COL_RAW_EXPORT.LFA1,40,SPRAS,TEXT,
LFA1,col_raw_export,TABLE_OR_VIEW,COLLINS_RAW,COL_RAW_EXPORT,LFA1,SELECT * FROM COLLINS_RAW.COL_RAW_EXPORT.LFA1,41,STCD1,TEXT,
LFA1,col_raw_export,TABLE_OR_VIEW,COLLINS_RAW,COL_RAW_EXPORT,LFA1,SELECT * FROM COLLINS_RAW.COL_RAW_EXPORT.LFA1,42,STCD2,TEXT,
LFA1,col_raw_export,TABLE_OR_VIEW,COLLINS_RAW,COL_RAW_EXPORT,LFA1,SELECT * FROM COLLINS_RAW.COL_RAW_EXPORT.LFA1,43,STKZA,TEXT,
LFA1,col_raw_export,TABLE_OR_VIEW,COLLINS_RAW,COL_RAW_EXPORT,LFA1,SELECT * FROM COLLINS_RAW.COL_RAW_EXPORT.LFA1,44,STKZU,TEXT,
LFA1,col_raw_export,TABLE_OR_VIEW,COLLINS_RAW,COL_RAW_EXPORT,LFA1,SELECT * FROM COLLINS_RAW.COL_RAW_EXPORT.LFA1,45,TELBX,TEXT,
LFA1,col_raw_export,TABLE_OR_VIEW,COLLINS_RAW,COL_RAW_EXPORT,LFA1,SELECT * FROM COLLINS_RAW.COL_RAW_EXPORT.LFA1,46,TELF1,TEXT,
LFA1,col_raw_export,TABLE_OR_VIEW,COLLINS_RAW,COL_RAW_EXPORT,LFA1,SELECT * FROM COLLINS_RAW.COL_RAW_EXPORT.LFA1,47,TELF2,TEXT,
LFA1,col_raw_export,TABLE_OR_VIEW,COLLINS_RAW,COL_RAW_EXPORT,LFA1,SELECT * FROM COLLINS_RAW.COL_RAW_EXPORT.LFA1,48,TELFX,TEXT,
LFA1,col_raw_export,TABLE_OR_VIEW,COLLINS_RAW,COL_RAW_EXPORT,LFA1,SELECT * FROM COLLINS_RAW.COL_RAW_EXPORT.LFA1,49,TELTX,TEXT,
LFA1,col_raw_export,TABLE_OR_VIEW,COLLINS_RAW,COL_RAW_EXPORT,LFA1,SELECT * FROM COLLINS_RAW.COL_RAW_EXPORT.LFA1,50,TELX1,TEXT,
LFA1,col_raw_export,TABLE_OR_VIEW,COLLINS_RAW,COL_RAW_EXPORT,LFA1,SELECT * FROM COLLINS_RAW.COL_RAW_EXPORT.LFA1,51,XCPDK,TEXT,
LFA1,col_raw_export,TABLE_OR_VIEW,COLLINS_RAW,COL_RAW_EXPORT,LFA1,SELECT * FROM COLLINS_RAW.COL_RAW_EXPORT.LFA1,52,XZEMP,TEXT,
LFA1,col_raw_export,TABLE_OR_VIEW,COLLINS_RAW,COL_RAW_EXPORT,LFA1,SELECT * FROM COLLINS_RAW.COL_RAW_EXPORT.LFA1,53,VBUND,TEXT,
LFA1,col_raw_export,TABLE_OR_VIEW,COLLINS_RAW,COL_RAW_EXPORT,LFA1,SELECT * FROM COLLINS_RAW.COL_RAW_EXPORT.LFA1,54,FISKN,TEXT,
LFA1,col_raw_export,TABLE_OR_VIEW,COLLINS_RAW,COL_RAW_EXPORT,LFA1,SELECT * FROM COLLINS_RAW.COL_RAW_EXPORT.LFA1,55,STCEG,TEXT,
LFA1,col_raw_export,TABLE_OR_VIEW,COLLINS_RAW,COL_RAW_EXPORT,LFA1,SELECT * FROM COLLINS_RAW.COL_RAW_EXPORT.LFA1,56,STKZN,TEXT,
LFA1,col_raw_export,TABLE_OR_VIEW,COLLINS_RAW,COL_RAW_EXPORT,LFA1,SELECT * FROM COLLINS_RAW.COL_RAW_EXPORT.LFA1,57,SPERQ,TEXT,
LFA1,col_raw_export,TABLE_OR_VIEW,COLLINS_RAW,COL_RAW_EXPORT,LFA1,SELECT * FROM COLLINS_RAW.COL_RAW_EXPORT.LFA1,58,GBORT,TEXT,
LFA1,col_raw_export,TABLE_OR_VIEW,COLLINS_RAW,COL_RAW_EXPORT,LFA1,SELECT * FROM COLLINS_RAW.COL_RAW_EXPORT.LFA1,59,GBDAT,TEXT,
LFA1,col_raw_export,TABLE_OR_VIEW,COLLINS_RAW,COL_RAW_EXPORT,LFA1,SELECT * FROM COLLINS_RAW.COL_RAW_EXPORT.LFA1,60,SEXKZ,TEXT,
LFA1,col_raw_export,TABLE_OR_VIEW,COLLINS_RAW,COL_RAW_EXPORT,LFA1,SELECT * FROM COLLINS_RAW.COL_RAW_EXPORT.LFA1,61,KRAUS,TEXT,
LFA1,col_raw_export,TABLE_OR_VIEW,COLLINS_RAW,COL_RAW_EXPORT,LFA1,SELECT * FROM COLLINS_RAW.COL_RAW_EXPORT.LFA1,62,REVDB,TEXT,
LFA1,col_raw_export,TABLE_OR_VIEW,COLLINS_RAW,COL_RAW_EXPORT,LFA1,SELECT * FROM COLLINS_RAW.COL_RAW_EXPORT.LFA1,63,QSSYS,TEXT,
LFA1,col_raw_export,TABLE_OR_VIEW,COLLINS_RAW,COL_RAW_EXPORT,LFA1,SELECT * FROM COLLINS_RAW.COL_RAW_EXPORT.LFA1,64,KTOCK,TEXT,
LFA1,col_raw_export,TABLE_OR_VIEW,COLLINS_RAW,COL_RAW_EXPORT,LFA1,SELECT * FROM COLLINS_RAW.COL_RAW_EXPORT.LFA1,65,PFORT,TEXT,
LFA1,col_raw_export,TABLE_OR_VIEW,COLLINS_RAW,COL_RAW_EXPORT,LFA1,SELECT * FROM COLLINS_RAW.COL_RAW_EXPORT.LFA1,66,WERKS,TEXT,
LFA1,col_raw_export,TABLE_OR_VIEW,COLLINS_RAW,COL_RAW_EXPORT,LFA1,SELECT * FROM COLLINS_RAW.COL_RAW_EXPORT.LFA1,67,LTSNA,TEXT,
LFA1,col_raw_export,TABLE_OR_VIEW,COLLINS_RAW,COL_RAW_EXPORT,LFA1,SELECT * FROM COLLINS_RAW.COL_RAW_EXPORT.LFA1,68,WERKR,TEXT,
LFA1,col_raw_export,TABLE_OR_VIEW,COLLINS_RAW,COL_RAW_EXPORT,LFA1,SELECT * FROM COLLINS_RAW.COL_RAW_EXPORT.LFA1,69,PLKAL,TEXT,
LFA1,col_raw_export,TABLE_OR_VIEW,COLLINS_RAW,COL_RAW_EXPORT,LFA1,SELECT * FROM COLLINS_RAW.COL_RAW_EXPORT.LFA1,70,DUEFL,TEXT,
LFA1,col_raw_export,TABLE_OR_VIEW,COLLINS_RAW,COL_RAW_EXPORT,LFA1,SELECT * FROM COLLINS_RAW.COL_RAW_EXPORT.LFA1,71,TXJCD,TEXT,
LFA1,col_raw_export,TABLE_OR_VIEW,COLLINS_RAW,COL_RAW_EXPORT,LFA1,SELECT * FROM COLLINS_RAW.COL_RAW_EXPORT.LFA1,72,SPERZ,TEXT,
LFA1,col_raw_export,TABLE_OR_VIEW,COLLINS_RAW,COL_RAW_EXPORT,LFA1,SELECT * FROM COLLINS_RAW.COL_RAW_EXPORT.LFA1,73,SCACD,TEXT,
LFA1,col_raw_export,TABLE_OR_VIEW,COLLINS_RAW,COL_RAW_EXPORT,LFA1,SELECT * FROM COLLINS_RAW.COL_RAW_EXPORT.LFA1,74,SFRGR,TEXT,
LFA1,col_raw_export,TABLE_OR_VIEW,COLLINS_RAW,COL_RAW_EXPORT,LFA1,SELECT * FROM COLLINS_RAW.COL_RAW_EXPORT.LFA1,75,LZONE,TEXT,
LFA1,col_raw_export,TABLE_OR_VIEW,COLLINS_RAW,COL_RAW_EXPORT,LFA1,SELECT * FROM COLLINS_RAW.COL_RAW_EXPORT.LFA1,76,XLFZA,TEXT,
LFA1,col_raw_export,TABLE_OR_VIEW,COLLINS_RAW,COL_RAW_EXPORT,LFA1,SELECT * FROM COLLINS_RAW.COL_RAW_EXPORT.LFA1,77,DLGRP,TEXT,
LFA1,col_raw_export,TABLE_OR_VIEW,COLLINS_RAW,COL_RAW_EXPORT,LFA1,SELECT * FROM COLLINS_RAW.COL_RAW_EXPORT.LFA1,78,FITYP,TEXT,
LFA1,col_raw_export,TABLE_OR_VIEW,COLLINS_RAW,COL_RAW_EXPORT,LFA1,SELECT * FROM COLLINS_RAW.COL_RAW_EXPORT.LFA1,79,STCDT,TEXT,
LFA1,col_raw_export,TABLE_OR_VIEW,COLLINS_RAW,COL_RAW_EXPORT,LFA1,SELECT * FROM COLLINS_RAW.COL_RAW_EXPORT.LFA1,80,REGSS,TEXT,
LFA1,col_raw_export,TABLE_OR_VIEW,COLLINS_RAW,COL_RAW_EXPORT,LFA1,SELECT * FROM COLLINS_RAW.COL_RAW_EXPORT.LFA1,81,ACTSS,TEXT,
LFA1,col_raw_export,TABLE_OR_VIEW,COLLINS_RAW,COL_RAW_EXPORT,LFA1,SELECT * FROM COLLINS_RAW.COL_RAW_EXPORT.LFA1,82,STCD3,TEXT,
LFA1,col_raw_export,TABLE_OR_VIEW,COLLINS_RAW,COL_RAW_EXPORT,LFA1,SELECT * FROM COLLINS_RAW.COL_RAW_EXPORT.LFA1,83,STCD4,TEXT,
LFA1,col_raw_export,TABLE_OR_VIEW,COLLINS_RAW,COL_RAW_EXPORT,LFA1,SELECT * FROM COLLINS_RAW.COL_RAW_EXPORT.LFA1,84,STCD5,TEXT,
LFA1,col_raw_export,TABLE_OR_VIEW,COLLINS_RAW,COL_RAW_EXPORT,LFA1,SELECT * FROM COLLINS_RAW.COL_RAW_EXPORT.LFA1,85,STCD6,TEXT,
LFA1,col_raw_export,TABLE_OR_VIEW,COLLINS_RAW,COL_RAW_EXPORT,LFA1,SELECT * FROM COLLINS_RAW.COL_RAW_EXPORT.LFA1,86,IPISP,TEXT,
LFA1,col_raw_export,TABLE_OR_VIEW,COLLINS_RAW,COL_RAW_EXPORT,LFA1,SELECT * FROM COLLINS_RAW.COL_RAW_EXPORT.LFA1,87,TAXBS,TEXT,
LFA1,col_raw_export,TABLE_OR_VIEW,COLLINS_RAW,COL_RAW_EXPORT,LFA1,SELECT * FROM COLLINS_RAW.COL_RAW_EXPORT.LFA1,88,PROFS,TEXT,
LFA1,col_raw_export,TABLE_OR_VIEW,COLLINS_RAW,COL_RAW_EXPORT,LFA1,SELECT * FROM COLLINS_RAW.COL_RAW_EXPORT.LFA1,89,STGDL,TEXT,
LFA1,col_raw_export,TABLE_OR_VIEW,COLLINS_RAW,COL_RAW_EXPORT,LFA1,SELECT * FROM COLLINS_RAW.COL_RAW_EXPORT.LFA1,90,EMNFR,TEXT,
LFA1,col_raw_export,TABLE_OR_VIEW,COLLINS_RAW,COL_RAW_EXPORT,LFA1,SELECT * FROM COLLINS_RAW.COL_RAW_EXPORT.LFA1,91,LFURL,TEXT,
LFA1,col_raw_export,TABLE_OR_VIEW,COLLINS_RAW,COL_RAW_EXPORT,LFA1,SELECT * FROM COLLINS_RAW.COL_RAW_EXPORT.LFA1,92,J_1KFREPRE,TEXT,
LFA1,col_raw_export,TABLE_OR_VIEW,COLLINS_RAW,COL_RAW_EXPORT,LFA1,SELECT * FROM COLLINS_RAW.COL_RAW_EXPORT.LFA1,93,J_1KFTBUS,TEXT,
LFA1,col_raw_export,TABLE_OR_VIEW,COLLINS_RAW,COL_RAW_EXPORT,LFA1,SELECT * FROM COLLINS_RAW.COL_RAW_EXPORT.LFA1,94,J_1KFTIND,TEXT,
LFA1,col_raw_export,TABLE_OR_VIEW,COLLINS_RAW,COL_RAW_EXPORT,LFA1,SELECT * FROM COLLINS_RAW.COL_RAW_EXPORT.LFA1,95,CONFS,TEXT,
LFA1,col_raw_export,TABLE_OR_VIEW,COLLINS_RAW,COL_RAW_EXPORT,LFA1,SELECT * FROM COLLINS_RAW.COL_RAW_EXPORT.LFA1,96,UPDAT,TEXT,
LFA1,col_raw_export,TABLE_OR_VIEW,COLLINS_RAW,COL_RAW_EXPORT,LFA1,SELECT * FROM COLLINS_RAW.COL_RAW_EXPORT.LFA1,97,UPTIM,TEXT,
LFA1,col_raw_export,TABLE_OR_VIEW,COLLINS_RAW,COL_RAW_EXPORT,LFA1,SELECT * FROM COLLINS_RAW.COL_RAW_EXPORT.LFA1,98,NODEL,TEXT,
LFA1,col_raw_export,TABLE_OR_VIEW,COLLINS_RAW,COL_RAW_EXPORT,LFA1,SELECT * FROM COLLINS_RAW.COL_RAW_EXPORT.LFA1,99,QSSYSDAT,TEXT,
LFA1,col_raw_export,TABLE_OR_VIEW,COLLINS_RAW,COL_RAW_EXPORT,LFA1,SELECT * FROM COLLINS_RAW.COL_RAW_EXPORT.LFA1,100,PODKZB,TEXT,
LFA1,col_raw_export,TABLE_OR_VIEW,COLLINS_RAW,COL_RAW_EXPORT,LFA1,SELECT * FROM COLLINS_RAW.COL_RAW_EXPORT.LFA1,101,FISKU,TEXT,
LFA1,col_raw_export,TABLE_OR_VIEW,COLLINS_RAW,COL_RAW_EXPORT,LFA1,SELECT * FROM COLLINS_RAW.COL_RAW_EXPORT.LFA1,102,STENR,TEXT,
LFA1,col_raw_export,TABLE_OR_VIEW,COLLINS_RAW,COL_RAW_EXPORT,LFA1,SELECT * FROM COLLINS_RAW.COL_RAW_EXPORT.LFA1,103,CARRIER_CONF,TEXT,
LFA1,col_raw_export,TABLE_OR_VIEW,COLLINS_RAW,COL_RAW_EXPORT,LFA1,SELECT * FROM COLLINS_RAW.COL_RAW_EXPORT.LFA1,104,MIN_COMP,TEXT,
LFA1,col_raw_export,TABLE_OR_VIEW,COLLINS_RAW,COL_RAW_EXPORT,LFA1,SELECT * FROM COLLINS_RAW.COL_RAW_EXPORT.LFA1,105,TERM_LI,TEXT,
LFA1,col_raw_export,TABLE_OR_VIEW,COLLINS_RAW,COL_RAW_EXPORT,LFA1,SELECT * FROM COLLINS_RAW.COL_RAW_EXPORT.LFA1,106,CRC_NUM,TEXT,
LFA1,col_raw_export,TABLE_OR_VIEW,COLLINS_RAW,COL_RAW_EXPORT,LFA1,SELECT * FROM COLLINS_RAW.COL_RAW_EXPORT.LFA1,107,CVP_XBLCK,TEXT,
LFA1,col_raw_export,TABLE_OR_VIEW,COLLINS_RAW,COL_RAW_EXPORT,LFA1,SELECT * FROM COLLINS_RAW.COL_RAW_EXPORT.LFA1,108,RG,TEXT,
LFA1,col_raw_export,TABLE_OR_VIEW,COLLINS_RAW,COL_RAW_EXPORT,LFA1,SELECT * FROM COLLINS_RAW.COL_RAW_EXPORT.LFA1,109,EXP,TEXT,
LFA1,col_raw_export,TABLE_OR_VIEW,COLLINS_RAW,COL_RAW_EXPORT,LFA1,SELECT * FROM COLLINS_RAW.COL_RAW_EXPORT.LFA1,110,UF,TEXT,
LFA1,col_raw_export,TABLE_OR_VIEW,COLLINS_RAW,COL_RAW_EXPORT,LFA1,SELECT * FROM COLLINS_RAW.COL_RAW_EXPORT.LFA1,111,RGDATE,TEXT,
LFA1,col_raw_export,TABLE_OR_VIEW,COLLINS_RAW,COL_RAW_EXPORT,LFA1,SELECT * FROM COLLINS_RAW.COL_RAW_EXPORT.LFA1,112,RIC,TEXT,
LFA1,col_raw_export,TABLE_OR_VIEW,COLLINS_RAW,COL_RAW_EXPORT,LFA1,SELECT * FROM COLLINS_RAW.COL_RAW_EXPORT.LFA1,113,RNE,TEXT,
LFA1,col_raw_export,TABLE_OR_VIEW,COLLINS_RAW,COL_RAW_EXPORT,LFA1,SELECT * FROM COLLINS_RAW.COL_RAW_EXPORT.LFA1,114,RNEDATE,TEXT,
LFA1,col_raw_export,TABLE_OR_VIEW,COLLINS_RAW,COL_RAW_EXPORT,LFA1,SELECT * FROM COLLINS_RAW.COL_RAW_EXPORT.LFA1,115,CNAE,TEXT,
LFA1,col_raw_export,TABLE_OR_VIEW,COLLINS_RAW,COL_RAW_EXPORT,LFA1,SELECT * FROM COLLINS_RAW.COL_RAW_EXPORT.LFA1,116,LEGALNAT,TEXT,
LFA1,col_raw_export,TABLE_OR_VIEW,COLLINS_RAW,COL_RAW_EXPORT,LFA1,SELECT * FROM COLLINS_RAW.COL_RAW_EXPORT.LFA1,117,CRTN,TEXT,
LFA1,col_raw_export,TABLE_OR_VIEW,COLLINS_RAW,COL_RAW_EXPORT,LFA1,SELECT * FROM COLLINS_RAW.COL_RAW_EXPORT.LFA1,118,ICMSTAXPAY,TEXT,
LFA1,col_raw_export,TABLE_OR_VIEW,COLLINS_RAW,COL_RAW_EXPORT,LFA1,SELECT * FROM COLLINS_RAW.COL_RAW_EXPORT.LFA1,119,INDTYP,TEXT,
LFA1,col_raw_export,TABLE_OR_VIEW,COLLINS_RAW,COL_RAW_EXPORT,LFA1,SELECT * FROM COLLINS_RAW.COL_RAW_EXPORT.LFA1,120,TDT,TEXT,
LFA1,col_raw_export,TABLE_OR_VIEW,COLLINS_RAW,COL_RAW_EXPORT,LFA1,SELECT * FROM COLLINS_RAW.COL_RAW_EXPORT.LFA1,121,COMSIZE,TEXT,
LFA1,col_raw_export,TABLE_OR_VIEW,COLLINS_RAW,COL_RAW_EXPORT,LFA1,SELECT * FROM COLLINS_RAW.COL_RAW_EXPORT.LFA1,122,DECREGPC,TEXT,
LFA1,col_raw_export,TABLE_OR_VIEW,COLLINS_RAW,COL_RAW_EXPORT,LFA1,SELECT * FROM COLLINS_RAW.COL_RAW_EXPORT.LFA1,123,DUNSP4,TEXT,
LFA1,col_raw_export,TABLE_OR_VIEW,COLLINS_RAW,COL_RAW_EXPORT,LFA1,SELECT * FROM COLLINS_RAW.COL_RAW_EXPORT.LFA1,124,J_SC_CAPITAL,NUMBER,
LFA1,col_raw_export,TABLE_OR_VIEW,COLLINS_RAW,COL_RAW_EXPORT,LFA1,SELECT * FROM COLLINS_RAW.COL_RAW_EXPORT.LFA1,125,J_SC_CURRENCY,TEXT,
LFA1,col_raw_export,TABLE_OR_VIEW,COLLINS_RAW,COL_RAW_EXPORT,LFA1,SELECT * FROM COLLINS_RAW.COL_RAW_EXPORT.LFA1,126,ALC,TEXT,
LFA1,col_raw_export,TABLE_OR_VIEW,COLLINS_RAW,COL_RAW_EXPORT,LFA1,SELECT * FROM COLLINS_RAW.COL_RAW_EXPORT.LFA1,127,PMT_OFFICE,TEXT,
LFA1,col_raw_export,TABLE_OR_VIEW,COLLINS_RAW,COL_RAW_EXPORT,LFA1,SELECT * FROM COLLINS_RAW.COL_RAW_EXPORT.LFA1,128,PPA_RELEVANT,TEXT,
LFA1,col_raw_export,TABLE_OR_VIEW,COLLINS_RAW,COL_RAW_EXPORT,LFA1,SELECT * FROM COLLINS_RAW.COL_RAW_EXPORT.LFA1,129,PSOFG,TEXT,
LFA1,col_raw_export,TABLE_OR_VIEW,COLLINS_RAW,COL_RAW_EXPORT,LFA1,SELECT * FROM COLLINS_RAW.COL_RAW_EXPORT.LFA1,130,PSOIS,TEXT,
LFA1,col_raw_export,TABLE_OR_VIEW,COLLINS_RAW,COL_RAW_EXPORT,LFA1,SELECT * FROM COLLINS_RAW.COL_RAW_EXPORT.LFA1,131,PSON1,TEXT,
LFA1,col_raw_export,TABLE_OR_VIEW,COLLINS_RAW,COL_RAW_EXPORT,LFA1,SELECT * FROM COLLINS_RAW.COL_RAW_EXPORT.LFA1,132,PSON2,TEXT,
LFA1,col_raw_export,TABLE_OR_VIEW,COLLINS_RAW,COL_RAW_EXPORT,LFA1,SELECT * FROM COLLINS_RAW.COL_RAW_EXPORT.LFA1,133,PSON3,TEXT,
LFA1,col_raw_export,TABLE_OR_VIEW,COLLINS_RAW,COL_RAW_EXPORT,LFA1,SELECT * FROM COLLINS_RAW.COL_RAW_EXPORT.LFA1,134,PSOVN,TEXT,
LFA1,col_raw_export,TABLE_OR_VIEW,COLLINS_RAW,COL_RAW_EXPORT,LFA1,SELECT * FROM COLLINS_RAW.COL_RAW_EXPORT.LFA1,135,PSOTL,TEXT,
LFA1,col_raw_export,TABLE_OR_VIEW,COLLINS_RAW,COL_RAW_EXPORT,LFA1,SELECT * FROM COLLINS_RAW.COL_RAW_EXPORT.LFA1,136,PSOHS,TEXT,
LFA1,col_raw_export,TABLE_OR_VIEW,COLLINS_RAW,COL_RAW_EXPORT,LFA1,SELECT * FROM COLLINS_RAW.COL_RAW_EXPORT.LFA1,137,PSOST,TEXT,
LFA1,col_raw_export,TABLE_OR_VIEW,COLLINS_RAW,COL_RAW_EXPORT,LFA1,SELECT * FROM COLLINS_RAW.COL_RAW_EXPORT.LFA1,138,BORGR_DATUN,TEXT,
LFA1,col_raw_export,TABLE_OR_VIEW,COLLINS_RAW,COL_RAW_EXPORT,LFA1,SELECT * FROM COLLINS_RAW.COL_RAW_EXPORT.LFA1,139,BORGR_YEAUN,TEXT,
LFA1,col_raw_export,TABLE_OR_VIEW,COLLINS_RAW,COL_RAW_EXPORT,LFA1,SELECT * FROM COLLINS_RAW.COL_RAW_EXPORT.LFA1,140,TRANSPORT_CHAIN,TEXT,
LFA1,col_raw_export,TABLE_OR_VIEW,COLLINS_RAW,COL_RAW_EXPORT,LFA1,SELECT * FROM COLLINS_RAW.COL_RAW_EXPORT.LFA1,141,STAGING_TIME,NUMBER,
LFA1,col_raw_export,TABLE_OR_VIEW,COLLINS_RAW,COL_RAW_EXPORT,LFA1,SELECT * FROM COLLINS_RAW.COL_RAW_EXPORT.LFA1,142,SCHEDULING_TYPE,TEXT,
LFA1,col_raw_export,TABLE_OR_VIEW,COLLINS_RAW,COL_RAW_EXPORT,LFA1,SELECT * FROM COLLINS_RAW.COL_RAW_EXPORT.LFA1,143,SUBMI_RELEVANT,TEXT,
LFA1,col_raw_export,TABLE_OR_VIEW,COLLINS_RAW,COL_RAW_EXPORT,LFA1,SELECT * FROM COLLINS_RAW.COL_RAW_EXPORT.LFA1,144,ZZSGC,TEXT,
LFA1,col_raw_export,TABLE_OR_VIEW,COLLINS_RAW,COL_RAW_EXPORT,LFA1,SELECT * FROM COLLINS_RAW.COL_RAW_EXPORT.LFA1,145,ZZSRM,TEXT,
LFA1,col_raw_export,TABLE_OR_VIEW,COLLINS_RAW,COL_RAW_EXPORT,LFA1,SELECT * FROM COLLINS_RAW.COL_RAW_EXPORT.LFA1,146,ZZSRM_CAT,TEXT,
LFA1,col_raw_export,TABLE_OR_VIEW,COLLINS_RAW,COL_RAW_EXPORT,LFA1,SELECT * FROM COLLINS_RAW.COL_RAW_EXPORT.LFA1,147,ZZHQ_DUNN,TEXT,
LFA1,col_raw_export,TABLE_OR_VIEW,COLLINS_RAW,COL_RAW_EXPORT,LFA1,SELECT * FROM COLLINS_RAW.COL_RAW_EXPORT.LFA1,148,ZANID,TEXT,
LFA1,col_raw_export,TABLE_OR_VIEW,COLLINS_RAW,COL_RAW_EXPORT,LFA1,SELECT * FROM COLLINS_RAW.COL_RAW_EXPORT.LFA1,149,ZABSID,TEXT,
LFA1,col_raw_export,TABLE_OR_VIEW,COLLINS_RAW,COL_RAW_EXPORT,LFA1,SELECT * FROM COLLINS_RAW.COL_RAW_EXPORT.LFA1,150,ZZTMSVND,TEXT,
LFA1,col_raw_export,TABLE_OR_VIEW,COLLINS_RAW,COL_RAW_EXPORT,LFA1,SELECT * FROM COLLINS_RAW.COL_RAW_EXPORT.LFA1,151,REPL_CDC_DATE,TIMESTAMP_NTZ,
LFA1,col_raw_export,TABLE_OR_VIEW,COLLINS_RAW,COL_RAW_EXPORT,LFA1,SELECT * FROM COLLINS_RAW.COL_RAW_EXPORT.LFA1,152,REPL_CDC_OPCODE,TEXT,
LIPS,col_raw_export,TABLE_OR_VIEW,COLLINS_RAW,COL_RAW_EXPORT,LIPS,SELECT * FROM COLLINS_RAW.COL_RAW_EXPORT.LIPS,1,MANDT,TEXT,
LIPS,col_raw_export,TABLE_OR_VIEW,COLLINS_RAW,COL_RAW_EXPORT,LIPS,SELECT * FROM COLLINS_RAW.COL_RAW_EXPORT.LIPS,2,VBELN,TEXT,
LIPS,col_raw_export,TABLE_OR_VIEW,COLLINS_RAW,COL_RAW_EXPORT,LIPS,SELECT * FROM COLLINS_RAW.COL_RAW_EXPORT.LIPS,3,POSNR,TEXT,
LIPS,col_raw_export,TABLE_OR_VIEW,COLLINS_RAW,COL_RAW_EXPORT,LIPS,SELECT * FROM COLLINS_RAW.COL_RAW_EXPORT.LIPS,4,PSTYV,TEXT,
LIPS,col_raw_export,TABLE_OR_VIEW,COLLINS_RAW,COL_RAW_EXPORT,LIPS,SELECT * FROM COLLINS_RAW.COL_RAW_EXPORT.LIPS,5,ERNAM,TEXT,
LIPS,col_raw_export,TABLE_OR_VIEW,COLLINS_RAW,COL_RAW_EXPORT,LIPS,SELECT * FROM COLLINS_RAW.COL_RAW_EXPORT.LIPS,6,ERZET,TEXT,
LIPS,col_raw_export,TABLE_OR_VIEW,COLLINS_RAW,COL_RAW_EXPORT,LIPS,SELECT * FROM COLLINS_RAW.COL_RAW_EXPORT.LIPS,7,ERDAT,TEXT,
LIPS,col_raw_export,TABLE_OR_VIEW,COLLINS_RAW,COL_RAW_EXPORT,LIPS,SELECT * FROM COLLINS_RAW.COL_RAW_EXPORT.LIPS,8,MATNR,TEXT,
LIPS,col_raw_export,TABLE_OR_VIEW,COLLINS_RAW,COL_RAW_EXPORT,LIPS,SELECT * FROM COLLINS_RAW.COL_RAW_EXPORT.LIPS,9,MATWA,TEXT,
LIPS,col_raw_export,TABLE_OR_VIEW,COLLINS_RAW,COL_RAW_EXPORT,LIPS,SELECT * FROM COLLINS_RAW.COL_RAW_EXPORT.LIPS,10,MATKL,TEXT,
LIPS,col_raw_export,TABLE_OR_VIEW,COLLINS_RAW,COL_RAW_EXPORT,LIPS,SELECT * FROM COLLINS_RAW.COL_RAW_EXPORT.LIPS,11,WERKS,TEXT,
LIPS,col_raw_export,TABLE_OR_VIEW,COLLINS_RAW,COL_RAW_EXPORT,LIPS,SELECT * FROM COLLINS_RAW.COL_RAW_EXPORT.LIPS,12,LGORT,TEXT,
LIPS,col_raw_export,TABLE_OR_VIEW,COLLINS_RAW,COL_RAW_EXPORT,LIPS,SELECT * FROM COLLINS_RAW.COL_RAW_EXPORT.LIPS,13,CHARG,TEXT,
LIPS,col_raw_export,TABLE_OR_VIEW,COLLINS_RAW,COL_RAW_EXPORT,LIPS,SELECT * FROM COLLINS_RAW.COL_RAW_EXPORT.LIPS,14,LICHN,TEXT,
LIPS,col_raw_export,TABLE_OR_VIEW,COLLINS_RAW,COL_RAW_EXPORT,LIPS,SELECT * FROM COLLINS_RAW.COL_RAW_EXPORT.LIPS,15,KDMAT,TEXT,
LIPS,col_raw_export,TABLE_OR_VIEW,COLLINS_RAW,COL_RAW_EXPORT,LIPS,SELECT * FROM COLLINS_RAW.COL_RAW_EXPORT.LIPS,16,PRODH,TEXT,
LIPS,col_raw_export,TABLE_OR_VIEW,COLLINS_RAW,COL_RAW_EXPORT,LIPS,SELECT * FROM COLLINS_RAW.COL_RAW_EXPORT.LIPS,17,LFIMG,NUMBER,
LIPS,col_raw_export,TABLE_OR_VIEW,COLLINS_RAW,COL_RAW_EXPORT,LIPS,SELECT * FROM COLLINS_RAW.COL_RAW_EXPORT.LIPS,18,MEINS,TEXT,
LIPS,col_raw_export,TABLE_OR_VIEW,COLLINS_RAW,COL_RAW_EXPORT,LIPS,SELECT * FROM COLLINS_RAW.COL_RAW_EXPORT.LIPS,19,VRKME,TEXT,
LIPS,col_raw_export,TABLE_OR_VIEW,COLLINS_RAW,COL_RAW_EXPORT,LIPS,SELECT * FROM COLLINS_RAW.COL_RAW_EXPORT.LIPS,20,UMVKZ,NUMBER,
LIPS,col_raw_export,TABLE_OR_VIEW,COLLINS_RAW,COL_RAW_EXPORT,LIPS,SELECT * FROM COLLINS_RAW.COL_RAW_EXPORT.LIPS,21,UMVKN,NUMBER,
LIPS,col_raw_export,TABLE_OR_VIEW,COLLINS_RAW,COL_RAW_EXPORT,LIPS,SELECT * FROM COLLINS_RAW.COL_RAW_EXPORT.LIPS,22,NTGEW,NUMBER,
LIPS,col_raw_export,TABLE_OR_VIEW,COLLINS_RAW,COL_RAW_EXPORT,LIPS,SELECT * FROM COLLINS_RAW.COL_RAW_EXPORT.LIPS,23,BRGEW,NUMBER,
LIPS,col_raw_export,TABLE_OR_VIEW,COLLINS_RAW,COL_RAW_EXPORT,LIPS,SELECT * FROM COLLINS_RAW.COL_RAW_EXPORT.LIPS,24,GEWEI,TEXT,
LIPS,col_raw_export,TABLE_OR_VIEW,COLLINS_RAW,COL_RAW_EXPORT,LIPS,SELECT * FROM COLLINS_RAW.COL_RAW_EXPORT.LIPS,25,VOLUM,NUMBER,
LIPS,col_raw_export,TABLE_OR_VIEW,COLLINS_RAW,COL_RAW_EXPORT,LIPS,SELECT * FROM COLLINS_RAW.COL_RAW_EXPORT.LIPS,26,VOLEH,TEXT,
LIPS,col_raw_export,TABLE_OR_VIEW,COLLINS_RAW,COL_RAW_EXPORT,LIPS,SELECT * FROM COLLINS_RAW.COL_RAW_EXPORT.LIPS,27,KZTLF,TEXT,
LIPS,col_raw_export,TABLE_OR_VIEW,COLLINS_RAW,COL_RAW_EXPORT,LIPS,SELECT * FROM COLLINS_RAW.COL_RAW_EXPORT.LIPS,28,UEBTK,TEXT,
LIPS,col_raw_export,TABLE_OR_VIEW,COLLINS_RAW,COL_RAW_EXPORT,LIPS,SELECT * FROM COLLINS_RAW.COL_RAW_EXPORT.LIPS,29,UEBTO,NUMBER,
LIPS,col_raw_export,TABLE_OR_VIEW,COLLINS_RAW,COL_RAW_EXPORT,LIPS,SELECT * FROM COLLINS_RAW.COL_RAW_EXPORT.LIPS,30,UNTTO,NUMBER,
LIPS,col_raw_export,TABLE_OR_VIEW,COLLINS_RAW,COL_RAW_EXPORT,LIPS,SELECT * FROM COLLINS_RAW.COL_RAW_EXPORT.LIPS,31,CHSPL,TEXT,
LIPS,col_raw_export,TABLE_OR_VIEW,COLLINS_RAW,COL_RAW_EXPORT,LIPS,SELECT * FROM COLLINS_RAW.COL_RAW_EXPORT.LIPS,32,FAKSP,TEXT,
LIPS,col_raw_export,TABLE_OR_VIEW,COLLINS_RAW,COL_RAW_EXPORT,LIPS,SELECT * FROM COLLINS_RAW.COL_RAW_EXPORT.LIPS,33,MBDAT,TEXT,
LIPS,col_raw_export,TABLE_OR_VIEW,COLLINS_RAW,COL_RAW_EXPORT,LIPS,SELECT * FROM COLLINS_RAW.COL_RAW_EXPORT.LIPS,34,LGMNG,NUMBER,
LIPS,col_raw_export,TABLE_OR_VIEW,COLLINS_RAW,COL_RAW_EXPORT,LIPS,SELECT * FROM COLLINS_RAW.COL_RAW_EXPORT.LIPS,35,ARKTX,TEXT,
LIPS,col_raw_export,TABLE_OR_VIEW,COLLINS_RAW,COL_RAW_EXPORT,LIPS,SELECT * FROM COLLINS_RAW.COL_RAW_EXPORT.LIPS,36,LGPBE,TEXT,
LIPS,col_raw_export,TABLE_OR_VIEW,COLLINS_RAW,COL_RAW_EXPORT,LIPS,SELECT * FROM COLLINS_RAW.COL_RAW_EXPORT.LIPS,37,VBELV,TEXT,
LIPS,col_raw_export,TABLE_OR_VIEW,COLLINS_RAW,COL_RAW_EXPORT,LIPS,SELECT * FROM COLLINS_RAW.COL_RAW_EXPORT.LIPS,38,POSNV,TEXT,
LIPS,col_raw_export,TABLE_OR_VIEW,COLLINS_RAW,COL_RAW_EXPORT,LIPS,SELECT * FROM COLLINS_RAW.COL_RAW_EXPORT.LIPS,39,VBTYV,TEXT,
LIPS,col_raw_export,TABLE_OR_VIEW,COLLINS_RAW,COL_RAW_EXPORT,LIPS,SELECT * FROM COLLINS_RAW.COL_RAW_EXPORT.LIPS,40,VGSYS,TEXT,
LIPS,col_raw_export,TABLE_OR_VIEW,COLLINS_RAW,COL_RAW_EXPORT,LIPS,SELECT * FROM COLLINS_RAW.COL_RAW_EXPORT.LIPS,41,VGBEL,TEXT,
LIPS,col_raw_export,TABLE_OR_VIEW,COLLINS_RAW,COL_RAW_EXPORT,LIPS,SELECT * FROM COLLINS_RAW.COL_RAW_EXPORT.LIPS,42,VGPOS,TEXT,
LIPS,col_raw_export,TABLE_OR_VIEW,COLLINS_RAW,COL_RAW_EXPORT,LIPS,SELECT * FROM COLLINS_RAW.COL_RAW_EXPORT.LIPS,43,UPFLU,TEXT,
LIPS,col_raw_export,TABLE_OR_VIEW,COLLINS_RAW,COL_RAW_EXPORT,LIPS,SELECT * FROM COLLINS_RAW.COL_RAW_EXPORT.LIPS,44,UEPOS,TEXT,
LIPS,col_raw_export,TABLE_OR_VIEW,COLLINS_RAW,COL_RAW_EXPORT,LIPS,SELECT * FROM COLLINS_RAW.COL_RAW_EXPORT.LIPS,45,FKREL,TEXT,
LIPS,col_raw_export,TABLE_OR_VIEW,COLLINS_RAW,COL_RAW_EXPORT,LIPS,SELECT * FROM COLLINS_RAW.COL_RAW_EXPORT.LIPS,46,LADGR,TEXT,
LIPS,col_raw_export,TABLE_OR_VIEW,COLLINS_RAW,COL_RAW_EXPORT,LIPS,SELECT * FROM COLLINS_RAW.COL_RAW_EXPORT.LIPS,47,TRAGR,TEXT,
LIPS,col_raw_export,TABLE_OR_VIEW,COLLINS_RAW,COL_RAW_EXPORT,LIPS,SELECT * FROM COLLINS_RAW.COL_RAW_EXPORT.LIPS,48,KOMKZ,TEXT,
LIPS,col_raw_export,TABLE_OR_VIEW,COLLINS_RAW,COL_RAW_EXPORT,LIPS,SELECT * FROM COLLINS_RAW.COL_RAW_EXPORT.LIPS,49,LGNUM,TEXT,
LIPS,col_raw_export,TABLE_OR_VIEW,COLLINS_RAW,COL_RAW_EXPORT,LIPS,SELECT * FROM COLLINS_RAW.COL_RAW_EXPORT.LIPS,50,LISPL,TEXT,
LIPS,col_raw_export,TABLE_OR_VIEW,COLLINS_RAW,COL_RAW_EXPORT,LIPS,SELECT * FROM COLLINS_RAW.COL_RAW_EXPORT.LIPS,51,LGTYP,TEXT,
LIPS,col_raw_export,TABLE_OR_VIEW,COLLINS_RAW,COL_RAW_EXPORT,LIPS,SELECT * FROM COLLINS_RAW.COL_RAW_EXPORT.LIPS,52,LGPLA,TEXT,
LIPS,col_raw_export,TABLE_OR_VIEW,COLLINS_RAW,COL_RAW_EXPORT,LIPS,SELECT * FROM COLLINS_RAW.COL_RAW_EXPORT.LIPS,53,BWTEX,TEXT,
LIPS,col_raw_export,TABLE_OR_VIEW,COLLINS_RAW,COL_RAW_EXPORT,LIPS,SELECT * FROM COLLINS_RAW.COL_RAW_EXPORT.LIPS,54,BWART,TEXT,
LIPS,col_raw_export,TABLE_OR_VIEW,COLLINS_RAW,COL_RAW_EXPORT,LIPS,SELECT * FROM COLLINS_RAW.COL_RAW_EXPORT.LIPS,55,BWLVS,TEXT,
LIPS,col_raw_export,TABLE_OR_VIEW,COLLINS_RAW,COL_RAW_EXPORT,LIPS,SELECT * FROM COLLINS_RAW.COL_RAW_EXPORT.LIPS,56,KZDLG,TEXT,
LIPS,col_raw_export,TABLE_OR_VIEW,COLLINS_RAW,COL_RAW_EXPORT,LIPS,SELECT * FROM COLLINS_RAW.COL_RAW_EXPORT.LIPS,57,BDART,TEXT,
LIPS,col_raw_export,TABLE_OR_VIEW,COLLINS_RAW,COL_RAW_EXPORT,LIPS,SELECT * FROM COLLINS_RAW.COL_RAW_EXPORT.LIPS,58,PLART,TEXT,
LIPS,col_raw_export,TABLE_OR_VIEW,COLLINS_RAW,COL_RAW_EXPORT,LIPS,SELECT * FROM COLLINS_RAW.COL_RAW_EXPORT.LIPS,59,MTART,TEXT,
LIPS,col_raw_export,TABLE_OR_VIEW,COLLINS_RAW,COL_RAW_EXPORT,LIPS,SELECT * FROM COLLINS_RAW.COL_RAW_EXPORT.LIPS,60,XCHPF,TEXT,
LIPS,col_raw_export,TABLE_OR_VIEW,COLLINS_RAW,COL_RAW_EXPORT,LIPS,SELECT * FROM COLLINS_RAW.COL_RAW_EXPORT.LIPS,61,XCHAR,TEXT,
LIPS,col_raw_export,TABLE_OR_VIEW,COLLINS_RAW,COL_RAW_EXPORT,LIPS,SELECT * FROM COLLINS_RAW.COL_RAW_EXPORT.LIPS,62,VGREF,TEXT,
LIPS,col_raw_export,TABLE_OR_VIEW,COLLINS_RAW,COL_RAW_EXPORT,LIPS,SELECT * FROM COLLINS_RAW.COL_RAW_EXPORT.LIPS,63,POSAR,TEXT,
LIPS,col_raw_export,TABLE_OR_VIEW,COLLINS_RAW,COL_RAW_EXPORT,LIPS,SELECT * FROM COLLINS_RAW.COL_RAW_EXPORT.LIPS,64,BWTAR,TEXT,
LIPS,col_raw_export,TABLE_OR_VIEW,COLLINS_RAW,COL_RAW_EXPORT,LIPS,SELECT * FROM COLLINS_RAW.COL_RAW_EXPORT.LIPS,65,SUMBD,TEXT,
LIPS,col_raw_export,TABLE_OR_VIEW,COLLINS_RAW,COL_RAW_EXPORT,LIPS,SELECT * FROM COLLINS_RAW.COL_RAW_EXPORT.LIPS,66,MTVFP,TEXT,
LIPS,col_raw_export,TABLE_OR_VIEW,COLLINS_RAW,COL_RAW_EXPORT,LIPS,SELECT * FROM COLLINS_RAW.COL_RAW_EXPORT.LIPS,67,EANNR,TEXT,
LIPS,col_raw_export,TABLE_OR_VIEW,COLLINS_RAW,COL_RAW_EXPORT,LIPS,SELECT * FROM COLLINS_RAW.COL_RAW_EXPORT.LIPS,68,GSBER,TEXT,
LIPS,col_raw_export,TABLE_OR_VIEW,COLLINS_RAW,COL_RAW_EXPORT,LIPS,SELECT * FROM COLLINS_RAW.COL_RAW_EXPORT.LIPS,69,VKBUR,TEXT,
LIPS,col_raw_export,TABLE_OR_VIEW,COLLINS_RAW,COL_RAW_EXPORT,LIPS,SELECT * FROM COLLINS_RAW.COL_RAW_EXPORT.LIPS,70,VKGRP,TEXT,
LIPS,col_raw_export,TABLE_OR_VIEW,COLLINS_RAW,COL_RAW_EXPORT,LIPS,SELECT * FROM COLLINS_RAW.COL_RAW_EXPORT.LIPS,71,VTWEG,TEXT,
LIPS,col_raw_export,TABLE_OR_VIEW,COLLINS_RAW,COL_RAW_EXPORT,LIPS,SELECT * FROM COLLINS_RAW.COL_RAW_EXPORT.LIPS,72,SPART,TEXT,
LIPS,col_raw_export,TABLE_OR_VIEW,COLLINS_RAW,COL_RAW_EXPORT,LIPS,SELECT * FROM COLLINS_RAW.COL_RAW_EXPORT.LIPS,73,GRKOR,TEXT,
LIPS,col_raw_export,TABLE_OR_VIEW,COLLINS_RAW,COL_RAW_EXPORT,LIPS,SELECT * FROM COLLINS_RAW.COL_RAW_EXPORT.LIPS,74,FMENG,TEXT,
LIPS,col_raw_export,TABLE_OR_VIEW,COLLINS_RAW,COL_RAW_EXPORT,LIPS,SELECT * FROM COLLINS_RAW.COL_RAW_EXPORT.LIPS,75,ANTLF,NUMBER,
LIPS,col_raw_export,TABLE_OR_VIEW,COLLINS_RAW,COL_RAW_EXPORT,LIPS,SELECT * FROM COLLINS_RAW.COL_RAW_EXPORT.LIPS,76,VBEAF,NUMBER,
LIPS,col_raw_export,TABLE_OR_VIEW,COLLINS_RAW,COL_RAW_EXPORT,LIPS,SELECT * FROM COLLINS_RAW.COL_RAW_EXPORT.LIPS,77,VBEAV,NUMBER,
LIPS,col_raw_export,TABLE_OR_VIEW,COLLINS_RAW,COL_RAW_EXPORT,LIPS,SELECT * FROM COLLINS_RAW.COL_RAW_EXPORT.LIPS,78,STAFO,TEXT,
LIPS,col_raw_export,TABLE_OR_VIEW,COLLINS_RAW,COL_RAW_EXPORT,LIPS,SELECT * FROM COLLINS_RAW.COL_RAW_EXPORT.LIPS,79,WAVWR,NUMBER,
LIPS,col_raw_export,TABLE_OR_VIEW,COLLINS_RAW,COL_RAW_EXPORT,LIPS,SELECT * FROM COLLINS_RAW.COL_RAW_EXPORT.LIPS,80,KZWI1,NUMBER,
LIPS,col_raw_export,TABLE_OR_VIEW,COLLINS_RAW,COL_RAW_EXPORT,LIPS,SELECT * FROM COLLINS_RAW.COL_RAW_EXPORT.LIPS,81,KZWI2,NUMBER,
LIPS,col_raw_export,TABLE_OR_VIEW,COLLINS_RAW,COL_RAW_EXPORT,LIPS,SELECT * FROM COLLINS_RAW.COL_RAW_EXPORT.LIPS,82,KZWI3,NUMBER,
LIPS,col_raw_export,TABLE_OR_VIEW,COLLINS_RAW,COL_RAW_EXPORT,LIPS,SELECT * FROM COLLINS_RAW.COL_RAW_EXPORT.LIPS,83,KZWI4,NUMBER,
LIPS,col_raw_export,TABLE_OR_VIEW,COLLINS_RAW,COL_RAW_EXPORT,LIPS,SELECT * FROM COLLINS_RAW.COL_RAW_EXPORT.LIPS,84,KZWI5,NUMBER,
LIPS,col_raw_export,TABLE_OR_VIEW,COLLINS_RAW,COL_RAW_EXPORT,LIPS,SELECT * FROM COLLINS_RAW.COL_RAW_EXPORT.LIPS,85,KZWI6,NUMBER,
LIPS,col_raw_export,TABLE_OR_VIEW,COLLINS_RAW,COL_RAW_EXPORT,LIPS,SELECT * FROM COLLINS_RAW.COL_RAW_EXPORT.LIPS,86,SOBKZ,TEXT,
LIPS,col_raw_export,TABLE_OR_VIEW,COLLINS_RAW,COL_RAW_EXPORT,LIPS,SELECT * FROM COLLINS_RAW.COL_RAW_EXPORT.LIPS,87,AEDAT,TEXT,
LIPS,col_raw_export,TABLE_OR_VIEW,COLLINS_RAW,COL_RAW_EXPORT,LIPS,SELECT * FROM COLLINS_RAW.COL_RAW_EXPORT.LIPS,88,EAN11,TEXT,
LIPS,col_raw_export,TABLE_OR_VIEW,COLLINS_RAW,COL_RAW_EXPORT,LIPS,SELECT * FROM COLLINS_RAW.COL_RAW_EXPORT.LIPS,89,KVGR1,TEXT,
LIPS,col_raw_export,TABLE_OR_VIEW,COLLINS_RAW,COL_RAW_EXPORT,LIPS,SELECT * FROM COLLINS_RAW.COL_RAW_EXPORT.LIPS,90,KVGR2,TEXT,
LIPS,col_raw_export,TABLE_OR_VIEW,COLLINS_RAW,COL_RAW_EXPORT,LIPS,SELECT * FROM COLLINS_RAW.COL_RAW_EXPORT.LIPS,91,KVGR3,TEXT,
LIPS,col_raw_export,TABLE_OR_VIEW,COLLINS_RAW,COL_RAW_EXPORT,LIPS,SELECT * FROM COLLINS_RAW.COL_RAW_EXPORT.LIPS,92,KVGR4,TEXT,
LIPS,col_raw_export,TABLE_OR_VIEW,COLLINS_RAW,COL_RAW_EXPORT,LIPS,SELECT * FROM COLLINS_RAW.COL_RAW_EXPORT.LIPS,93,KVGR5,TEXT,
LIPS,col_raw_export,TABLE_OR_VIEW,COLLINS_RAW,COL_RAW_EXPORT,LIPS,SELECT * FROM COLLINS_RAW.COL_RAW_EXPORT.LIPS,94,MVGR1,TEXT,
LIPS,col_raw_export,TABLE_OR_VIEW,COLLINS_RAW,COL_RAW_EXPORT,LIPS,SELECT * FROM COLLINS_RAW.COL_RAW_EXPORT.LIPS,95,MVGR2,TEXT,
LIPS,col_raw_export,TABLE_OR_VIEW,COLLINS_RAW,COL_RAW_EXPORT,LIPS,SELECT * FROM COLLINS_RAW.COL_RAW_EXPORT.LIPS,96,MVGR3,TEXT,
LIPS,col_raw_export,TABLE_OR_VIEW,COLLINS_RAW,COL_RAW_EXPORT,LIPS,SELECT * FROM COLLINS_RAW.COL_RAW_EXPORT.LIPS,97,MVGR4,TEXT,
LIPS,col_raw_export,TABLE_OR_VIEW,COLLINS_RAW,COL_RAW_EXPORT,LIPS,SELECT * FROM COLLINS_RAW.COL_RAW_EXPORT.LIPS,98,MVGR5,TEXT,
LIPS,col_raw_export,TABLE_OR_VIEW,COLLINS_RAW,COL_RAW_EXPORT,LIPS,SELECT * FROM COLLINS_RAW.COL_RAW_EXPORT.LIPS,99,VPZUO,TEXT,
LIPS,col_raw_export,TABLE_OR_VIEW,COLLINS_RAW,COL_RAW_EXPORT,LIPS,SELECT * FROM COLLINS_RAW.COL_RAW_EXPORT.LIPS,100,VGTYP,TEXT,
LIPS,col_raw_export,TABLE_OR_VIEW,COLLINS_RAW,COL_RAW_EXPORT,LIPS,SELECT * FROM COLLINS_RAW.COL_RAW_EXPORT.LIPS,101,RFVGTYP,TEXT,
LIPS,col_raw_export,TABLE_OR_VIEW,COLLINS_RAW,COL_RAW_EXPORT,LIPS,SELECT * FROM COLLINS_RAW.COL_RAW_EXPORT.LIPS,102,KOSTL,TEXT,
LIPS,col_raw_export,TABLE_OR_VIEW,COLLINS_RAW,COL_RAW_EXPORT,LIPS,SELECT * FROM COLLINS_RAW.COL_RAW_EXPORT.LIPS,103,KOKRS,TEXT,
LIPS,col_raw_export,TABLE_OR_VIEW,COLLINS_RAW,COL_RAW_EXPORT,LIPS,SELECT * FROM COLLINS_RAW.COL_RAW_EXPORT.LIPS,104,PAOBJNR,TEXT,
LIPS,col_raw_export,TABLE_OR_VIEW,COLLINS_RAW,COL_RAW_EXPORT,LIPS,SELECT * FROM COLLINS_RAW.COL_RAW_EXPORT.LIPS,105,PRCTR,TEXT,
LIPS,col_raw_export,TABLE_OR_VIEW,COLLINS_RAW,COL_RAW_EXPORT,LIPS,SELECT * FROM COLLINS_RAW.COL_RAW_EXPORT.LIPS,106,PS_PSP_PNR,TEXT,
LIPS,col_raw_export,TABLE_OR_VIEW,COLLINS_RAW,COL_RAW_EXPORT,LIPS,SELECT * FROM COLLINS_RAW.COL_RAW_EXPORT.LIPS,107,AUFNR,TEXT,
LIPS,col_raw_export,TABLE_OR_VIEW,COLLINS_RAW,COL_RAW_EXPORT,LIPS,SELECT * FROM COLLINS_RAW.COL_RAW_EXPORT.LIPS,108,POSNR_PP,TEXT,
LIPS,col_raw_export,TABLE_OR_VIEW,COLLINS_RAW,COL_RAW_EXPORT,LIPS,SELECT * FROM COLLINS_RAW.COL_RAW_EXPORT.LIPS,109,KDAUF,TEXT,
LIPS,col_raw_export,TABLE_OR_VIEW,COLLINS_RAW,COL_RAW_EXPORT,LIPS,SELECT * FROM COLLINS_RAW.COL_RAW_EXPORT.LIPS,110,KDPOS,TEXT,
LIPS,col_raw_export,TABLE_OR_VIEW,COLLINS_RAW,COL_RAW_EXPORT,LIPS,SELECT * FROM COLLINS_RAW.COL_RAW_EXPORT.LIPS,111,VPMAT,TEXT,
LIPS,col_raw_export,TABLE_OR_VIEW,COLLINS_RAW,COL_RAW_EXPORT,LIPS,SELECT * FROM COLLINS_RAW.COL_RAW_EXPORT.LIPS,112,VPWRK,TEXT,
LIPS,col_raw_export,TABLE_OR_VIEW,COLLINS_RAW,COL_RAW_EXPORT,LIPS,SELECT * FROM COLLINS_RAW.COL_RAW_EXPORT.LIPS,113,PRBME,TEXT,
LIPS,col_raw_export,TABLE_OR_VIEW,COLLINS_RAW,COL_RAW_EXPORT,LIPS,SELECT * FROM COLLINS_RAW.COL_RAW_EXPORT.LIPS,114,UMREF,FLOAT,
LIPS,col_raw_export,TABLE_OR_VIEW,COLLINS_RAW,COL_RAW_EXPORT,LIPS,SELECT * FROM COLLINS_RAW.COL_RAW_EXPORT.LIPS,115,KNTTP,TEXT,
LIPS,col_raw_export,TABLE_OR_VIEW,COLLINS_RAW,COL_RAW_EXPORT,LIPS,SELECT * FROM COLLINS_RAW.COL_RAW_EXPORT.LIPS,116,KZVBR,TEXT,
LIPS,col_raw_export,TABLE_OR_VIEW,COLLINS_RAW,COL_RAW_EXPORT,LIPS,SELECT * FROM COLLINS_RAW.COL_RAW_EXPORT.LIPS,117,FIPOS,TEXT,
LIPS,col_raw_export,TABLE_OR_VIEW,COLLINS_RAW,COL_RAW_EXPORT,LIPS,SELECT * FROM COLLINS_RAW.COL_RAW_EXPORT.LIPS,118,FISTL,TEXT,
LIPS,col_raw_export,TABLE_OR_VIEW,COLLINS_RAW,COL_RAW_EXPORT,LIPS,SELECT * FROM COLLINS_RAW.COL_RAW_EXPORT.LIPS,119,GEBER,TEXT,
LIPS,col_raw_export,TABLE_OR_VIEW,COLLINS_RAW,COL_RAW_EXPORT,LIPS,SELECT * FROM COLLINS_RAW.COL_RAW_EXPORT.LIPS,120,PCKPF,TEXT,
LIPS,col_raw_export,TABLE_OR_VIEW,COLLINS_RAW,COL_RAW_EXPORT,LIPS,SELECT * FROM COLLINS_RAW.COL_RAW_EXPORT.LIPS,121,BEDAR_LF,TEXT,
LIPS,col_raw_export,TABLE_OR_VIEW,COLLINS_RAW,COL_RAW_EXPORT,LIPS,SELECT * FROM COLLINS_RAW.COL_RAW_EXPORT.LIPS,122,CMPNT,TEXT,
LIPS,col_raw_export,TABLE_OR_VIEW,COLLINS_RAW,COL_RAW_EXPORT,LIPS,SELECT * FROM COLLINS_RAW.COL_RAW_EXPORT.LIPS,123,KCMENG,NUMBER,
LIPS,col_raw_export,TABLE_OR_VIEW,COLLINS_RAW,COL_RAW_EXPORT,LIPS,SELECT * FROM COLLINS_RAW.COL_RAW_EXPORT.LIPS,124,KCBRGEW,NUMBER,
LIPS,col_raw_export,TABLE_OR_VIEW,COLLINS_RAW,COL_RAW_EXPORT,LIPS,SELECT * FROM COLLINS_RAW.COL_RAW_EXPORT.LIPS,125,KCNTGEW,NUMBER,
LIPS,col_raw_export,TABLE_OR_VIEW,COLLINS_RAW,COL_RAW_EXPORT,LIPS,SELECT * FROM COLLINS_RAW.COL_RAW_EXPORT.LIPS,126,KCVOLUM,NUMBER,
LIPS,col_raw_export,TABLE_OR_VIEW,COLLINS_RAW,COL_RAW_EXPORT,LIPS,SELECT * FROM COLLINS_RAW.COL_RAW_EXPORT.LIPS,127,UECHA,TEXT,
LIPS,col_raw_export,TABLE_OR_VIEW,COLLINS_RAW,COL_RAW_EXPORT,LIPS,SELECT * FROM COLLINS_RAW.COL_RAW_EXPORT.LIPS,128,CUOBJ,TEXT,
LIPS,col_raw_export,TABLE_OR_VIEW,COLLINS_RAW,COL_RAW_EXPORT,LIPS,SELECT * FROM COLLINS_RAW.COL_RAW_EXPORT.LIPS,129,CUOBJ_CH,TEXT,
LIPS,col_raw_export,TABLE_OR_VIEW,COLLINS_RAW,COL_RAW_EXPORT,LIPS,SELECT * FROM COLLINS_RAW.COL_RAW_EXPORT.LIPS,130,ANZSN,NUMBER,
LIPS,col_raw_export,TABLE_OR_VIEW,COLLINS_RAW,COL_RAW_EXPORT,LIPS,SELECT * FROM COLLINS_RAW.COL_RAW_EXPORT.LIPS,131,SERAIL,TEXT,
LIPS,col_raw_export,TABLE_OR_VIEW,COLLINS_RAW,COL_RAW_EXPORT,LIPS,SELECT * FROM COLLINS_RAW.COL_RAW_EXPORT.LIPS,132,KCGEWEI,TEXT,
LIPS,col_raw_export,TABLE_OR_VIEW,COLLINS_RAW,COL_RAW_EXPORT,LIPS,SELECT * FROM COLLINS_RAW.COL_RAW_EXPORT.LIPS,133,KCVOLEH,TEXT,
LIPS,col_raw_export,TABLE_OR_VIEW,COLLINS_RAW,COL_RAW_EXPORT,LIPS,SELECT * FROM COLLINS_RAW.COL_RAW_EXPORT.LIPS,134,SERNR,TEXT,
LIPS,col_raw_export,TABLE_OR_VIEW,COLLINS_RAW,COL_RAW_EXPORT,LIPS,SELECT * FROM COLLINS_RAW.COL_RAW_EXPORT.LIPS,135,ABRLI,TEXT,
LIPS,col_raw_export,TABLE_OR_VIEW,COLLINS_RAW,COL_RAW_EXPORT,LIPS,SELECT * FROM COLLINS_RAW.COL_RAW_EXPORT.LIPS,136,ABART,TEXT,
LIPS,col_raw_export,TABLE_OR_VIEW,COLLINS_RAW,COL_RAW_EXPORT,LIPS,SELECT * FROM COLLINS_RAW.COL_RAW_EXPORT.LIPS,137,ABRVW,TEXT,
LIPS,col_raw_export,TABLE_OR_VIEW,COLLINS_RAW,COL_RAW_EXPORT,LIPS,SELECT * FROM COLLINS_RAW.COL_RAW_EXPORT.LIPS,138,QPLOS,TEXT,
LIPS,col_raw_export,TABLE_OR_VIEW,COLLINS_RAW,COL_RAW_EXPORT,LIPS,SELECT * FROM COLLINS_RAW.COL_RAW_EXPORT.LIPS,139,QTLOS,TEXT,
LIPS,col_raw_export,TABLE_OR_VIEW,COLLINS_RAW,COL_RAW_EXPORT,LIPS,SELECT * FROM COLLINS_RAW.COL_RAW_EXPORT.LIPS,140,NACHL,TEXT,
LIPS,col_raw_export,TABLE_OR_VIEW,COLLINS_RAW,COL_RAW_EXPORT,LIPS,SELECT * FROM COLLINS_RAW.COL_RAW_EXPORT.LIPS,141,MAGRV,TEXT,
LIPS,col_raw_export,TABLE_OR_VIEW,COLLINS_RAW,COL_RAW_EXPORT,LIPS,SELECT * FROM COLLINS_RAW.COL_RAW_EXPORT.LIPS,142,OBJKO,TEXT,
LIPS,col_raw_export,TABLE_OR_VIEW,COLLINS_RAW,COL_RAW_EXPORT,LIPS,SELECT * FROM COLLINS_RAW.COL_RAW_EXPORT.LIPS,143,OBJPO,TEXT,
LIPS,col_raw_export,TABLE_OR_VIEW,COLLINS_RAW,COL_RAW_EXPORT,LIPS,SELECT * FROM COLLINS_RAW.COL_RAW_EXPORT.LIPS,144,AESKD,TEXT,
LIPS,col_raw_export,TABLE_OR_VIEW,COLLINS_RAW,COL_RAW_EXPORT,LIPS,SELECT * FROM COLLINS_RAW.COL_RAW_EXPORT.LIPS,145,SHKZG,TEXT,
LIPS,col_raw_export,TABLE_OR_VIEW,COLLINS_RAW,COL_RAW_EXPORT,LIPS,SELECT * FROM COLLINS_RAW.COL_RAW_EXPORT.LIPS,146,PROSA,TEXT,
LIPS,col_raw_export,TABLE_OR_VIEW,COLLINS_RAW,COL_RAW_EXPORT,LIPS,SELECT * FROM COLLINS_RAW.COL_RAW_EXPORT.LIPS,147,UEPVW,TEXT,
LIPS,col_raw_export,TABLE_OR_VIEW,COLLINS_RAW,COL_RAW_EXPORT,LIPS,SELECT * FROM COLLINS_RAW.COL_RAW_EXPORT.LIPS,148,EMPST,TEXT,
LIPS,col_raw_export,TABLE_OR_VIEW,COLLINS_RAW,COL_RAW_EXPORT,LIPS,SELECT * FROM COLLINS_RAW.COL_RAW_EXPORT.LIPS,149,ABTNR,TEXT,
LIPS,col_raw_export,TABLE_OR_VIEW,COLLINS_RAW,COL_RAW_EXPORT,LIPS,SELECT * FROM COLLINS_RAW.COL_RAW_EXPORT.LIPS,150,KOQUI,TEXT,
LIPS,col_raw_export,TABLE_OR_VIEW,COLLINS_RAW,COL_RAW_EXPORT,LIPS,SELECT * FROM COLLINS_RAW.COL_RAW_EXPORT.LIPS,151,STADAT,TEXT,
LIPS,col_raw_export,TABLE_OR_VIEW,COLLINS_RAW,COL_RAW_EXPORT,LIPS,SELECT * FROM COLLINS_RAW.COL_RAW_EXPORT.LIPS,152,AKTNR,TEXT,
LIPS,col_raw_export,TABLE_OR_VIEW,COLLINS_RAW,COL_RAW_EXPORT,LIPS,SELECT * FROM COLLINS_RAW.COL_RAW_EXPORT.LIPS,153,KNUMH_CH,TEXT,
LIPS,col_raw_export,TABLE_OR_VIEW,COLLINS_RAW,COL_RAW_EXPORT,LIPS,SELECT * FROM COLLINS_RAW.COL_RAW_EXPORT.LIPS,154,PREFE,TEXT,
LIPS,col_raw_export,TABLE_OR_VIEW,COLLINS_RAW,COL_RAW_EXPORT,LIPS,SELECT * FROM COLLINS_RAW.COL_RAW_EXPORT.LIPS,155,EXART,TEXT,
LIPS,col_raw_export,TABLE_OR_VIEW,COLLINS_RAW,COL_RAW_EXPORT,LIPS,SELECT * FROM COLLINS_RAW.COL_RAW_EXPORT.LIPS,156,CLINT,TEXT,
LIPS,col_raw_export,TABLE_OR_VIEW,COLLINS_RAW,COL_RAW_EXPORT,LIPS,SELECT * FROM COLLINS_RAW.COL_RAW_EXPORT.LIPS,157,CHMVS,TEXT,
LIPS,col_raw_export,TABLE_OR_VIEW,COLLINS_RAW,COL_RAW_EXPORT,LIPS,SELECT * FROM COLLINS_RAW.COL_RAW_EXPORT.LIPS,158,ABELN,TEXT,
LIPS,col_raw_export,TABLE_OR_VIEW,COLLINS_RAW,COL_RAW_EXPORT,LIPS,SELECT * FROM COLLINS_RAW.COL_RAW_EXPORT.LIPS,159,ABELP,TEXT,
LIPS,col_raw_export,TABLE_OR_VIEW,COLLINS_RAW,COL_RAW_EXPORT,LIPS,SELECT * FROM COLLINS_RAW.COL_RAW_EXPORT.LIPS,160,LFIMG_FLO,FLOAT,
LIPS,col_raw_export,TABLE_OR_VIEW,COLLINS_RAW,COL_RAW_EXPORT,LIPS,SELECT * FROM COLLINS_RAW.COL_RAW_EXPORT.LIPS,161,LGMNG_FLO,FLOAT,
LIPS,col_raw_export,TABLE_OR_VIEW,COLLINS_RAW,COL_RAW_EXPORT,LIPS,SELECT * FROM COLLINS_RAW.COL_RAW_EXPORT.LIPS,162,KCMENG_FLO,FLOAT,
LIPS,col_raw_export,TABLE_OR_VIEW,COLLINS_RAW,COL_RAW_EXPORT,LIPS,SELECT * FROM COLLINS_RAW.COL_RAW_EXPORT.LIPS,163,KZUMW,TEXT,
LIPS,col_raw_export,TABLE_OR_VIEW,COLLINS_RAW,COL_RAW_EXPORT,LIPS,SELECT * FROM COLLINS_RAW.COL_RAW_EXPORT.LIPS,164,KMPMG,NUMBER,
LIPS,col_raw_export,TABLE_OR_VIEW,COLLINS_RAW,COL_RAW_EXPORT,LIPS,SELECT * FROM COLLINS_RAW.COL_RAW_EXPORT.LIPS,165,AUREL,TEXT,
LIPS,col_raw_export,TABLE_OR_VIEW,COLLINS_RAW,COL_RAW_EXPORT,LIPS,SELECT * FROM COLLINS_RAW.COL_RAW_EXPORT.LIPS,166,KPEIN,NUMBER,
LIPS,col_raw_export,TABLE_OR_VIEW,COLLINS_RAW,COL_RAW_EXPORT,LIPS,SELECT * FROM COLLINS_RAW.COL_RAW_EXPORT.LIPS,167,KMEIN,TEXT,
LIPS,col_raw_export,TABLE_OR_VIEW,COLLINS_RAW,COL_RAW_EXPORT,LIPS,SELECT * FROM COLLINS_RAW.COL_RAW_EXPORT.LIPS,168,NETPR,NUMBER,
LIPS,col_raw_export,TABLE_OR_VIEW,COLLINS_RAW,COL_RAW_EXPORT,LIPS,SELECT * FROM COLLINS_RAW.COL_RAW_EXPORT.LIPS,169,NETWR,NUMBER,
LIPS,col_raw_export,TABLE_OR_VIEW,COLLINS_RAW,COL_RAW_EXPORT,LIPS,SELECT * FROM COLLINS_RAW.COL_RAW_EXPORT.LIPS,170,KOWRR,TEXT,
LIPS,col_raw_export,TABLE_OR_VIEW,COLLINS_RAW,COL_RAW_EXPORT,LIPS,SELECT * FROM COLLINS_RAW.COL_RAW_EXPORT.LIPS,171,KZBEW,TEXT,
LIPS,col_raw_export,TABLE_OR_VIEW,COLLINS_RAW,COL_RAW_EXPORT,LIPS,SELECT * FROM COLLINS_RAW.COL_RAW_EXPORT.LIPS,172,MFRGR,TEXT,
LIPS,col_raw_export,TABLE_OR_VIEW,COLLINS_RAW,COL_RAW_EXPORT,LIPS,SELECT * FROM COLLINS_RAW.COL_RAW_EXPORT.LIPS,173,CHHPV,TEXT,
LIPS,col_raw_export,TABLE_OR_VIEW,COLLINS_RAW,COL_RAW_EXPORT,LIPS,SELECT * FROM COLLINS_RAW.COL_RAW_EXPORT.LIPS,174,ABFOR,TEXT,
LIPS,col_raw_export,TABLE_OR_VIEW,COLLINS_RAW,COL_RAW_EXPORT,LIPS,SELECT * FROM COLLINS_RAW.COL_RAW_EXPORT.LIPS,175,ABGES,FLOAT,
LIPS,col_raw_export,TABLE_OR_VIEW,COLLINS_RAW,COL_RAW_EXPORT,LIPS,SELECT * FROM COLLINS_RAW.COL_RAW_EXPORT.LIPS,176,MBUHR,TEXT,
LIPS,col_raw_export,TABLE_OR_VIEW,COLLINS_RAW,COL_RAW_EXPORT,LIPS,SELECT * FROM COLLINS_RAW.COL_RAW_EXPORT.LIPS,177,WKTNR,TEXT,
LIPS,col_raw_export,TABLE_OR_VIEW,COLLINS_RAW,COL_RAW_EXPORT,LIPS,SELECT * FROM COLLINS_RAW.COL_RAW_EXPORT.LIPS,178,WKTPS,TEXT,
LIPS,col_raw_export,TABLE_OR_VIEW,COLLINS_RAW,COL_RAW_EXPORT,LIPS,SELECT * FROM COLLINS_RAW.COL_RAW_EXPORT.LIPS,179,J_1BCFOP,TEXT,
LIPS,col_raw_export,TABLE_OR_VIEW,COLLINS_RAW,COL_RAW_EXPORT,LIPS,SELECT * FROM COLLINS_RAW.COL_RAW_EXPORT.LIPS,180,J_1BTAXLW1,TEXT,
LIPS,col_raw_export,TABLE_OR_VIEW,COLLINS_RAW,COL_RAW_EXPORT,LIPS,SELECT * FROM COLLINS_RAW.COL_RAW_EXPORT.LIPS,181,J_1BTAXLW2,TEXT,
LIPS,col_raw_export,TABLE_OR_VIEW,COLLINS_RAW,COL_RAW_EXPORT,LIPS,SELECT * FROM COLLINS_RAW.COL_RAW_EXPORT.LIPS,182,J_1BTXSDC,TEXT,
LIPS,col_raw_export,TABLE_OR_VIEW,COLLINS_RAW,COL_RAW_EXPORT,LIPS,SELECT * FROM COLLINS_RAW.COL_RAW_EXPORT.LIPS,183,SITUA,TEXT,
LIPS,col_raw_export,TABLE_OR_VIEW,COLLINS_RAW,COL_RAW_EXPORT,LIPS,SELECT * FROM COLLINS_RAW.COL_RAW_EXPORT.LIPS,184,RSNUM,TEXT,
LIPS,col_raw_export,TABLE_OR_VIEW,COLLINS_RAW,COL_RAW_EXPORT,LIPS,SELECT * FROM COLLINS_RAW.COL_RAW_EXPORT.LIPS,185,RSPOS,TEXT,
LIPS,col_raw_export,TABLE_OR_VIEW,COLLINS_RAW,COL_RAW_EXPORT,LIPS,SELECT * FROM COLLINS_RAW.COL_RAW_EXPORT.LIPS,186,RSART,TEXT,
LIPS,col_raw_export,TABLE_OR_VIEW,COLLINS_RAW,COL_RAW_EXPORT,LIPS,SELECT * FROM COLLINS_RAW.COL_RAW_EXPORT.LIPS,187,KANNR,TEXT,
LIPS,col_raw_export,TABLE_OR_VIEW,COLLINS_RAW,COL_RAW_EXPORT,LIPS,SELECT * FROM COLLINS_RAW.COL_RAW_EXPORT.LIPS,188,KZFME,TEXT,
LIPS,col_raw_export,TABLE_OR_VIEW,COLLINS_RAW,COL_RAW_EXPORT,LIPS,SELECT * FROM COLLINS_RAW.COL_RAW_EXPORT.LIPS,189,PROFL,TEXT,
LIPS,col_raw_export,TABLE_OR_VIEW,COLLINS_RAW,COL_RAW_EXPORT,LIPS,SELECT * FROM COLLINS_RAW.COL_RAW_EXPORT.LIPS,190,KCMENGVME,NUMBER,
LIPS,col_raw_export,TABLE_OR_VIEW,COLLINS_RAW,COL_RAW_EXPORT,LIPS,SELECT * FROM COLLINS_RAW.COL_RAW_EXPORT.LIPS,191,KCMENGVMEF,FLOAT,
LIPS,col_raw_export,TABLE_OR_VIEW,COLLINS_RAW,COL_RAW_EXPORT,LIPS,SELECT * FROM COLLINS_RAW.COL_RAW_EXPORT.LIPS,192,KZBWS,TEXT,
LIPS,col_raw_export,TABLE_OR_VIEW,COLLINS_RAW,COL_RAW_EXPORT,LIPS,SELECT * FROM COLLINS_RAW.COL_RAW_EXPORT.LIPS,193,PSPNR,TEXT,
LIPS,col_raw_export,TABLE_OR_VIEW,COLLINS_RAW,COL_RAW_EXPORT,LIPS,SELECT * FROM COLLINS_RAW.COL_RAW_EXPORT.LIPS,194,EPRIO,TEXT,
LIPS,col_raw_export,TABLE_OR_VIEW,COLLINS_RAW,COL_RAW_EXPORT,LIPS,SELECT * FROM COLLINS_RAW.COL_RAW_EXPORT.LIPS,195,RULES,TEXT,
LIPS,col_raw_export,TABLE_OR_VIEW,COLLINS_RAW,COL_RAW_EXPORT,LIPS,SELECT * FROM COLLINS_RAW.COL_RAW_EXPORT.LIPS,196,KZBEF,TEXT,
LIPS,col_raw_export,TABLE_OR_VIEW,COLLINS_RAW,COL_RAW_EXPORT,LIPS,SELECT * FROM COLLINS_RAW.COL_RAW_EXPORT.LIPS,197,MPROF,TEXT,
LIPS,col_raw_export,TABLE_OR_VIEW,COLLINS_RAW,COL_RAW_EXPORT,LIPS,SELECT * FROM COLLINS_RAW.COL_RAW_EXPORT.LIPS,198,EMATN,TEXT,
LIPS,col_raw_export,TABLE_OR_VIEW,COLLINS_RAW,COL_RAW_EXPORT,LIPS,SELECT * FROM COLLINS_RAW.COL_RAW_EXPORT.LIPS,199,LGBZO,TEXT,
LIPS,col_raw_export,TABLE_OR_VIEW,COLLINS_RAW,COL_RAW_EXPORT,LIPS,SELECT * FROM COLLINS_RAW.COL_RAW_EXPORT.LIPS,200,HANDLE,TEXT,
LIPS,col_raw_export,TABLE_OR_VIEW,COLLINS_RAW,COL_RAW_EXPORT,LIPS,SELECT * FROM COLLINS_RAW.COL_RAW_EXPORT.LIPS,201,VERURPOS,TEXT,
LIPS,col_raw_export,TABLE_OR_VIEW,COLLINS_RAW,COL_RAW_EXPORT,LIPS,SELECT * FROM COLLINS_RAW.COL_RAW_EXPORT.LIPS,202,LIFEXPOS,TEXT,
LIPS,col_raw_export,TABLE_OR_VIEW,COLLINS_RAW,COL_RAW_EXPORT,LIPS,SELECT * FROM COLLINS_RAW.COL_RAW_EXPORT.LIPS,203,NOATP,TEXT,
LIPS,col_raw_export,TABLE_OR_VIEW,COLLINS_RAW,COL_RAW_EXPORT,LIPS,SELECT * FROM COLLINS_RAW.COL_RAW_EXPORT.LIPS,204,NOPCK,TEXT,
LIPS,col_raw_export,TABLE_OR_VIEW,COLLINS_RAW,COL_RAW_EXPORT,LIPS,SELECT * FROM COLLINS_RAW.COL_RAW_EXPORT.LIPS,205,RBLVS,TEXT,
LIPS,col_raw_export,TABLE_OR_VIEW,COLLINS_RAW,COL_RAW_EXPORT,LIPS,SELECT * FROM COLLINS_RAW.COL_RAW_EXPORT.LIPS,206,BERID,TEXT,
LIPS,col_raw_export,TABLE_OR_VIEW,COLLINS_RAW,COL_RAW_EXPORT,LIPS,SELECT * FROM COLLINS_RAW.COL_RAW_EXPORT.LIPS,207,BESTQ,TEXT,
LIPS,col_raw_export,TABLE_OR_VIEW,COLLINS_RAW,COL_RAW_EXPORT,LIPS,SELECT * FROM COLLINS_RAW.COL_RAW_EXPORT.LIPS,208,UMBSQ,TEXT,
LIPS,col_raw_export,TABLE_OR_VIEW,COLLINS_RAW,COL_RAW_EXPORT,LIPS,SELECT * FROM COLLINS_RAW.COL_RAW_EXPORT.LIPS,209,UMMAT,TEXT,
LIPS,col_raw_export,TABLE_OR_VIEW,COLLINS_RAW,COL_RAW_EXPORT,LIPS,SELECT * FROM COLLINS_RAW.COL_RAW_EXPORT.LIPS,210,UMWRK,TEXT,
LIPS,col_raw_export,TABLE_OR_VIEW,COLLINS_RAW,COL_RAW_EXPORT,LIPS,SELECT * FROM COLLINS_RAW.COL_RAW_EXPORT.LIPS,211,UMLGO,TEXT,
LIPS,col_raw_export,TABLE_OR_VIEW,COLLINS_RAW,COL_RAW_EXPORT,LIPS,SELECT * FROM COLLINS_RAW.COL_RAW_EXPORT.LIPS,212,UMCHA,TEXT,
LIPS,col_raw_export,TABLE_OR_VIEW,COLLINS_RAW,COL_RAW_EXPORT,LIPS,SELECT * FROM COLLINS_RAW.COL_RAW_EXPORT.LIPS,213,UMBAR,TEXT,
LIPS,col_raw_export,TABLE_OR_VIEW,COLLINS_RAW,COL_RAW_EXPORT,LIPS,SELECT * FROM COLLINS_RAW.COL_RAW_EXPORT.LIPS,214,UMSOK,TEXT,
LIPS,col_raw_export,TABLE_OR_VIEW,COLLINS_RAW,COL_RAW_EXPORT,LIPS,SELECT * FROM COLLINS_RAW.COL_RAW_EXPORT.LIPS,215,SONUM,TEXT,
LIPS,col_raw_export,TABLE_OR_VIEW,COLLINS_RAW,COL_RAW_EXPORT,LIPS,SELECT * FROM COLLINS_RAW.COL_RAW_EXPORT.LIPS,216,USONU,TEXT,
LIPS,col_raw_export,TABLE_OR_VIEW,COLLINS_RAW,COL_RAW_EXPORT,LIPS,SELECT * FROM COLLINS_RAW.COL_RAW_EXPORT.LIPS,217,AKKUR,NUMBER,
LIPS,col_raw_export,TABLE_OR_VIEW,COLLINS_RAW,COL_RAW_EXPORT,LIPS,SELECT * FROM COLLINS_RAW.COL_RAW_EXPORT.LIPS,218,AKMNG,TEXT,
LIPS,col_raw_export,TABLE_OR_VIEW,COLLINS_RAW,COL_RAW_EXPORT,LIPS,SELECT * FROM COLLINS_RAW.COL_RAW_EXPORT.LIPS,219,VKGRU,TEXT,
LIPS,col_raw_export,TABLE_OR_VIEW,COLLINS_RAW,COL_RAW_EXPORT,LIPS,SELECT * FROM COLLINS_RAW.COL_RAW_EXPORT.LIPS,220,SHKZG_UM,TEXT,
LIPS,col_raw_export,TABLE_OR_VIEW,COLLINS_RAW,COL_RAW_EXPORT,LIPS,SELECT * FROM COLLINS_RAW.COL_RAW_EXPORT.LIPS,221,INSMK,TEXT,
LIPS,col_raw_export,TABLE_OR_VIEW,COLLINS_RAW,COL_RAW_EXPORT,LIPS,SELECT * FROM COLLINS_RAW.COL_RAW_EXPORT.LIPS,222,KZECH,TEXT,
LIPS,col_raw_export,TABLE_OR_VIEW,COLLINS_RAW,COL_RAW_EXPORT,LIPS,SELECT * FROM COLLINS_RAW.COL_RAW_EXPORT.LIPS,223,FLGWM,TEXT,
LIPS,col_raw_export,TABLE_OR_VIEW,COLLINS_RAW,COL_RAW_EXPORT,LIPS,SELECT * FROM COLLINS_RAW.COL_RAW_EXPORT.LIPS,224,BERKZ,TEXT,
LIPS,col_raw_export,TABLE_OR_VIEW,COLLINS_RAW,COL_RAW_EXPORT,LIPS,SELECT * FROM COLLINS_RAW.COL_RAW_EXPORT.LIPS,225,HUPOS,TEXT,
LIPS,col_raw_export,TABLE_OR_VIEW,COLLINS_RAW,COL_RAW_EXPORT,LIPS,SELECT * FROM COLLINS_RAW.COL_RAW_EXPORT.LIPS,226,NOWAB,TEXT,
LIPS,col_raw_export,TABLE_OR_VIEW,COLLINS_RAW,COL_RAW_EXPORT,LIPS,SELECT * FROM COLLINS_RAW.COL_RAW_EXPORT.LIPS,227,KONTO,TEXT,
LIPS,col_raw_export,TABLE_OR_VIEW,COLLINS_RAW,COL_RAW_EXPORT,LIPS,SELECT * FROM COLLINS_RAW.COL_RAW_EXPORT.LIPS,228,KZEAR,TEXT,
LIPS,col_raw_export,TABLE_OR_VIEW,COLLINS_RAW,COL_RAW_EXPORT,LIPS,SELECT * FROM COLLINS_RAW.COL_RAW_EXPORT.LIPS,229,HSDAT,TEXT,
LIPS,col_raw_export,TABLE_OR_VIEW,COLLINS_RAW,COL_RAW_EXPORT,LIPS,SELECT * FROM COLLINS_RAW.COL_RAW_EXPORT.LIPS,230,VFDAT,TEXT,
LIPS,col_raw_export,TABLE_OR_VIEW,COLLINS_RAW,COL_RAW_EXPORT,LIPS,SELECT * FROM COLLINS_RAW.COL_RAW_EXPORT.LIPS,231,LFGJA,TEXT,
LIPS,col_raw_export,TABLE_OR_VIEW,COLLINS_RAW,COL_RAW_EXPORT,LIPS,SELECT * FROM COLLINS_RAW.COL_RAW_EXPORT.LIPS,232,LFBNR,TEXT,
LIPS,col_raw_export,TABLE_OR_VIEW,COLLINS_RAW,COL_RAW_EXPORT,LIPS,SELECT * FROM COLLINS_RAW.COL_RAW_EXPORT.LIPS,233,LFPOS,TEXT,
LIPS,col_raw_export,TABLE_OR_VIEW,COLLINS_RAW,COL_RAW_EXPORT,LIPS,SELECT * FROM COLLINS_RAW.COL_RAW_EXPORT.LIPS,234,GRUND,TEXT,
LIPS,col_raw_export,TABLE_OR_VIEW,COLLINS_RAW,COL_RAW_EXPORT,LIPS,SELECT * FROM COLLINS_RAW.COL_RAW_EXPORT.LIPS,235,FOBWA,TEXT,
LIPS,col_raw_export,TABLE_OR_VIEW,COLLINS_RAW,COL_RAW_EXPORT,LIPS,SELECT * FROM COLLINS_RAW.COL_RAW_EXPORT.LIPS,236,DLVTP,TEXT,
LIPS,col_raw_export,TABLE_OR_VIEW,COLLINS_RAW,COL_RAW_EXPORT,LIPS,SELECT * FROM COLLINS_RAW.COL_RAW_EXPORT.LIPS,237,EXBWR,NUMBER,
LIPS,col_raw_export,TABLE_OR_VIEW,COLLINS_RAW,COL_RAW_EXPORT,LIPS,SELECT * FROM COLLINS_RAW.COL_RAW_EXPORT.LIPS,238,BPMNG,NUMBER,
LIPS,col_raw_export,TABLE_OR_VIEW,COLLINS_RAW,COL_RAW_EXPORT,LIPS,SELECT * FROM COLLINS_RAW.COL_RAW_EXPORT.LIPS,239,EXVKW,NUMBER,
LIPS,col_raw_export,TABLE_OR_VIEW,COLLINS_RAW,COL_RAW_EXPORT,LIPS,SELECT * FROM COLLINS_RAW.COL_RAW_EXPORT.LIPS,240,CMPRE_FLT,FLOAT,
LIPS,col_raw_export,TABLE_OR_VIEW,COLLINS_RAW,COL_RAW_EXPORT,LIPS,SELECT * FROM COLLINS_RAW.COL_RAW_EXPORT.LIPS,241,KZPOD,TEXT,
LIPS,col_raw_export,TABLE_OR_VIEW,COLLINS_RAW,COL_RAW_EXPORT,LIPS,SELECT * FROM COLLINS_RAW.COL_RAW_EXPORT.LIPS,242,LFDEZ,TEXT,
LIPS,col_raw_export,TABLE_OR_VIEW,COLLINS_RAW,COL_RAW_EXPORT,LIPS,SELECT * FROM COLLINS_RAW.COL_RAW_EXPORT.LIPS,243,UMREV,FLOAT,
LIPS,col_raw_export,TABLE_OR_VIEW,COLLINS_RAW,COL_RAW_EXPORT,LIPS,SELECT * FROM COLLINS_RAW.COL_RAW_EXPORT.LIPS,244,PODREL,TEXT,
LIPS,col_raw_export,TABLE_OR_VIEW,COLLINS_RAW,COL_RAW_EXPORT,LIPS,SELECT * FROM COLLINS_RAW.COL_RAW_EXPORT.LIPS,245,KZUML,TEXT,
LIPS,col_raw_export,TABLE_OR_VIEW,COLLINS_RAW,COL_RAW_EXPORT,LIPS,SELECT * FROM COLLINS_RAW.COL_RAW_EXPORT.LIPS,246,FKBER,TEXT,
LIPS,col_raw_export,TABLE_OR_VIEW,COLLINS_RAW,COL_RAW_EXPORT,LIPS,SELECT * FROM COLLINS_RAW.COL_RAW_EXPORT.LIPS,247,GRANT_NBR,TEXT,
LIPS,col_raw_export,TABLE_OR_VIEW,COLLINS_RAW,COL_RAW_EXPORT,LIPS,SELECT * FROM COLLINS_RAW.COL_RAW_EXPORT.LIPS,248,KZWSO,TEXT,
LIPS,col_raw_export,TABLE_OR_VIEW,COLLINS_RAW,COL_RAW_EXPORT,LIPS,SELECT * FROM COLLINS_RAW.COL_RAW_EXPORT.LIPS,249,GMCONTROL,TEXT,
LIPS,col_raw_export,TABLE_OR_VIEW,COLLINS_RAW,COL_RAW_EXPORT,LIPS,SELECT * FROM COLLINS_RAW.COL_RAW_EXPORT.LIPS,250,POSTING_CHANGE,TEXT,
LIPS,col_raw_export,TABLE_OR_VIEW,COLLINS_RAW,COL_RAW_EXPORT,LIPS,SELECT * FROM COLLINS_RAW.COL_RAW_EXPORT.LIPS,251,UM_PS_PSP_PNR,TEXT,
LIPS,col_raw_export,TABLE_OR_VIEW,COLLINS_RAW,COL_RAW_EXPORT,LIPS,SELECT * FROM COLLINS_RAW.COL_RAW_EXPORT.LIPS,252,PRE_VL_ETENS,TEXT,
LIPS,col_raw_export,TABLE_OR_VIEW,COLLINS_RAW,COL_RAW_EXPORT,LIPS,SELECT * FROM COLLINS_RAW.COL_RAW_EXPORT.LIPS,253,SPE_GEN_ELIKZ,TEXT,
LIPS,col_raw_export,TABLE_OR_VIEW,COLLINS_RAW,COL_RAW_EXPORT,LIPS,SELECT * FROM COLLINS_RAW.COL_RAW_EXPORT.LIPS,254,SPE_SCRAP_IND,TEXT,
LIPS,col_raw_export,TABLE_OR_VIEW,COLLINS_RAW,COL_RAW_EXPORT,LIPS,SELECT * FROM COLLINS_RAW.COL_RAW_EXPORT.LIPS,255,SPE_AUTH_NUMBER,TEXT,
LIPS,col_raw_export,TABLE_OR_VIEW,COLLINS_RAW,COL_RAW_EXPORT,LIPS,SELECT * FROM COLLINS_RAW.COL_RAW_EXPORT.LIPS,256,SPE_INSPOUT_GUID,BINARY,
LIPS,col_raw_export,TABLE_OR_VIEW,COLLINS_RAW,COL_RAW_EXPORT,LIPS,SELECT * FROM COLLINS_RAW.COL_RAW_EXPORT.LIPS,257,SPE_FOLLOW_UP,TEXT,
LIPS,col_raw_export,TABLE_OR_VIEW,COLLINS_RAW,COL_RAW_EXPORT,LIPS,SELECT * FROM COLLINS_RAW.COL_RAW_EXPORT.LIPS,258,SPE_EXP_DATE_EXT,NUMBER,
LIPS,col_raw_export,TABLE_OR_VIEW,COLLINS_RAW,COL_RAW_EXPORT,LIPS,SELECT * FROM COLLINS_RAW.COL_RAW_EXPORT.LIPS,259,SPE_EXP_DATE_INT,NUMBER,
LIPS,col_raw_export,TABLE_OR_VIEW,COLLINS_RAW,COL_RAW_EXPORT,LIPS,SELECT * FROM COLLINS_RAW.COL_RAW_EXPORT.LIPS,260,SPE_AUTH_COMPLET,TEXT,
LIPS,col_raw_export,TABLE_OR_VIEW,COLLINS_RAW,COL_RAW_EXPORT,LIPS,SELECT * FROM COLLINS_RAW.COL_RAW_EXPORT.LIPS,261,ORMNG,NUMBER,
LIPS,col_raw_export,TABLE_OR_VIEW,COLLINS_RAW,COL_RAW_EXPORT,LIPS,SELECT * FROM COLLINS_RAW.COL_RAW_EXPORT.LIPS,262,SPE_ATP_TMSTMP,NUMBER,
LIPS,col_raw_export,TABLE_OR_VIEW,COLLINS_RAW,COL_RAW_EXPORT,LIPS,SELECT * FROM COLLINS_RAW.COL_RAW_EXPORT.LIPS,263,SPE_ORIG_SYS,TEXT,
LIPS,col_raw_export,TABLE_OR_VIEW,COLLINS_RAW,COL_RAW_EXPORT,LIPS,SELECT * FROM COLLINS_RAW.COL_RAW_EXPORT.LIPS,264,SPE_LIEFFZ,NUMBER,
LIPS,col_raw_export,TABLE_OR_VIEW,COLLINS_RAW,COL_RAW_EXPORT,LIPS,SELECT * FROM COLLINS_RAW.COL_RAW_EXPORT.LIPS,265,SPE_IMWRK,TEXT,
LIPS,col_raw_export,TABLE_OR_VIEW,COLLINS_RAW,COL_RAW_EXPORT,LIPS,SELECT * FROM COLLINS_RAW.COL_RAW_EXPORT.LIPS,266,SPE_LIFEXPOS2,TEXT,
LIPS,col_raw_export,TABLE_OR_VIEW,COLLINS_RAW,COL_RAW_EXPORT,LIPS,SELECT * FROM COLLINS_RAW.COL_RAW_EXPORT.LIPS,267,SPE_EXCEPT_CODE,TEXT,
LIPS,col_raw_export,TABLE_OR_VIEW,COLLINS_RAW,COL_RAW_EXPORT,LIPS,SELECT * FROM COLLINS_RAW.COL_RAW_EXPORT.LIPS,268,SPE_KEEP_QTY,NUMBER,
LIPS,col_raw_export,TABLE_OR_VIEW,COLLINS_RAW,COL_RAW_EXPORT,LIPS,SELECT * FROM COLLINS_RAW.COL_RAW_EXPORT.LIPS,269,SPE_ALTERNATE,TEXT,
LIPS,col_raw_export,TABLE_OR_VIEW,COLLINS_RAW,COL_RAW_EXPORT,LIPS,SELECT * FROM COLLINS_RAW.COL_RAW_EXPORT.LIPS,270,SPE_MAT_SUBST,TEXT,
LIPS,col_raw_export,TABLE_OR_VIEW,COLLINS_RAW,COL_RAW_EXPORT,LIPS,SELECT * FROM COLLINS_RAW.COL_RAW_EXPORT.LIPS,271,SPE_STRUC,TEXT,
LIPS,col_raw_export,TABLE_OR_VIEW,COLLINS_RAW,COL_RAW_EXPORT,LIPS,SELECT * FROM COLLINS_RAW.COL_RAW_EXPORT.LIPS,272,SPE_APO_QNTYFAC,NUMBER,
LIPS,col_raw_export,TABLE_OR_VIEW,COLLINS_RAW,COL_RAW_EXPORT,LIPS,SELECT * FROM COLLINS_RAW.COL_RAW_EXPORT.LIPS,273,SPE_APO_QNTYDIV,NUMBER,
LIPS,col_raw_export,TABLE_OR_VIEW,COLLINS_RAW,COL_RAW_EXPORT,LIPS,SELECT * FROM COLLINS_RAW.COL_RAW_EXPORT.LIPS,274,SPE_HERKL,TEXT,
LIPS,col_raw_export,TABLE_OR_VIEW,COLLINS_RAW,COL_RAW_EXPORT,LIPS,SELECT * FROM COLLINS_RAW.COL_RAW_EXPORT.LIPS,275,SPE_BXP_DATE_EXT,NUMBER,
LIPS,col_raw_export,TABLE_OR_VIEW,COLLINS_RAW,COL_RAW_EXPORT,LIPS,SELECT * FROM COLLINS_RAW.COL_RAW_EXPORT.LIPS,276,SPE_VERSION,TEXT,
LIPS,col_raw_export,TABLE_OR_VIEW,COLLINS_RAW,COL_RAW_EXPORT,LIPS,SELECT * FROM COLLINS_RAW.COL_RAW_EXPORT.LIPS,277,SPE_COMPL_MVT,TEXT,
LIPS,col_raw_export,TABLE_OR_VIEW,COLLINS_RAW,COL_RAW_EXPORT,LIPS,SELECT * FROM COLLINS_RAW.COL_RAW_EXPORT.LIPS,278,J_1BTAXLW4,TEXT,
LIPS,col_raw_export,TABLE_OR_VIEW,COLLINS_RAW,COL_RAW_EXPORT,LIPS,SELECT * FROM COLLINS_RAW.COL_RAW_EXPORT.LIPS,279,J_1BTAXLW5,TEXT,
LIPS,col_raw_export,TABLE_OR_VIEW,COLLINS_RAW,COL_RAW_EXPORT,LIPS,SELECT * FROM COLLINS_RAW.COL_RAW_EXPORT.LIPS,280,J_1BTAXLW3,TEXT,
LIPS,col_raw_export,TABLE_OR_VIEW,COLLINS_RAW,COL_RAW_EXPORT,LIPS,SELECT * FROM COLLINS_RAW.COL_RAW_EXPORT.LIPS,281,BUDGET_PD,TEXT,
LIPS,col_raw_export,TABLE_OR_VIEW,COLLINS_RAW,COL_RAW_EXPORT,LIPS,SELECT * FROM COLLINS_RAW.COL_RAW_EXPORT.LIPS,282,KBNKZ,TEXT,
LIPS,col_raw_export,TABLE_OR_VIEW,COLLINS_RAW,COL_RAW_EXPORT,LIPS,SELECT * FROM COLLINS_RAW.COL_RAW_EXPORT.LIPS,283,FARR_RELTYPE,TEXT,
LIPS,col_raw_export,TABLE_OR_VIEW,COLLINS_RAW,COL_RAW_EXPORT,LIPS,SELECT * FROM COLLINS_RAW.COL_RAW_EXPORT.LIPS,284,SITKZ,TEXT,
LIPS,col_raw_export,TABLE_OR_VIEW,COLLINS_RAW,COL_RAW_EXPORT,LIPS,SELECT * FROM COLLINS_RAW.COL_RAW_EXPORT.LIPS,285,SGT_RCAT,TEXT,
LIPS,col_raw_export,TABLE_OR_VIEW,COLLINS_RAW,COL_RAW_EXPORT,LIPS,SELECT * FROM COLLINS_RAW.COL_RAW_EXPORT.LIPS,286,SGT_SCAT,TEXT,
LIPS,col_raw_export,TABLE_OR_VIEW,COLLINS_RAW,COL_RAW_EXPORT,LIPS,SELECT * FROM COLLINS_RAW.COL_RAW_EXPORT.LIPS,287,/SAPMP/LBA_NO,TEXT,
LIPS,col_raw_export,TABLE_OR_VIEW,COLLINS_RAW,COL_RAW_EXPORT,LIPS,SELECT * FROM COLLINS_RAW.COL_RAW_EXPORT.LIPS,288,/SAPMP/ALT_CONV,TEXT,
LIPS,col_raw_export,TABLE_OR_VIEW,COLLINS_RAW,COL_RAW_EXPORT,LIPS,SELECT * FROM COLLINS_RAW.COL_RAW_EXPORT.LIPS,289,LGTOR,TEXT,
LIPS,col_raw_export,TABLE_OR_VIEW,COLLINS_RAW,COL_RAW_EXPORT,LIPS,SELECT * FROM COLLINS_RAW.COL_RAW_EXPORT.LIPS,290,FSH_SEASON_YEAR,TEXT,
LIPS,col_raw_export,TABLE_OR_VIEW,COLLINS_RAW,COL_RAW_EXPORT,LIPS,SELECT * FROM COLLINS_RAW.COL_RAW_EXPORT.LIPS,291,FSH_SEASON,TEXT,
LIPS,col_raw_export,TABLE_OR_VIEW,COLLINS_RAW,COL_RAW_EXPORT,LIPS,SELECT * FROM COLLINS_RAW.COL_RAW_EXPORT.LIPS,292,FSH_COLLECTION,TEXT,
LIPS,col_raw_export,TABLE_OR_VIEW,COLLINS_RAW,COL_RAW_EXPORT,LIPS,SELECT * FROM COLLINS_RAW.COL_RAW_EXPORT.LIPS,293,FSH_THEME,TEXT,
LIPS,col_raw_export,TABLE_OR_VIEW,COLLINS_RAW,COL_RAW_EXPORT,LIPS,SELECT * FROM COLLINS_RAW.COL_RAW_EXPORT.LIPS,294,FSH_KVGR6,TEXT,
LIPS,col_raw_export,TABLE_OR_VIEW,COLLINS_RAW,COL_RAW_EXPORT,LIPS,SELECT * FROM COLLINS_RAW.COL_RAW_EXPORT.LIPS,295,FSH_KVGR7,TEXT,
LIPS,col_raw_export,TABLE_OR_VIEW,COLLINS_RAW,COL_RAW_EXPORT,LIPS,SELECT * FROM COLLINS_RAW.COL_RAW_EXPORT.LIPS,296,FSH_KVGR8,TEXT,
LIPS,col_raw_export,TABLE_OR_VIEW,COLLINS_RAW,COL_RAW_EXPORT,LIPS,SELECT * FROM COLLINS_RAW.COL_RAW_EXPORT.LIPS,297,FSH_KVGR9,TEXT,
LIPS,col_raw_export,TABLE_OR_VIEW,COLLINS_RAW,COL_RAW_EXPORT,LIPS,SELECT * FROM COLLINS_RAW.COL_RAW_EXPORT.LIPS,298,FSH_KVGR10,TEXT,
LIPS,col_raw_export,TABLE_OR_VIEW,COLLINS_RAW,COL_RAW_EXPORT,LIPS,SELECT * FROM COLLINS_RAW.COL_RAW_EXPORT.LIPS,299,FSH_VAS_REL,TEXT,
LIPS,col_raw_export,TABLE_OR_VIEW,COLLINS_RAW,COL_RAW_EXPORT,LIPS,SELECT * FROM COLLINS_RAW.COL_RAW_EXPORT.LIPS,300,FSH_VAS_PRNT_ID,TEXT,
LIPS,col_raw_export,TABLE_OR_VIEW,COLLINS_RAW,COL_RAW_EXPORT,LIPS,SELECT * FROM COLLINS_RAW.COL_RAW_EXPORT.LIPS,301,FSH_TRANSACTION,TEXT,
LIPS,col_raw_export,TABLE_OR_VIEW,COLLINS_RAW,COL_RAW_EXPORT,LIPS,SELECT * FROM COLLINS_RAW.COL_RAW_EXPORT.LIPS,302,FSH_ITEM_GROUP,TEXT,
LIPS,col_raw_export,TABLE_OR_VIEW,COLLINS_RAW,COL_RAW_EXPORT,LIPS,SELECT * FROM COLLINS_RAW.COL_RAW_EXPORT.LIPS,303,FSH_ITEM,TEXT,
LIPS,col_raw_export,TABLE_OR_VIEW,COLLINS_RAW,COL_RAW_EXPORT,LIPS,SELECT * FROM COLLINS_RAW.COL_RAW_EXPORT.LIPS,304,FSH_RSNUM,TEXT,
LIPS,col_raw_export,TABLE_OR_VIEW,COLLINS_RAW,COL_RAW_EXPORT,LIPS,SELECT * FROM COLLINS_RAW.COL_RAW_EXPORT.LIPS,305,FSH_RSPOS,TEXT,
LIPS,col_raw_export,TABLE_OR_VIEW,COLLINS_RAW,COL_RAW_EXPORT,LIPS,SELECT * FROM COLLINS_RAW.COL_RAW_EXPORT.LIPS,306,MILL_UCDET,TEXT,
LIPS,col_raw_export,TABLE_OR_VIEW,COLLINS_RAW,COL_RAW_EXPORT,LIPS,SELECT * FROM COLLINS_RAW.COL_RAW_EXPORT.LIPS,307,CONS_ORDER,TEXT,
LIPS,col_raw_export,TABLE_OR_VIEW,COLLINS_RAW,COL_RAW_EXPORT,LIPS,SELECT * FROM COLLINS_RAW.COL_RAW_EXPORT.LIPS,308,WRF_CHARSTC1,TEXT,
LIPS,col_raw_export,TABLE_OR_VIEW,COLLINS_RAW,COL_RAW_EXPORT,LIPS,SELECT * FROM COLLINS_RAW.COL_RAW_EXPORT.LIPS,309,WRF_CHARSTC2,TEXT,
LIPS,col_raw_export,TABLE_OR_VIEW,COLLINS_RAW,COL_RAW_EXPORT,LIPS,SELECT * FROM COLLINS_RAW.COL_RAW_EXPORT.LIPS,310,WRF_CHARSTC3,TEXT,
LIPS,col_raw_export,TABLE_OR_VIEW,COLLINS_RAW,COL_RAW_EXPORT,LIPS,SELECT * FROM COLLINS_RAW.COL_RAW_EXPORT.LIPS,311,ZREVD,TEXT,
LIPS,col_raw_export,TABLE_OR_VIEW,COLLINS_RAW,COL_RAW_EXPORT,LIPS,SELECT * FROM COLLINS_RAW.COL_RAW_EXPORT.LIPS,312,ZZ640FORMNO,TEXT,
LIPS,col_raw_export,TABLE_OR_VIEW,COLLINS_RAW,COL_RAW_EXPORT,LIPS,SELECT * FROM COLLINS_RAW.COL_RAW_EXPORT.LIPS,313,ZZDAINNO,TEXT,
LIPS,col_raw_export,TABLE_OR_VIEW,COLLINS_RAW,COL_RAW_EXPORT,LIPS,SELECT * FROM COLLINS_RAW.COL_RAW_EXPORT.LIPS,314,ZZMATNR,TEXT,
LIPS,col_raw_export,TABLE_OR_VIEW,COLLINS_RAW,COL_RAW_EXPORT,LIPS,SELECT * FROM COLLINS_RAW.COL_RAW_EXPORT.LIPS,315,ZZEXPDAINNO,TEXT,
LIPS,col_raw_export,TABLE_OR_VIEW,COLLINS_RAW,COL_RAW_EXPORT,LIPS,SELECT * FROM COLLINS_RAW.COL_RAW_EXPORT.LIPS,316,ZZINVOICENO,TEXT,
LIPS,col_raw_export,TABLE_OR_VIEW,COLLINS_RAW,COL_RAW_EXPORT,LIPS,SELECT * FROM COLLINS_RAW.COL_RAW_EXPORT.LIPS,317,ZZTEMPEX,TEXT,
LIPS,col_raw_export,TABLE_OR_VIEW,COLLINS_RAW,COL_RAW_EXPORT,LIPS,SELECT * FROM COLLINS_RAW.COL_RAW_EXPORT.LIPS,318,ZZLICNO,TEXT,
LIPS,col_raw_export,TABLE_OR_VIEW,COLLINS_RAW,COL_RAW_EXPORT,LIPS,SELECT * FROM COLLINS_RAW.COL_RAW_EXPORT.LIPS,319,ZZTRACKNO,TEXT,
LIPS,col_raw_export,TABLE_OR_VIEW,COLLINS_RAW,COL_RAW_EXPORT,LIPS,SELECT * FROM COLLINS_RAW.COL_RAW_EXPORT.LIPS,320,ZZCUSTREF,TEXT,
LIPS,col_raw_export,TABLE_OR_VIEW,COLLINS_RAW,COL_RAW_EXPORT,LIPS,SELECT * FROM COLLINS_RAW.COL_RAW_EXPORT.LIPS,321,ZZAIRCRAFT,TEXT,
LIPS,col_raw_export,TABLE_OR_VIEW,COLLINS_RAW,COL_RAW_EXPORT,LIPS,SELECT * FROM COLLINS_RAW.COL_RAW_EXPORT.LIPS,322,ZZSERIAL,TEXT,
LIPS,col_raw_export,TABLE_OR_VIEW,COLLINS_RAW,COL_RAW_EXPORT,LIPS,SELECT * FROM COLLINS_RAW.COL_RAW_EXPORT.LIPS,323,ZZREF,TEXT,
LIPS,col_raw_export,TABLE_OR_VIEW,COLLINS_RAW,COL_RAW_EXPORT,LIPS,SELECT * FROM COLLINS_RAW.COL_RAW_EXPORT.LIPS,324,ZZENGMODEL,TEXT,
LIPS,col_raw_export,TABLE_OR_VIEW,COLLINS_RAW,COL_RAW_EXPORT,LIPS,SELECT * FROM COLLINS_RAW.COL_RAW_EXPORT.LIPS,325,Z_CUS_ONDOCK_DATE,TEXT,
LIPS,col_raw_export,TABLE_OR_VIEW,COLLINS_RAW,COL_RAW_EXPORT,LIPS,SELECT * FROM COLLINS_RAW.COL_RAW_EXPORT.LIPS,326,Z_CUS_SHIP_DATE,TEXT,
LIPS,col_raw_export,TABLE_OR_VIEW,COLLINS_RAW,COL_RAW_EXPORT,LIPS,SELECT * FROM COLLINS_RAW.COL_RAW_EXPORT.LIPS,327,Z_PR_ONDOCK_DATE,TEXT,
LIPS,col_raw_export,TABLE_OR_VIEW,COLLINS_RAW,COL_RAW_EXPORT,LIPS,SELECT * FROM COLLINS_RAW.COL_RAW_EXPORT.LIPS,328,ZREL_CERT,TEXT,
LIPS,col_raw_export,TABLE_OR_VIEW,COLLINS_RAW,COL_RAW_EXPORT,LIPS,SELECT * FROM COLLINS_RAW.COL_RAW_EXPORT.LIPS,329,ZCERTSRC,TEXT,
LIPS,col_raw_export,TABLE_OR_VIEW,COLLINS_RAW,COL_RAW_EXPORT,LIPS,SELECT * FROM COLLINS_RAW.COL_RAW_EXPORT.LIPS,330,ZWAWFSHP,TEXT,
LIPS,col_raw_export,TABLE_OR_VIEW,COLLINS_RAW,COL_RAW_EXPORT,LIPS,SELECT * FROM COLLINS_RAW.COL_RAW_EXPORT.LIPS,331,REPL_CDC_DATE,TIMESTAMP_NTZ,
LIPS,col_raw_export,TABLE_OR_VIEW,COLLINS_RAW,COL_RAW_EXPORT,LIPS,SELECT * FROM COLLINS_RAW.COL_RAW_EXPORT.LIPS,332,REPL_CDC_OPCODE,TEXT,
MAKT,col_raw_export,TABLE_OR_VIEW,COLLINS_RAW,COL_RAW_EXPORT,MAKT,SELECT * FROM COLLINS_RAW.COL_RAW_EXPORT.MAKT,1,MANDT,TEXT,
MAKT,col_raw_export,TABLE_OR_VIEW,COLLINS_RAW,COL_RAW_EXPORT,MAKT,SELECT * FROM COLLINS_RAW.COL_RAW_EXPORT.MAKT,2,MATNR,TEXT,
MAKT,col_raw_export,TABLE_OR_VIEW,COLLINS_RAW,COL_RAW_EXPORT,MAKT,SELECT * FROM COLLINS_RAW.COL_RAW_EXPORT.MAKT,3,SPRAS,TEXT,
MAKT,col_raw_export,TABLE_OR_VIEW,COLLINS_RAW,COL_RAW_EXPORT,MAKT,SELECT * FROM COLLINS_RAW.COL_RAW_EXPORT.MAKT,4,MAKTX,TEXT,
MAKT,col_raw_export,TABLE_OR_VIEW,COLLINS_RAW,COL_RAW_EXPORT,MAKT,SELECT * FROM COLLINS_RAW.COL_RAW_EXPORT.MAKT,5,MAKTG,TEXT,
MAKT,col_raw_export,TABLE_OR_VIEW,COLLINS_RAW,COL_RAW_EXPORT,MAKT,SELECT * FROM COLLINS_RAW.COL_RAW_EXPORT.MAKT,6,REPL_CDC_DATE,TIMESTAMP_NTZ,
MAKT,col_raw_export,TABLE_OR_VIEW,COLLINS_RAW,COL_RAW_EXPORT,MAKT,SELECT * FROM COLLINS_RAW.COL_RAW_EXPORT.MAKT,7,REPL_CDC_OPCODE,TEXT,
MARA,col_raw_export,TABLE_OR_VIEW,COLLINS_RAW,COL_RAW_EXPORT,MARA,SELECT * FROM COLLINS_RAW.COL_RAW_EXPORT.MARA,1,MANDT,TEXT,
MARA,col_raw_export,TABLE_OR_VIEW,COLLINS_RAW,COL_RAW_EXPORT,MARA,SELECT * FROM COLLINS_RAW.COL_RAW_EXPORT.MARA,2,MATNR,TEXT,
MARA,col_raw_export,TABLE_OR_VIEW,COLLINS_RAW,COL_RAW_EXPORT,MARA,SELECT * FROM COLLINS_RAW.COL_RAW_EXPORT.MARA,3,ERSDA,TEXT,
MARA,col_raw_export,TABLE_OR_VIEW,COLLINS_RAW,COL_RAW_EXPORT,MARA,SELECT * FROM COLLINS_RAW.COL_RAW_EXPORT.MARA,4,ERNAM,TEXT,
MARA,col_raw_export,TABLE_OR_VIEW,COLLINS_RAW,COL_RAW_EXPORT,MARA,SELECT * FROM COLLINS_RAW.COL_RAW_EXPORT.MARA,5,LAEDA,TEXT,
MARA,col_raw_export,TABLE_OR_VIEW,COLLINS_RAW,COL_RAW_EXPORT,MARA,SELECT * FROM COLLINS_RAW.COL_RAW_EXPORT.MARA,6,AENAM,TEXT,
MARA,col_raw_export,TABLE_OR_VIEW,COLLINS_RAW,COL_RAW_EXPORT,MARA,SELECT * FROM COLLINS_RAW.COL_RAW_EXPORT.MARA,7,VPSTA,TEXT,
MARA,col_raw_export,TABLE_OR_VIEW,COLLINS_RAW,COL_RAW_EXPORT,MARA,SELECT * FROM COLLINS_RAW.COL_RAW_EXPORT.MARA,8,PSTAT,TEXT,
MARA,col_raw_export,TABLE_OR_VIEW,COLLINS_RAW,COL_RAW_EXPORT,MARA,SELECT * FROM COLLINS_RAW.COL_RAW_EXPORT.MARA,9,LVORM,TEXT,
MARA,col_raw_export,TABLE_OR_VIEW,COLLINS_RAW,COL_RAW_EXPORT,MARA,SELECT * FROM COLLINS_RAW.COL_RAW_EXPORT.MARA,10,MTART,TEXT,
MARA,col_raw_export,TABLE_OR_VIEW,COLLINS_RAW,COL_RAW_EXPORT,MARA,SELECT * FROM COLLINS_RAW.COL_RAW_EXPORT.MARA,11,MBRSH,TEXT,
MARA,col_raw_export,TABLE_OR_VIEW,COLLINS_RAW,COL_RAW_EXPORT,MARA,SELECT * FROM COLLINS_RAW.COL_RAW_EXPORT.MARA,12,MATKL,TEXT,
MARA,col_raw_export,TABLE_OR_VIEW,COLLINS_RAW,COL_RAW_EXPORT,MARA,SELECT * FROM COLLINS_RAW.COL_RAW_EXPORT.MARA,13,BISMT,TEXT,
MARA,col_raw_export,TABLE_OR_VIEW,COLLINS_RAW,COL_RAW_EXPORT,MARA,SELECT * FROM COLLINS_RAW.COL_RAW_EXPORT.MARA,14,MEINS,TEXT,
MARA,col_raw_export,TABLE_OR_VIEW,COLLINS_RAW,COL_RAW_EXPORT,MARA,SELECT * FROM COLLINS_RAW.COL_RAW_EXPORT.MARA,15,BSTME,TEXT,
MARA,col_raw_export,TABLE_OR_VIEW,COLLINS_RAW,COL_RAW_EXPORT,MARA,SELECT * FROM COLLINS_RAW.COL_RAW_EXPORT.MARA,16,ZEINR,TEXT,
MARA,col_raw_export,TABLE_OR_VIEW,COLLINS_RAW,COL_RAW_EXPORT,MARA,SELECT * FROM COLLINS_RAW.COL_RAW_EXPORT.MARA,17,ZEIAR,TEXT,
MARA,col_raw_export,TABLE_OR_VIEW,COLLINS_RAW,COL_RAW_EXPORT,MARA,SELECT * FROM COLLINS_RAW.COL_RAW_EXPORT.MARA,18,ZEIVR,TEXT,
MARA,col_raw_export,TABLE_OR_VIEW,COLLINS_RAW,COL_RAW_EXPORT,MARA,SELECT * FROM COLLINS_RAW.COL_RAW_EXPORT.MARA,19,ZEIFO,TEXT,
MARA,col_raw_export,TABLE_OR_VIEW,COLLINS_RAW,COL_RAW_EXPORT,MARA,SELECT * FROM COLLINS_RAW.COL_RAW_EXPORT.MARA,20,AESZN,TEXT,
MARA,col_raw_export,TABLE_OR_VIEW,COLLINS_RAW,COL_RAW_EXPORT,MARA,SELECT * FROM COLLINS_RAW.COL_RAW_EXPORT.MARA,21,BLATT,TEXT,
MARA,col_raw_export,TABLE_OR_VIEW,COLLINS_RAW,COL_RAW_EXPORT,MARA,SELECT * FROM COLLINS_RAW.COL_RAW_EXPORT.MARA,22,BLANZ,TEXT,
MARA,col_raw_export,TABLE_OR_VIEW,COLLINS_RAW,COL_RAW_EXPORT,MARA,SELECT * FROM COLLINS_RAW.COL_RAW_EXPORT.MARA,23,FERTH,TEXT,
MARA,col_raw_export,TABLE_OR_VIEW,COLLINS_RAW,COL_RAW_EXPORT,MARA,SELECT * FROM COLLINS_RAW.COL_RAW_EXPORT.MARA,24,FORMT,TEXT,
MARA,col_raw_export,TABLE_OR_VIEW,COLLINS_RAW,COL_RAW_EXPORT,MARA,SELECT * FROM COLLINS_RAW.COL_RAW_EXPORT.MARA,25,GROES,TEXT,
MARA,col_raw_export,TABLE_OR_VIEW,COLLINS_RAW,COL_RAW_EXPORT,MARA,SELECT * FROM COLLINS_RAW.COL_RAW_EXPORT.MARA,26,WRKST,TEXT,
MARA,col_raw_export,TABLE_OR_VIEW,COLLINS_RAW,COL_RAW_EXPORT,MARA,SELECT * FROM COLLINS_RAW.COL_RAW_EXPORT.MARA,27,NORMT,TEXT,
MARA,col_raw_export,TABLE_OR_VIEW,COLLINS_RAW,COL_RAW_EXPORT,MARA,SELECT * FROM COLLINS_RAW.COL_RAW_EXPORT.MARA,28,LABOR,TEXT,
MARA,col_raw_export,TABLE_OR_VIEW,COLLINS_RAW,COL_RAW_EXPORT,MARA,SELECT * FROM COLLINS_RAW.COL_RAW_EXPORT.MARA,29,EKWSL,TEXT,
MARA,col_raw_export,TABLE_OR_VIEW,COLLINS_RAW,COL_RAW_EXPORT,MARA,SELECT * FROM COLLINS_RAW.COL_RAW_EXPORT.MARA,30,BRGEW,NUMBER,
MARA,col_raw_export,TABLE_OR_VIEW,COLLINS_RAW,COL_RAW_EXPORT,MARA,SELECT * FROM COLLINS_RAW.COL_RAW_EXPORT.MARA,31,NTGEW,NUMBER,
MARA,col_raw_export,TABLE_OR_VIEW,COLLINS_RAW,COL_RAW_EXPORT,MARA,SELECT * FROM COLLINS_RAW.COL_RAW_EXPORT.MARA,32,GEWEI,TEXT,
MARA,col_raw_export,TABLE_OR_VIEW,COLLINS_RAW,COL_RAW_EXPORT,MARA,SELECT * FROM COLLINS_RAW.COL_RAW_EXPORT.MARA,33,VOLUM,NUMBER,
MARA,col_raw_export,TABLE_OR_VIEW,COLLINS_RAW,COL_RAW_EXPORT,MARA,SELECT * FROM COLLINS_RAW.COL_RAW_EXPORT.MARA,34,VOLEH,TEXT,
MARA,col_raw_export,TABLE_OR_VIEW,COLLINS_RAW,COL_RAW_EXPORT,MARA,SELECT * FROM COLLINS_RAW.COL_RAW_EXPORT.MARA,35,BEHVO,TEXT,
MARA,col_raw_export,TABLE_OR_VIEW,COLLINS_RAW,COL_RAW_EXPORT,MARA,SELECT * FROM COLLINS_RAW.COL_RAW_EXPORT.MARA,36,RAUBE,TEXT,
MARA,col_raw_export,TABLE_OR_VIEW,COLLINS_RAW,COL_RAW_EXPORT,MARA,SELECT * FROM COLLINS_RAW.COL_RAW_EXPORT.MARA,37,TEMPB,TEXT,
MARA,col_raw_export,TABLE_OR_VIEW,COLLINS_RAW,COL_RAW_EXPORT,MARA,SELECT * FROM COLLINS_RAW.COL_RAW_EXPORT.MARA,38,DISST,TEXT,
MARA,col_raw_export,TABLE_OR_VIEW,COLLINS_RAW,COL_RAW_EXPORT,MARA,SELECT * FROM COLLINS_RAW.COL_RAW_EXPORT.MARA,39,TRAGR,TEXT,
MARA,col_raw_export,TABLE_OR_VIEW,COLLINS_RAW,COL_RAW_EXPORT,MARA,SELECT * FROM COLLINS_RAW.COL_RAW_EXPORT.MARA,40,STOFF,TEXT,
MARA,col_raw_export,TABLE_OR_VIEW,COLLINS_RAW,COL_RAW_EXPORT,MARA,SELECT * FROM COLLINS_RAW.COL_RAW_EXPORT.MARA,41,SPART,TEXT,
MARA,col_raw_export,TABLE_OR_VIEW,COLLINS_RAW,COL_RAW_EXPORT,MARA,SELECT * FROM COLLINS_RAW.COL_RAW_EXPORT.MARA,42,KUNNR,TEXT,
MARA,col_raw_export,TABLE_OR_VIEW,COLLINS_RAW,COL_RAW_EXPORT,MARA,SELECT * FROM COLLINS_RAW.COL_RAW_EXPORT.MARA,43,EANNR,TEXT,
MARA,col_raw_export,TABLE_OR_VIEW,COLLINS_RAW,COL_RAW_EXPORT,MARA,SELECT * FROM COLLINS_RAW.COL_RAW_EXPORT.MARA,44,WESCH,NUMBER,
MARA,col_raw_export,TABLE_OR_VIEW,COLLINS_RAW,COL_RAW_EXPORT,MARA,SELECT * FROM COLLINS_RAW.COL_RAW_EXPORT.MARA,45,BWVOR,TEXT,
MARA,col_raw_export,TABLE_OR_VIEW,COLLINS_RAW,COL_RAW_EXPORT,MARA,SELECT * FROM COLLINS_RAW.COL_RAW_EXPORT.MARA,46,BWSCL,TEXT,
MARA,col_raw_export,TABLE_OR_VIEW,COLLINS_RAW,COL_RAW_EXPORT,MARA,SELECT * FROM COLLINS_RAW.COL_RAW_EXPORT.MARA,47,SAISO,TEXT,
MARA,col_raw_export,TABLE_OR_VIEW,COLLINS_RAW,COL_RAW_EXPORT,MARA,SELECT * FROM COLLINS_RAW.COL_RAW_EXPORT.MARA,48,ETIAR,TEXT,
MARA,col_raw_export,TABLE_OR_VIEW,COLLINS_RAW,COL_RAW_EXPORT,MARA,SELECT * FROM COLLINS_RAW.COL_RAW_EXPORT.MARA,49,ETIFO,TEXT,
MARA,col_raw_export,TABLE_OR_VIEW,COLLINS_RAW,COL_RAW_EXPORT,MARA,SELECT * FROM COLLINS_RAW.COL_RAW_EXPORT.MARA,50,ENTAR,TEXT,
MARA,col_raw_export,TABLE_OR_VIEW,COLLINS_RAW,COL_RAW_EXPORT,MARA,SELECT * FROM COLLINS_RAW.COL_RAW_EXPORT.MARA,51,EAN11,TEXT,
MARA,col_raw_export,TABLE_OR_VIEW,COLLINS_RAW,COL_RAW_EXPORT,MARA,SELECT * FROM COLLINS_RAW.COL_RAW_EXPORT.MARA,52,NUMTP,TEXT,
MARA,col_raw_export,TABLE_OR_VIEW,COLLINS_RAW,COL_RAW_EXPORT,MARA,SELECT * FROM COLLINS_RAW.COL_RAW_EXPORT.MARA,53,LAENG,NUMBER,
MARA,col_raw_export,TABLE_OR_VIEW,COLLINS_RAW,COL_RAW_EXPORT,MARA,SELECT * FROM COLLINS_RAW.COL_RAW_EXPORT.MARA,54,BREIT,NUMBER,
MARA,col_raw_export,TABLE_OR_VIEW,COLLINS_RAW,COL_RAW_EXPORT,MARA,SELECT * FROM COLLINS_RAW.COL_RAW_EXPORT.MARA,55,HOEHE,NUMBER,
MARA,col_raw_export,TABLE_OR_VIEW,COLLINS_RAW,COL_RAW_EXPORT,MARA,SELECT * FROM COLLINS_RAW.COL_RAW_EXPORT.MARA,56,MEABM,TEXT,
MARA,col_raw_export,TABLE_OR_VIEW,COLLINS_RAW,COL_RAW_EXPORT,MARA,SELECT * FROM COLLINS_RAW.COL_RAW_EXPORT.MARA,57,PRDHA,TEXT,
MARA,col_raw_export,TABLE_OR_VIEW,COLLINS_RAW,COL_RAW_EXPORT,MARA,SELECT * FROM COLLINS_RAW.COL_RAW_EXPORT.MARA,58,AEKLK,TEXT,
MARA,col_raw_export,TABLE_OR_VIEW,COLLINS_RAW,COL_RAW_EXPORT,MARA,SELECT * FROM COLLINS_RAW.COL_RAW_EXPORT.MARA,59,CADKZ,TEXT,
MARA,col_raw_export,TABLE_OR_VIEW,COLLINS_RAW,COL_RAW_EXPORT,MARA,SELECT * FROM COLLINS_RAW.COL_RAW_EXPORT.MARA,60,QMPUR,TEXT,
MARA,col_raw_export,TABLE_OR_VIEW,COLLINS_RAW,COL_RAW_EXPORT,MARA,SELECT * FROM COLLINS_RAW.COL_RAW_EXPORT.MARA,61,ERGEW,NUMBER,
MARA,col_raw_export,TABLE_OR_VIEW,COLLINS_RAW,COL_RAW_EXPORT,MARA,SELECT * FROM COLLINS_RAW.COL_RAW_EXPORT.MARA,62,ERGEI,TEXT,
MARA,col_raw_export,TABLE_OR_VIEW,COLLINS_RAW,COL_RAW_EXPORT,MARA,SELECT * FROM COLLINS_RAW.COL_RAW_EXPORT.MARA,63,ERVOL,NUMBER,
MARA,col_raw_export,TABLE_OR_VIEW,COLLINS_RAW,COL_RAW_EXPORT,MARA,SELECT * FROM COLLINS_RAW.COL_RAW_EXPORT.MARA,64,ERVOE,TEXT,
MARA,col_raw_export,TABLE_OR_VIEW,COLLINS_RAW,COL_RAW_EXPORT,MARA,SELECT * FROM COLLINS_RAW.COL_RAW_EXPORT.MARA,65,GEWTO,NUMBER,
MARA,col_raw_export,TABLE_OR_VIEW,COLLINS_RAW,COL_RAW_EXPORT,MARA,SELECT * FROM COLLINS_RAW.COL_RAW_EXPORT.MARA,66,VOLTO,NUMBER,
MARA,col_raw_export,TABLE_OR_VIEW,COLLINS_RAW,COL_RAW_EXPORT,MARA,SELECT * FROM COLLINS_RAW.COL_RAW_EXPORT.MARA,67,VABME,TEXT,
MARA,col_raw_export,TABLE_OR_VIEW,COLLINS_RAW,COL_RAW_EXPORT,MARA,SELECT * FROM COLLINS_RAW.COL_RAW_EXPORT.MARA,68,KZREV,TEXT,
MARA,col_raw_export,TABLE_OR_VIEW,COLLINS_RAW,COL_RAW_EXPORT,MARA,SELECT * FROM COLLINS_RAW.COL_RAW_EXPORT.MARA,69,KZKFG,TEXT,
MARA,col_raw_export,TABLE_OR_VIEW,COLLINS_RAW,COL_RAW_EXPORT,MARA,SELECT * FROM COLLINS_RAW.COL_RAW_EXPORT.MARA,70,XCHPF,TEXT,
MARA,col_raw_export,TABLE_OR_VIEW,COLLINS_RAW,COL_RAW_EXPORT,MARA,SELECT * FROM COLLINS_RAW.COL_RAW_EXPORT.MARA,71,VHART,TEXT,
MARA,col_raw_export,TABLE_OR_VIEW,COLLINS_RAW,COL_RAW_EXPORT,MARA,SELECT * FROM COLLINS_RAW.COL_RAW_EXPORT.MARA,72,FUELG,NUMBER,
MARA,col_raw_export,TABLE_OR_VIEW,COLLINS_RAW,COL_RAW_EXPORT,MARA,SELECT * FROM COLLINS_RAW.COL_RAW_EXPORT.MARA,73,STFAK,NUMBER,
MARA,col_raw_export,TABLE_OR_VIEW,COLLINS_RAW,COL_RAW_EXPORT,MARA,SELECT * FROM COLLINS_RAW.COL_RAW_EXPORT.MARA,74,MAGRV,TEXT,
MARA,col_raw_export,TABLE_OR_VIEW,COLLINS_RAW,COL_RAW_EXPORT,MARA,SELECT * FROM COLLINS_RAW.COL_RAW_EXPORT.MARA,75,BEGRU,TEXT,
MARA,col_raw_export,TABLE_OR_VIEW,COLLINS_RAW,COL_RAW_EXPORT,MARA,SELECT * FROM COLLINS_RAW.COL_RAW_EXPORT.MARA,76,DATAB,TEXT,
MARA,col_raw_export,TABLE_OR_VIEW,COLLINS_RAW,COL_RAW_EXPORT,MARA,SELECT * FROM COLLINS_RAW.COL_RAW_EXPORT.MARA,77,LIQDT,TEXT,
MARA,col_raw_export,TABLE_OR_VIEW,COLLINS_RAW,COL_RAW_EXPORT,MARA,SELECT * FROM COLLINS_RAW.COL_RAW_EXPORT.MARA,78,SAISJ,TEXT,
MARA,col_raw_export,TABLE_OR_VIEW,COLLINS_RAW,COL_RAW_EXPORT,MARA,SELECT * FROM COLLINS_RAW.COL_RAW_EXPORT.MARA,79,PLGTP,TEXT,
MARA,col_raw_export,TABLE_OR_VIEW,COLLINS_RAW,COL_RAW_EXPORT,MARA,SELECT * FROM COLLINS_RAW.COL_RAW_EXPORT.MARA,80,MLGUT,TEXT,
MARA,col_raw_export,TABLE_OR_VIEW,COLLINS_RAW,COL_RAW_EXPORT,MARA,SELECT * FROM COLLINS_RAW.COL_RAW_EXPORT.MARA,81,EXTWG,TEXT,
MARA,col_raw_export,TABLE_OR_VIEW,COLLINS_RAW,COL_RAW_EXPORT,MARA,SELECT * FROM COLLINS_RAW.COL_RAW_EXPORT.MARA,82,SATNR,TEXT,
MARA,col_raw_export,TABLE_OR_VIEW,COLLINS_RAW,COL_RAW_EXPORT,MARA,SELECT * FROM COLLINS_RAW.COL_RAW_EXPORT.MARA,83,ATTYP,TEXT,
MARA,col_raw_export,TABLE_OR_VIEW,COLLINS_RAW,COL_RAW_EXPORT,MARA,SELECT * FROM COLLINS_RAW.COL_RAW_EXPORT.MARA,84,KZKUP,TEXT,
MARA,col_raw_export,TABLE_OR_VIEW,COLLINS_RAW,COL_RAW_EXPORT,MARA,SELECT * FROM COLLINS_RAW.COL_RAW_EXPORT.MARA,85,KZNFM,TEXT,
MARA,col_raw_export,TABLE_OR_VIEW,COLLINS_RAW,COL_RAW_EXPORT,MARA,SELECT * FROM COLLINS_RAW.COL_RAW_EXPORT.MARA,86,PMATA,TEXT,
MARA,col_raw_export,TABLE_OR_VIEW,COLLINS_RAW,COL_RAW_EXPORT,MARA,SELECT * FROM COLLINS_RAW.COL_RAW_EXPORT.MARA,87,MSTAE,TEXT,
MARA,col_raw_export,TABLE_OR_VIEW,COLLINS_RAW,COL_RAW_EXPORT,MARA,SELECT * FROM COLLINS_RAW.COL_RAW_EXPORT.MARA,88,MSTAV,TEXT,
MARA,col_raw_export,TABLE_OR_VIEW,COLLINS_RAW,COL_RAW_EXPORT,MARA,SELECT * FROM COLLINS_RAW.COL_RAW_EXPORT.MARA,89,MSTDE,TEXT,
MARA,col_raw_export,TABLE_OR_VIEW,COLLINS_RAW,COL_RAW_EXPORT,MARA,SELECT * FROM COLLINS_RAW.COL_RAW_EXPORT.MARA,90,MSTDV,TEXT,
MARA,col_raw_export,TABLE_OR_VIEW,COLLINS_RAW,COL_RAW_EXPORT,MARA,SELECT * FROM COLLINS_RAW.COL_RAW_EXPORT.MARA,91,TAKLV,TEXT,
MARA,col_raw_export,TABLE_OR_VIEW,COLLINS_RAW,COL_RAW_EXPORT,MARA,SELECT * FROM COLLINS_RAW.COL_RAW_EXPORT.MARA,92,RBNRM,TEXT,
MARA,col_raw_export,TABLE_OR_VIEW,COLLINS_RAW,COL_RAW_EXPORT,MARA,SELECT * FROM COLLINS_RAW.COL_RAW_EXPORT.MARA,93,MHDRZ,NUMBER,
MARA,col_raw_export,TABLE_OR_VIEW,COLLINS_RAW,COL_RAW_EXPORT,MARA,SELECT * FROM COLLINS_RAW.COL_RAW_EXPORT.MARA,94,MHDHB,NUMBER,
MARA,col_raw_export,TABLE_OR_VIEW,COLLINS_RAW,COL_RAW_EXPORT,MARA,SELECT * FROM COLLINS_RAW.COL_RAW_EXPORT.MARA,95,MHDLP,NUMBER,
MARA,col_raw_export,TABLE_OR_VIEW,COLLINS_RAW,COL_RAW_EXPORT,MARA,SELECT * FROM COLLINS_RAW.COL_RAW_EXPORT.MARA,96,INHME,TEXT,
MARA,col_raw_export,TABLE_OR_VIEW,COLLINS_RAW,COL_RAW_EXPORT,MARA,SELECT * FROM COLLINS_RAW.COL_RAW_EXPORT.MARA,97,INHAL,NUMBER,
MARA,col_raw_export,TABLE_OR_VIEW,COLLINS_RAW,COL_RAW_EXPORT,MARA,SELECT * FROM COLLINS_RAW.COL_RAW_EXPORT.MARA,98,VPREH,NUMBER,
MARA,col_raw_export,TABLE_OR_VIEW,COLLINS_RAW,COL_RAW_EXPORT,MARA,SELECT * FROM COLLINS_RAW.COL_RAW_EXPORT.MARA,99,ETIAG,TEXT,
MARA,col_raw_export,TABLE_OR_VIEW,COLLINS_RAW,COL_RAW_EXPORT,MARA,SELECT * FROM COLLINS_RAW.COL_RAW_EXPORT.MARA,100,INHBR,NUMBER,
MARA,col_raw_export,TABLE_OR_VIEW,COLLINS_RAW,COL_RAW_EXPORT,MARA,SELECT * FROM COLLINS_RAW.COL_RAW_EXPORT.MARA,101,CMETH,TEXT,
MARA,col_raw_export,TABLE_OR_VIEW,COLLINS_RAW,COL_RAW_EXPORT,MARA,SELECT * FROM COLLINS_RAW.COL_RAW_EXPORT.MARA,102,CUOBF,TEXT,
MARA,col_raw_export,TABLE_OR_VIEW,COLLINS_RAW,COL_RAW_EXPORT,MARA,SELECT * FROM COLLINS_RAW.COL_RAW_EXPORT.MARA,103,KZUMW,TEXT,
MARA,col_raw_export,TABLE_OR_VIEW,COLLINS_RAW,COL_RAW_EXPORT,MARA,SELECT * FROM COLLINS_RAW.COL_RAW_EXPORT.MARA,104,KOSCH,TEXT,
MARA,col_raw_export,TABLE_OR_VIEW,COLLINS_RAW,COL_RAW_EXPORT,MARA,SELECT * FROM COLLINS_RAW.COL_RAW_EXPORT.MARA,105,SPROF,TEXT,
MARA,col_raw_export,TABLE_OR_VIEW,COLLINS_RAW,COL_RAW_EXPORT,MARA,SELECT * FROM COLLINS_RAW.COL_RAW_EXPORT.MARA,106,NRFHG,TEXT,
MARA,col_raw_export,TABLE_OR_VIEW,COLLINS_RAW,COL_RAW_EXPORT,MARA,SELECT * FROM COLLINS_RAW.COL_RAW_EXPORT.MARA,107,MFRPN,TEXT,
MARA,col_raw_export,TABLE_OR_VIEW,COLLINS_RAW,COL_RAW_EXPORT,MARA,SELECT * FROM COLLINS_RAW.COL_RAW_EXPORT.MARA,108,MFRNR,TEXT,
MARA,col_raw_export,TABLE_OR_VIEW,COLLINS_RAW,COL_RAW_EXPORT,MARA,SELECT * FROM COLLINS_RAW.COL_RAW_EXPORT.MARA,109,BMATN,TEXT,
MARA,col_raw_export,TABLE_OR_VIEW,COLLINS_RAW,COL_RAW_EXPORT,MARA,SELECT * FROM COLLINS_RAW.COL_RAW_EXPORT.MARA,110,MPROF,TEXT,
MARA,col_raw_export,TABLE_OR_VIEW,COLLINS_RAW,COL_RAW_EXPORT,MARA,SELECT * FROM COLLINS_RAW.COL_RAW_EXPORT.MARA,111,KZWSM,TEXT,
MARA,col_raw_export,TABLE_OR_VIEW,COLLINS_RAW,COL_RAW_EXPORT,MARA,SELECT * FROM COLLINS_RAW.COL_RAW_EXPORT.MARA,112,SAITY,TEXT,
MARA,col_raw_export,TABLE_OR_VIEW,COLLINS_RAW,COL_RAW_EXPORT,MARA,SELECT * FROM COLLINS_RAW.COL_RAW_EXPORT.MARA,113,PROFL,TEXT,
MARA,col_raw_export,TABLE_OR_VIEW,COLLINS_RAW,COL_RAW_EXPORT,MARA,SELECT * FROM COLLINS_RAW.COL_RAW_EXPORT.MARA,114,IHIVI,TEXT,
MARA,col_raw_export,TABLE_OR_VIEW,COLLINS_RAW,COL_RAW_EXPORT,MARA,SELECT * FROM COLLINS_RAW.COL_RAW_EXPORT.MARA,115,ILOOS,TEXT,
MARA,col_raw_export,TABLE_OR_VIEW,COLLINS_RAW,COL_RAW_EXPORT,MARA,SELECT * FROM COLLINS_RAW.COL_RAW_EXPORT.MARA,116,SERLV,TEXT,
MARA,col_raw_export,TABLE_OR_VIEW,COLLINS_RAW,COL_RAW_EXPORT,MARA,SELECT * FROM COLLINS_RAW.COL_RAW_EXPORT.MARA,117,KZGVH,TEXT,
MARA,col_raw_export,TABLE_OR_VIEW,COLLINS_RAW,COL_RAW_EXPORT,MARA,SELECT * FROM COLLINS_RAW.COL_RAW_EXPORT.MARA,118,XGCHP,TEXT,
MARA,col_raw_export,TABLE_OR_VIEW,COLLINS_RAW,COL_RAW_EXPORT,MARA,SELECT * FROM COLLINS_RAW.COL_RAW_EXPORT.MARA,119,KZEFF,TEXT,
MARA,col_raw_export,TABLE_OR_VIEW,COLLINS_RAW,COL_RAW_EXPORT,MARA,SELECT * FROM COLLINS_RAW.COL_RAW_EXPORT.MARA,120,COMPL,TEXT,
MARA,col_raw_export,TABLE_OR_VIEW,COLLINS_RAW,COL_RAW_EXPORT,MARA,SELECT * FROM COLLINS_RAW.COL_RAW_EXPORT.MARA,121,IPRKZ,TEXT,
MARA,col_raw_export,TABLE_OR_VIEW,COLLINS_RAW,COL_RAW_EXPORT,MARA,SELECT * FROM COLLINS_RAW.COL_RAW_EXPORT.MARA,122,RDMHD,TEXT,
MARA,col_raw_export,TABLE_OR_VIEW,COLLINS_RAW,COL_RAW_EXPORT,MARA,SELECT * FROM COLLINS_RAW.COL_RAW_EXPORT.MARA,123,PRZUS,TEXT,
MARA,col_raw_export,TABLE_OR_VIEW,COLLINS_RAW,COL_RAW_EXPORT,MARA,SELECT * FROM COLLINS_RAW.COL_RAW_EXPORT.MARA,124,MTPOS_MARA,TEXT,
MARA,col_raw_export,TABLE_OR_VIEW,COLLINS_RAW,COL_RAW_EXPORT,MARA,SELECT * FROM COLLINS_RAW.COL_RAW_EXPORT.MARA,125,BFLME,TEXT,
MARA,col_raw_export,TABLE_OR_VIEW,COLLINS_RAW,COL_RAW_EXPORT,MARA,SELECT * FROM COLLINS_RAW.COL_RAW_EXPORT.MARA,126,MATFI,TEXT,
MARA,col_raw_export,TABLE_OR_VIEW,COLLINS_RAW,COL_RAW_EXPORT,MARA,SELECT * FROM COLLINS_RAW.COL_RAW_EXPORT.MARA,127,CMREL,TEXT,
MARA,col_raw_export,TABLE_OR_VIEW,COLLINS_RAW,COL_RAW_EXPORT,MARA,SELECT * FROM COLLINS_RAW.COL_RAW_EXPORT.MARA,128,BBTYP,TEXT,
MARA,col_raw_export,TABLE_OR_VIEW,COLLINS_RAW,COL_RAW_EXPORT,MARA,SELECT * FROM COLLINS_RAW.COL_RAW_EXPORT.MARA,129,SLED_BBD,TEXT,
MARA,col_raw_export,TABLE_OR_VIEW,COLLINS_RAW,COL_RAW_EXPORT,MARA,SELECT * FROM COLLINS_RAW.COL_RAW_EXPORT.MARA,130,GTIN_VARIANT,TEXT,
MARA,col_raw_export,TABLE_OR_VIEW,COLLINS_RAW,COL_RAW_EXPORT,MARA,SELECT * FROM COLLINS_RAW.COL_RAW_EXPORT.MARA,131,GENNR,TEXT,
MARA,col_raw_export,TABLE_OR_VIEW,COLLINS_RAW,COL_RAW_EXPORT,MARA,SELECT * FROM COLLINS_RAW.COL_RAW_EXPORT.MARA,132,RMATP,TEXT,
MARA,col_raw_export,TABLE_OR_VIEW,COLLINS_RAW,COL_RAW_EXPORT,MARA,SELECT * FROM COLLINS_RAW.COL_RAW_EXPORT.MARA,133,GDS_RELEVANT,TEXT,
MARA,col_raw_export,TABLE_OR_VIEW,COLLINS_RAW,COL_RAW_EXPORT,MARA,SELECT * FROM COLLINS_RAW.COL_RAW_EXPORT.MARA,134,WEORA,TEXT,
MARA,col_raw_export,TABLE_OR_VIEW,COLLINS_RAW,COL_RAW_EXPORT,MARA,SELECT * FROM COLLINS_RAW.COL_RAW_EXPORT.MARA,135,HUTYP_DFLT,TEXT,
MARA,col_raw_export,TABLE_OR_VIEW,COLLINS_RAW,COL_RAW_EXPORT,MARA,SELECT * FROM COLLINS_RAW.COL_RAW_EXPORT.MARA,136,PILFERABLE,TEXT,
MARA,col_raw_export,TABLE_OR_VIEW,COLLINS_RAW,COL_RAW_EXPORT,MARA,SELECT * FROM COLLINS_RAW.COL_RAW_EXPORT.MARA,137,WHSTC,TEXT,
MARA,col_raw_export,TABLE_OR_VIEW,COLLINS_RAW,COL_RAW_EXPORT,MARA,SELECT * FROM COLLINS_RAW.COL_RAW_EXPORT.MARA,138,WHMATGR,TEXT,
MARA,col_raw_export,TABLE_OR_VIEW,COLLINS_RAW,COL_RAW_EXPORT,MARA,SELECT * FROM COLLINS_RAW.COL_RAW_EXPORT.MARA,139,HNDLCODE,TEXT,
MARA,col_raw_export,TABLE_OR_VIEW,COLLINS_RAW,COL_RAW_EXPORT,MARA,SELECT * FROM COLLINS_RAW.COL_RAW_EXPORT.MARA,140,HAZMAT,TEXT,
MARA,col_raw_export,TABLE_OR_VIEW,COLLINS_RAW,COL_RAW_EXPORT,MARA,SELECT * FROM COLLINS_RAW.COL_RAW_EXPORT.MARA,141,HUTYP,TEXT,
MARA,col_raw_export,TABLE_OR_VIEW,COLLINS_RAW,COL_RAW_EXPORT,MARA,SELECT * FROM COLLINS_RAW.COL_RAW_EXPORT.MARA,142,TARE_VAR,TEXT,
MARA,col_raw_export,TABLE_OR_VIEW,COLLINS_RAW,COL_RAW_EXPORT,MARA,SELECT * FROM COLLINS_RAW.COL_RAW_EXPORT.MARA,143,MAXC,NUMBER,
MARA,col_raw_export,TABLE_OR_VIEW,COLLINS_RAW,COL_RAW_EXPORT,MARA,SELECT * FROM COLLINS_RAW.COL_RAW_EXPORT.MARA,144,MAXC_TOL,NUMBER,
MARA,col_raw_export,TABLE_OR_VIEW,COLLINS_RAW,COL_RAW_EXPORT,MARA,SELECT * FROM COLLINS_RAW.COL_RAW_EXPORT.MARA,145,MAXL,NUMBER,
MARA,col_raw_export,TABLE_OR_VIEW,COLLINS_RAW,COL_RAW_EXPORT,MARA,SELECT * FROM COLLINS_RAW.COL_RAW_EXPORT.MARA,146,MAXB,NUMBER,
MARA,col_raw_export,TABLE_OR_VIEW,COLLINS_RAW,COL_RAW_EXPORT,MARA,SELECT * FROM COLLINS_RAW.COL_RAW_EXPORT.MARA,147,MAXH,NUMBER,
MARA,col_raw_export,TABLE_OR_VIEW,COLLINS_RAW,COL_RAW_EXPORT,MARA,SELECT * FROM COLLINS_RAW.COL_RAW_EXPORT.MARA,148,MAXDIM_UOM,TEXT,
MARA,col_raw_export,TABLE_OR_VIEW,COLLINS_RAW,COL_RAW_EXPORT,MARA,SELECT * FROM COLLINS_RAW.COL_RAW_EXPORT.MARA,149,HERKL,TEXT,
MARA,col_raw_export,TABLE_OR_VIEW,COLLINS_RAW,COL_RAW_EXPORT,MARA,SELECT * FROM COLLINS_RAW.COL_RAW_EXPORT.MARA,150,MFRGR,TEXT,
MARA,col_raw_export,TABLE_OR_VIEW,COLLINS_RAW,COL_RAW_EXPORT,MARA,SELECT * FROM COLLINS_RAW.COL_RAW_EXPORT.MARA,151,QQTIME,NUMBER,
MARA,col_raw_export,TABLE_OR_VIEW,COLLINS_RAW,COL_RAW_EXPORT,MARA,SELECT * FROM COLLINS_RAW.COL_RAW_EXPORT.MARA,152,QQTIMEUOM,TEXT,
MARA,col_raw_export,TABLE_OR_VIEW,COLLINS_RAW,COL_RAW_EXPORT,MARA,SELECT * FROM COLLINS_RAW.COL_RAW_EXPORT.MARA,153,QGRP,TEXT,
MARA,col_raw_export,TABLE_OR_VIEW,COLLINS_RAW,COL_RAW_EXPORT,MARA,SELECT * FROM COLLINS_RAW.COL_RAW_EXPORT.MARA,154,SERIAL,TEXT,
MARA,col_raw_export,TABLE_OR_VIEW,COLLINS_RAW,COL_RAW_EXPORT,MARA,SELECT * FROM COLLINS_RAW.COL_RAW_EXPORT.MARA,155,PS_SMARTFORM,TEXT,
MARA,col_raw_export,TABLE_OR_VIEW,COLLINS_RAW,COL_RAW_EXPORT,MARA,SELECT * FROM COLLINS_RAW.COL_RAW_EXPORT.MARA,156,LOGUNIT,TEXT,
MARA,col_raw_export,TABLE_OR_VIEW,COLLINS_RAW,COL_RAW_EXPORT,MARA,SELECT * FROM COLLINS_RAW.COL_RAW_EXPORT.MARA,157,CWQREL,TEXT,
MARA,col_raw_export,TABLE_OR_VIEW,COLLINS_RAW,COL_RAW_EXPORT,MARA,SELECT * FROM COLLINS_RAW.COL_RAW_EXPORT.MARA,158,CWQPROC,TEXT,
MARA,col_raw_export,TABLE_OR_VIEW,COLLINS_RAW,COL_RAW_EXPORT,MARA,SELECT * FROM COLLINS_RAW.COL_RAW_EXPORT.MARA,159,CWQTOLGR,TEXT,
MARA,col_raw_export,TABLE_OR_VIEW,COLLINS_RAW,COL_RAW_EXPORT,MARA,SELECT * FROM COLLINS_RAW.COL_RAW_EXPORT.MARA,160,ADPROF,TEXT,
MARA,col_raw_export,TABLE_OR_VIEW,COLLINS_RAW,COL_RAW_EXPORT,MARA,SELECT * FROM COLLINS_RAW.COL_RAW_EXPORT.MARA,161,IPMIPPRODUCT,TEXT,
MARA,col_raw_export,TABLE_OR_VIEW,COLLINS_RAW,COL_RAW_EXPORT,MARA,SELECT * FROM COLLINS_RAW.COL_RAW_EXPORT.MARA,162,ALLOW_PMAT_IGNO,TEXT,
MARA,col_raw_export,TABLE_OR_VIEW,COLLINS_RAW,COL_RAW_EXPORT,MARA,SELECT * FROM COLLINS_RAW.COL_RAW_EXPORT.MARA,163,MEDIUM,TEXT,
MARA,col_raw_export,TABLE_OR_VIEW,COLLINS_RAW,COL_RAW_EXPORT,MARA,SELECT * FROM COLLINS_RAW.COL_RAW_EXPORT.MARA,164,COMMODITY,TEXT,
MARA,col_raw_export,TABLE_OR_VIEW,COLLINS_RAW,COL_RAW_EXPORT,MARA,SELECT * FROM COLLINS_RAW.COL_RAW_EXPORT.MARA,165,ANIMAL_ORIGIN,TEXT,
MARA,col_raw_export,TABLE_OR_VIEW,COLLINS_RAW,COL_RAW_EXPORT,MARA,SELECT * FROM COLLINS_RAW.COL_RAW_EXPORT.MARA,166,TEXTILE_COMP_IND,TEXT,
MARA,col_raw_export,TABLE_OR_VIEW,COLLINS_RAW,COL_RAW_EXPORT,MARA,SELECT * FROM COLLINS_RAW.COL_RAW_EXPORT.MARA,167,SGT_CSGR,TEXT,
MARA,col_raw_export,TABLE_OR_VIEW,COLLINS_RAW,COL_RAW_EXPORT,MARA,SELECT * FROM COLLINS_RAW.COL_RAW_EXPORT.MARA,168,SGT_COVSA,TEXT,
MARA,col_raw_export,TABLE_OR_VIEW,COLLINS_RAW,COL_RAW_EXPORT,MARA,SELECT * FROM COLLINS_RAW.COL_RAW_EXPORT.MARA,169,SGT_STAT,TEXT,
MARA,col_raw_export,TABLE_OR_VIEW,COLLINS_RAW,COL_RAW_EXPORT,MARA,SELECT * FROM COLLINS_RAW.COL_RAW_EXPORT.MARA,170,SGT_SCOPE,TEXT,
MARA,col_raw_export,TABLE_OR_VIEW,COLLINS_RAW,COL_RAW_EXPORT,MARA,SELECT * FROM COLLINS_RAW.COL_RAW_EXPORT.MARA,171,SGT_REL,TEXT,
MARA,col_raw_export,TABLE_OR_VIEW,COLLINS_RAW,COL_RAW_EXPORT,MARA,SELECT * FROM COLLINS_RAW.COL_RAW_EXPORT.MARA,172,FSH_MG_AT1,TEXT,
MARA,col_raw_export,TABLE_OR_VIEW,COLLINS_RAW,COL_RAW_EXPORT,MARA,SELECT * FROM COLLINS_RAW.COL_RAW_EXPORT.MARA,173,FSH_MG_AT2,TEXT,
MARA,col_raw_export,TABLE_OR_VIEW,COLLINS_RAW,COL_RAW_EXPORT,MARA,SELECT * FROM COLLINS_RAW.COL_RAW_EXPORT.MARA,174,FSH_MG_AT3,TEXT,
MARA,col_raw_export,TABLE_OR_VIEW,COLLINS_RAW,COL_RAW_EXPORT,MARA,SELECT * FROM COLLINS_RAW.COL_RAW_EXPORT.MARA,175,FSH_SEALV,TEXT,
MARA,col_raw_export,TABLE_OR_VIEW,COLLINS_RAW,COL_RAW_EXPORT,MARA,SELECT * FROM COLLINS_RAW.COL_RAW_EXPORT.MARA,176,FSH_SEAIM,TEXT,
MARA,col_raw_export,TABLE_OR_VIEW,COLLINS_RAW,COL_RAW_EXPORT,MARA,SELECT * FROM COLLINS_RAW.COL_RAW_EXPORT.MARA,177,FSH_SC_MID,TEXT,
MARA,col_raw_export,TABLE_OR_VIEW,COLLINS_RAW,COL_RAW_EXPORT,MARA,SELECT * FROM COLLINS_RAW.COL_RAW_EXPORT.MARA,178,ANP,TEXT,
MARA,col_raw_export,TABLE_OR_VIEW,COLLINS_RAW,COL_RAW_EXPORT,MARA,SELECT * FROM COLLINS_RAW.COL_RAW_EXPORT.MARA,179,PSM_CODE,TEXT,
MARA,col_raw_export,TABLE_OR_VIEW,COLLINS_RAW,COL_RAW_EXPORT,MARA,SELECT * FROM COLLINS_RAW.COL_RAW_EXPORT.MARA,180,/BEV1/LULEINH,TEXT,
MARA,col_raw_export,TABLE_OR_VIEW,COLLINS_RAW,COL_RAW_EXPORT,MARA,SELECT * FROM COLLINS_RAW.COL_RAW_EXPORT.MARA,181,/BEV1/LULDEGRP,TEXT,
MARA,col_raw_export,TABLE_OR_VIEW,COLLINS_RAW,COL_RAW_EXPORT,MARA,SELECT * FROM COLLINS_RAW.COL_RAW_EXPORT.MARA,182,/BEV1/NESTRUCCAT,TEXT,
MARA,col_raw_export,TABLE_OR_VIEW,COLLINS_RAW,COL_RAW_EXPORT,MARA,SELECT * FROM COLLINS_RAW.COL_RAW_EXPORT.MARA,183,/DSD/SL_TOLTYP,TEXT,
MARA,col_raw_export,TABLE_OR_VIEW,COLLINS_RAW,COL_RAW_EXPORT,MARA,SELECT * FROM COLLINS_RAW.COL_RAW_EXPORT.MARA,184,/DSD/SV_CNT_GRP,TEXT,
MARA,col_raw_export,TABLE_OR_VIEW,COLLINS_RAW,COL_RAW_EXPORT,MARA,SELECT * FROM COLLINS_RAW.COL_RAW_EXPORT.MARA,185,/DSD/VC_GROUP,TEXT,
MARA,col_raw_export,TABLE_OR_VIEW,COLLINS_RAW,COL_RAW_EXPORT,MARA,SELECT * FROM COLLINS_RAW.COL_RAW_EXPORT.MARA,186,/SAPMP/KADU,NUMBER,
MARA,col_raw_export,TABLE_OR_VIEW,COLLINS_RAW,COL_RAW_EXPORT,MARA,SELECT * FROM COLLINS_RAW.COL_RAW_EXPORT.MARA,187,/SAPMP/ABMEIN,TEXT,
MARA,col_raw_export,TABLE_OR_VIEW,COLLINS_RAW,COL_RAW_EXPORT,MARA,SELECT * FROM COLLINS_RAW.COL_RAW_EXPORT.MARA,188,/SAPMP/KADP,NUMBER,
MARA,col_raw_export,TABLE_OR_VIEW,COLLINS_RAW,COL_RAW_EXPORT,MARA,SELECT * FROM COLLINS_RAW.COL_RAW_EXPORT.MARA,189,/SAPMP/BRAD,NUMBER,
MARA,col_raw_export,TABLE_OR_VIEW,COLLINS_RAW,COL_RAW_EXPORT,MARA,SELECT * FROM COLLINS_RAW.COL_RAW_EXPORT.MARA,190,/SAPMP/SPBI,NUMBER,
MARA,col_raw_export,TABLE_OR_VIEW,COLLINS_RAW,COL_RAW_EXPORT,MARA,SELECT * FROM COLLINS_RAW.COL_RAW_EXPORT.MARA,191,/SAPMP/TRAD,NUMBER,
MARA,col_raw_export,TABLE_OR_VIEW,COLLINS_RAW,COL_RAW_EXPORT,MARA,SELECT * FROM COLLINS_RAW.COL_RAW_EXPORT.MARA,192,/SAPMP/KEDU,NUMBER,
MARA,col_raw_export,TABLE_OR_VIEW,COLLINS_RAW,COL_RAW_EXPORT,MARA,SELECT * FROM COLLINS_RAW.COL_RAW_EXPORT.MARA,193,/SAPMP/SPTR,NUMBER,
MARA,col_raw_export,TABLE_OR_VIEW,COLLINS_RAW,COL_RAW_EXPORT,MARA,SELECT * FROM COLLINS_RAW.COL_RAW_EXPORT.MARA,194,/SAPMP/FBDK,NUMBER,
MARA,col_raw_export,TABLE_OR_VIEW,COLLINS_RAW,COL_RAW_EXPORT,MARA,SELECT * FROM COLLINS_RAW.COL_RAW_EXPORT.MARA,195,/SAPMP/FBHK,NUMBER,
MARA,col_raw_export,TABLE_OR_VIEW,COLLINS_RAW,COL_RAW_EXPORT,MARA,SELECT * FROM COLLINS_RAW.COL_RAW_EXPORT.MARA,196,/SAPMP/RILI,TEXT,
MARA,col_raw_export,TABLE_OR_VIEW,COLLINS_RAW,COL_RAW_EXPORT,MARA,SELECT * FROM COLLINS_RAW.COL_RAW_EXPORT.MARA,197,/SAPMP/FBAK,TEXT,
MARA,col_raw_export,TABLE_OR_VIEW,COLLINS_RAW,COL_RAW_EXPORT,MARA,SELECT * FROM COLLINS_RAW.COL_RAW_EXPORT.MARA,198,/SAPMP/AHO,TEXT,
MARA,col_raw_export,TABLE_OR_VIEW,COLLINS_RAW,COL_RAW_EXPORT,MARA,SELECT * FROM COLLINS_RAW.COL_RAW_EXPORT.MARA,199,/SAPMP/MIFRR,NUMBER,
MARA,col_raw_export,TABLE_OR_VIEW,COLLINS_RAW,COL_RAW_EXPORT,MARA,SELECT * FROM COLLINS_RAW.COL_RAW_EXPORT.MARA,200,/VSO/R_TILT_IND,TEXT,
MARA,col_raw_export,TABLE_OR_VIEW,COLLINS_RAW,COL_RAW_EXPORT,MARA,SELECT * FROM COLLINS_RAW.COL_RAW_EXPORT.MARA,201,/VSO/R_STACK_IND,TEXT,
MARA,col_raw_export,TABLE_OR_VIEW,COLLINS_RAW,COL_RAW_EXPORT,MARA,SELECT * FROM COLLINS_RAW.COL_RAW_EXPORT.MARA,202,/VSO/R_BOT_IND,TEXT,
MARA,col_raw_export,TABLE_OR_VIEW,COLLINS_RAW,COL_RAW_EXPORT,MARA,SELECT * FROM COLLINS_RAW.COL_RAW_EXPORT.MARA,203,/VSO/R_TOP_IND,TEXT,
MARA,col_raw_export,TABLE_OR_VIEW,COLLINS_RAW,COL_RAW_EXPORT,MARA,SELECT * FROM COLLINS_RAW.COL_RAW_EXPORT.MARA,204,/VSO/R_STACK_NO,TEXT,
MARA,col_raw_export,TABLE_OR_VIEW,COLLINS_RAW,COL_RAW_EXPORT,MARA,SELECT * FROM COLLINS_RAW.COL_RAW_EXPORT.MARA,205,/VSO/R_PAL_IND,TEXT,
MARA,col_raw_export,TABLE_OR_VIEW,COLLINS_RAW,COL_RAW_EXPORT,MARA,SELECT * FROM COLLINS_RAW.COL_RAW_EXPORT.MARA,206,/VSO/R_PAL_OVR_D,NUMBER,
MARA,col_raw_export,TABLE_OR_VIEW,COLLINS_RAW,COL_RAW_EXPORT,MARA,SELECT * FROM COLLINS_RAW.COL_RAW_EXPORT.MARA,207,/VSO/R_PAL_OVR_W,NUMBER,
MARA,col_raw_export,TABLE_OR_VIEW,COLLINS_RAW,COL_RAW_EXPORT,MARA,SELECT * FROM COLLINS_RAW.COL_RAW_EXPORT.MARA,208,/VSO/R_PAL_B_HT,NUMBER,
MARA,col_raw_export,TABLE_OR_VIEW,COLLINS_RAW,COL_RAW_EXPORT,MARA,SELECT * FROM COLLINS_RAW.COL_RAW_EXPORT.MARA,209,/VSO/R_PAL_MIN_H,NUMBER,
MARA,col_raw_export,TABLE_OR_VIEW,COLLINS_RAW,COL_RAW_EXPORT,MARA,SELECT * FROM COLLINS_RAW.COL_RAW_EXPORT.MARA,210,/VSO/R_TOL_B_HT,NUMBER,
MARA,col_raw_export,TABLE_OR_VIEW,COLLINS_RAW,COL_RAW_EXPORT,MARA,SELECT * FROM COLLINS_RAW.COL_RAW_EXPORT.MARA,211,/VSO/R_NO_P_GVH,TEXT,
MARA,col_raw_export,TABLE_OR_VIEW,COLLINS_RAW,COL_RAW_EXPORT,MARA,SELECT * FROM COLLINS_RAW.COL_RAW_EXPORT.MARA,212,/VSO/R_QUAN_UNIT,TEXT,
MARA,col_raw_export,TABLE_OR_VIEW,COLLINS_RAW,COL_RAW_EXPORT,MARA,SELECT * FROM COLLINS_RAW.COL_RAW_EXPORT.MARA,213,/VSO/R_KZGVH_IND,TEXT,
MARA,col_raw_export,TABLE_OR_VIEW,COLLINS_RAW,COL_RAW_EXPORT,MARA,SELECT * FROM COLLINS_RAW.COL_RAW_EXPORT.MARA,214,PACKCODE,TEXT,
MARA,col_raw_export,TABLE_OR_VIEW,COLLINS_RAW,COL_RAW_EXPORT,MARA,SELECT * FROM COLLINS_RAW.COL_RAW_EXPORT.MARA,215,DG_PACK_STATUS,TEXT,
MARA,col_raw_export,TABLE_OR_VIEW,COLLINS_RAW,COL_RAW_EXPORT,MARA,SELECT * FROM COLLINS_RAW.COL_RAW_EXPORT.MARA,216,MCOND,TEXT,
MARA,col_raw_export,TABLE_OR_VIEW,COLLINS_RAW,COL_RAW_EXPORT,MARA,SELECT * FROM COLLINS_RAW.COL_RAW_EXPORT.MARA,217,RETDELC,TEXT,
MARA,col_raw_export,TABLE_OR_VIEW,COLLINS_RAW,COL_RAW_EXPORT,MARA,SELECT * FROM COLLINS_RAW.COL_RAW_EXPORT.MARA,218,LOGLEV_RETO,TEXT,
MARA,col_raw_export,TABLE_OR_VIEW,COLLINS_RAW,COL_RAW_EXPORT,MARA,SELECT * FROM COLLINS_RAW.COL_RAW_EXPORT.MARA,219,NSNID,TEXT,
MARA,col_raw_export,TABLE_OR_VIEW,COLLINS_RAW,COL_RAW_EXPORT,MARA,SELECT * FROM COLLINS_RAW.COL_RAW_EXPORT.MARA,220,OVLPN,TEXT,
MARA,col_raw_export,TABLE_OR_VIEW,COLLINS_RAW,COL_RAW_EXPORT,MARA,SELECT * FROM COLLINS_RAW.COL_RAW_EXPORT.MARA,221,ADSPC_SPC,TEXT,
MARA,col_raw_export,TABLE_OR_VIEW,COLLINS_RAW,COL_RAW_EXPORT,MARA,SELECT * FROM COLLINS_RAW.COL_RAW_EXPORT.MARA,222,VARID,BINARY,
MARA,col_raw_export,TABLE_OR_VIEW,COLLINS_RAW,COL_RAW_EXPORT,MARA,SELECT * FROM COLLINS_RAW.COL_RAW_EXPORT.MARA,223,MSBOOKPARTNO,TEXT,
MARA,col_raw_export,TABLE_OR_VIEW,COLLINS_RAW,COL_RAW_EXPORT,MARA,SELECT * FROM COLLINS_RAW.COL_RAW_EXPORT.MARA,224,VTYPE,TEXT,
MARA,col_raw_export,TABLE_OR_VIEW,COLLINS_RAW,COL_RAW_EXPORT,MARA,SELECT * FROM COLLINS_RAW.COL_RAW_EXPORT.MARA,225,VCHNR,TEXT,
MARA,col_raw_export,TABLE_OR_VIEW,COLLINS_RAW,COL_RAW_EXPORT,MARA,SELECT * FROM COLLINS_RAW.COL_RAW_EXPORT.MARA,226,EVVAL,TEXT,
MARA,col_raw_export,TABLE_OR_VIEW,COLLINS_RAW,COL_RAW_EXPORT,MARA,SELECT * FROM COLLINS_RAW.COL_RAW_EXPORT.MARA,227,DVERS,TEXT,
MARA,col_raw_export,TABLE_OR_VIEW,COLLINS_RAW,COL_RAW_EXPORT,MARA,SELECT * FROM COLLINS_RAW.COL_RAW_EXPORT.MARA,228,DPCBT,TEXT,
MARA,col_raw_export,TABLE_OR_VIEW,COLLINS_RAW,COL_RAW_EXPORT,MARA,SELECT * FROM COLLINS_RAW.COL_RAW_EXPORT.MARA,229,XGRDT,TEXT,
MARA,col_raw_export,TABLE_OR_VIEW,COLLINS_RAW,COL_RAW_EXPORT,MARA,SELECT * FROM COLLINS_RAW.COL_RAW_EXPORT.MARA,230,IMATN,TEXT,
MARA,col_raw_export,TABLE_OR_VIEW,COLLINS_RAW,COL_RAW_EXPORT,MARA,SELECT * FROM COLLINS_RAW.COL_RAW_EXPORT.MARA,231,PICNUM,TEXT,
MARA,col_raw_export,TABLE_OR_VIEW,COLLINS_RAW,COL_RAW_EXPORT,MARA,SELECT * FROM COLLINS_RAW.COL_RAW_EXPORT.MARA,232,BSTAT,TEXT,
MARA,col_raw_export,TABLE_OR_VIEW,COLLINS_RAW,COL_RAW_EXPORT,MARA,SELECT * FROM COLLINS_RAW.COL_RAW_EXPORT.MARA,233,COLOR_ATINN,TEXT,
MARA,col_raw_export,TABLE_OR_VIEW,COLLINS_RAW,COL_RAW_EXPORT,MARA,SELECT * FROM COLLINS_RAW.COL_RAW_EXPORT.MARA,234,SIZE1_ATINN,TEXT,
MARA,col_raw_export,TABLE_OR_VIEW,COLLINS_RAW,COL_RAW_EXPORT,MARA,SELECT * FROM COLLINS_RAW.COL_RAW_EXPORT.MARA,235,SIZE2_ATINN,TEXT,
MARA,col_raw_export,TABLE_OR_VIEW,COLLINS_RAW,COL_RAW_EXPORT,MARA,SELECT * FROM COLLINS_RAW.COL_RAW_EXPORT.MARA,236,COLOR,TEXT,
MARA,col_raw_export,TABLE_OR_VIEW,COLLINS_RAW,COL_RAW_EXPORT,MARA,SELECT * FROM COLLINS_RAW.COL_RAW_EXPORT.MARA,237,SIZE1,TEXT,
MARA,col_raw_export,TABLE_OR_VIEW,COLLINS_RAW,COL_RAW_EXPORT,MARA,SELECT * FROM COLLINS_RAW.COL_RAW_EXPORT.MARA,238,SIZE2,TEXT,
MARA,col_raw_export,TABLE_OR_VIEW,COLLINS_RAW,COL_RAW_EXPORT,MARA,SELECT * FROM COLLINS_RAW.COL_RAW_EXPORT.MARA,239,FREE_CHAR,TEXT,
MARA,col_raw_export,TABLE_OR_VIEW,COLLINS_RAW,COL_RAW_EXPORT,MARA,SELECT * FROM COLLINS_RAW.COL_RAW_EXPORT.MARA,240,CARE_CODE,TEXT,
MARA,col_raw_export,TABLE_OR_VIEW,COLLINS_RAW,COL_RAW_EXPORT,MARA,SELECT * FROM COLLINS_RAW.COL_RAW_EXPORT.MARA,241,BRAND_ID,TEXT,
MARA,col_raw_export,TABLE_OR_VIEW,COLLINS_RAW,COL_RAW_EXPORT,MARA,SELECT * FROM COLLINS_RAW.COL_RAW_EXPORT.MARA,242,FIBER_CODE1,TEXT,
MARA,col_raw_export,TABLE_OR_VIEW,COLLINS_RAW,COL_RAW_EXPORT,MARA,SELECT * FROM COLLINS_RAW.COL_RAW_EXPORT.MARA,243,FIBER_PART1,TEXT,
MARA,col_raw_export,TABLE_OR_VIEW,COLLINS_RAW,COL_RAW_EXPORT,MARA,SELECT * FROM COLLINS_RAW.COL_RAW_EXPORT.MARA,244,FIBER_CODE2,TEXT,
MARA,col_raw_export,TABLE_OR_VIEW,COLLINS_RAW,COL_RAW_EXPORT,MARA,SELECT * FROM COLLINS_RAW.COL_RAW_EXPORT.MARA,245,FIBER_PART2,TEXT,
MARA,col_raw_export,TABLE_OR_VIEW,COLLINS_RAW,COL_RAW_EXPORT,MARA,SELECT * FROM COLLINS_RAW.COL_RAW_EXPORT.MARA,246,FIBER_CODE3,TEXT,
MARA,col_raw_export,TABLE_OR_VIEW,COLLINS_RAW,COL_RAW_EXPORT,MARA,SELECT * FROM COLLINS_RAW.COL_RAW_EXPORT.MARA,247,FIBER_PART3,TEXT,
MARA,col_raw_export,TABLE_OR_VIEW,COLLINS_RAW,COL_RAW_EXPORT,MARA,SELECT * FROM COLLINS_RAW.COL_RAW_EXPORT.MARA,248,FIBER_CODE4,TEXT,
MARA,col_raw_export,TABLE_OR_VIEW,COLLINS_RAW,COL_RAW_EXPORT,MARA,SELECT * FROM COLLINS_RAW.COL_RAW_EXPORT.MARA,249,FIBER_PART4,TEXT,
MARA,col_raw_export,TABLE_OR_VIEW,COLLINS_RAW,COL_RAW_EXPORT,MARA,SELECT * FROM COLLINS_RAW.COL_RAW_EXPORT.MARA,250,FIBER_CODE5,TEXT,
MARA,col_raw_export,TABLE_OR_VIEW,COLLINS_RAW,COL_RAW_EXPORT,MARA,SELECT * FROM COLLINS_RAW.COL_RAW_EXPORT.MARA,251,FIBER_PART5,TEXT,
MARA,col_raw_export,TABLE_OR_VIEW,COLLINS_RAW,COL_RAW_EXPORT,MARA,SELECT * FROM COLLINS_RAW.COL_RAW_EXPORT.MARA,252,FASHGRD,TEXT,
MARA,col_raw_export,TABLE_OR_VIEW,COLLINS_RAW,COL_RAW_EXPORT,MARA,SELECT * FROM COLLINS_RAW.COL_RAW_EXPORT.MARA,253,ZZSPAREIND,TEXT,
MARA,col_raw_export,TABLE_OR_VIEW,COLLINS_RAW,COL_RAW_EXPORT,MARA,SELECT * FROM COLLINS_RAW.COL_RAW_EXPORT.MARA,254,ZZEXPREP,TEXT,
MARA,col_raw_export,TABLE_OR_VIEW,COLLINS_RAW,COL_RAW_EXPORT,MARA,SELECT * FROM COLLINS_RAW.COL_RAW_EXPORT.MARA,255,ZZHANDING,TEXT,
MARA,col_raw_export,TABLE_OR_VIEW,COLLINS_RAW,COL_RAW_EXPORT,MARA,SELECT * FROM COLLINS_RAW.COL_RAW_EXPORT.MARA,256,ZZOUTOFPROD,TEXT,
MARA,col_raw_export,TABLE_OR_VIEW,COLLINS_RAW,COL_RAW_EXPORT,MARA,SELECT * FROM COLLINS_RAW.COL_RAW_EXPORT.MARA,257,ZZSWIP,TEXT,
MARA,col_raw_export,TABLE_OR_VIEW,COLLINS_RAW,COL_RAW_EXPORT,MARA,SELECT * FROM COLLINS_RAW.COL_RAW_EXPORT.MARA,258,ZZPMA,TEXT,
MARA,col_raw_export,TABLE_OR_VIEW,COLLINS_RAW,COL_RAW_EXPORT,MARA,SELECT * FROM COLLINS_RAW.COL_RAW_EXPORT.MARA,259,ZZFAA,TEXT,
MARA,col_raw_export,TABLE_OR_VIEW,COLLINS_RAW,COL_RAW_EXPORT,MARA,SELECT * FROM COLLINS_RAW.COL_RAW_EXPORT.MARA,260,ZZPRODCD,TEXT,
MARA,col_raw_export,TABLE_OR_VIEW,COLLINS_RAW,COL_RAW_EXPORT,MARA,SELECT * FROM COLLINS_RAW.COL_RAW_EXPORT.MARA,261,ZZORIGINDATE,TEXT,
MARA,col_raw_export,TABLE_OR_VIEW,COLLINS_RAW,COL_RAW_EXPORT,MARA,SELECT * FROM COLLINS_RAW.COL_RAW_EXPORT.MARA,262,ZZSPINDDATE,TEXT,
MARA,col_raw_export,TABLE_OR_VIEW,COLLINS_RAW,COL_RAW_EXPORT,MARA,SELECT * FROM COLLINS_RAW.COL_RAW_EXPORT.MARA,263,ZZGRCOMMCODE,TEXT,
MARA,col_raw_export,TABLE_OR_VIEW,COLLINS_RAW,COL_RAW_EXPORT,MARA,SELECT * FROM COLLINS_RAW.COL_RAW_EXPORT.MARA,264,ZZGRCCTEXT,TEXT,
MARA,col_raw_export,TABLE_OR_VIEW,COLLINS_RAW,COL_RAW_EXPORT,MARA,SELECT * FROM COLLINS_RAW.COL_RAW_EXPORT.MARA,265,ZZCAGECODE,TEXT,
MARA,col_raw_export,TABLE_OR_VIEW,COLLINS_RAW,COL_RAW_EXPORT,MARA,SELECT * FROM COLLINS_RAW.COL_RAW_EXPORT.MARA,266,ZZS2KCC,TEXT,
MARA,col_raw_export,TABLE_OR_VIEW,COLLINS_RAW,COL_RAW_EXPORT,MARA,SELECT * FROM COLLINS_RAW.COL_RAW_EXPORT.MARA,267,ZZNSN,TEXT,
MARA,col_raw_export,TABLE_OR_VIEW,COLLINS_RAW,COL_RAW_EXPORT,MARA,SELECT * FROM COLLINS_RAW.COL_RAW_EXPORT.MARA,268,ZZLIFELIMIT,TEXT,
MARA,col_raw_export,TABLE_OR_VIEW,COLLINS_RAW,COL_RAW_EXPORT,MARA,SELECT * FROM COLLINS_RAW.COL_RAW_EXPORT.MARA,269,ZZPDMECM,TEXT,
MARA,col_raw_export,TABLE_OR_VIEW,COLLINS_RAW,COL_RAW_EXPORT,MARA,SELECT * FROM COLLINS_RAW.COL_RAW_EXPORT.MARA,270,ZZCONTROL,TEXT,
MARA,col_raw_export,TABLE_OR_VIEW,COLLINS_RAW,COL_RAW_EXPORT,MARA,SELECT * FROM COLLINS_RAW.COL_RAW_EXPORT.MARA,271,ZZCRITCAT,TEXT,
MARA,col_raw_export,TABLE_OR_VIEW,COLLINS_RAW,COL_RAW_EXPORT,MARA,SELECT * FROM COLLINS_RAW.COL_RAW_EXPORT.MARA,272,ZZDA_GRP,TEXT,
MARA,col_raw_export,TABLE_OR_VIEW,COLLINS_RAW,COL_RAW_EXPORT,MARA,SELECT * FROM COLLINS_RAW.COL_RAW_EXPORT.MARA,273,ZZMM_ENG_PARTNO,TEXT,
MARA,col_raw_export,TABLE_OR_VIEW,COLLINS_RAW,COL_RAW_EXPORT,MARA,SELECT * FROM COLLINS_RAW.COL_RAW_EXPORT.MARA,274,ZZNAICS,TEXT,
MARA,col_raw_export,TABLE_OR_VIEW,COLLINS_RAW,COL_RAW_EXPORT,MARA,SELECT * FROM COLLINS_RAW.COL_RAW_EXPORT.MARA,275,ZZCID_COTS,TEXT,
MARA,col_raw_export,TABLE_OR_VIEW,COLLINS_RAW,COL_RAW_EXPORT,MARA,SELECT * FROM COLLINS_RAW.COL_RAW_EXPORT.MARA,276,ZZRR_TYPE,TEXT,
MARA,col_raw_export,TABLE_OR_VIEW,COLLINS_RAW,COL_RAW_EXPORT,MARA,SELECT * FROM COLLINS_RAW.COL_RAW_EXPORT.MARA,277,ZZRR_DESC,TEXT,
MARA,col_raw_export,TABLE_OR_VIEW,COLLINS_RAW,COL_RAW_EXPORT,MARA,SELECT * FROM COLLINS_RAW.COL_RAW_EXPORT.MARA,278,ZZBOM_EXPL_EXCL,TEXT,
MARA,col_raw_export,TABLE_OR_VIEW,COLLINS_RAW,COL_RAW_EXPORT,MARA,SELECT * FROM COLLINS_RAW.COL_RAW_EXPORT.MARA,279,REPL_CDC_DATE,TIMESTAMP_NTZ,
MARA,col_raw_export,TABLE_OR_VIEW,COLLINS_RAW,COL_RAW_EXPORT,MARA,SELECT * FROM COLLINS_RAW.COL_RAW_EXPORT.MARA,280,REPL_CDC_OPCODE,TEXT,
MARC,col_raw_export,TABLE_OR_VIEW,COLLINS_RAW,COL_RAW_EXPORT,MARC,SELECT * FROM COLLINS_RAW.COL_RAW_EXPORT.MARC,1,MANDT,TEXT,
MARC,col_raw_export,TABLE_OR_VIEW,COLLINS_RAW,COL_RAW_EXPORT,MARC,SELECT * FROM COLLINS_RAW.COL_RAW_EXPORT.MARC,2,MATNR,TEXT,
MARC,col_raw_export,TABLE_OR_VIEW,COLLINS_RAW,COL_RAW_EXPORT,MARC,SELECT * FROM COLLINS_RAW.COL_RAW_EXPORT.MARC,3,WERKS,TEXT,
MARC,col_raw_export,TABLE_OR_VIEW,COLLINS_RAW,COL_RAW_EXPORT,MARC,SELECT * FROM COLLINS_RAW.COL_RAW_EXPORT.MARC,4,PSTAT,TEXT,
MARC,col_raw_export,TABLE_OR_VIEW,COLLINS_RAW,COL_RAW_EXPORT,MARC,SELECT * FROM COLLINS_RAW.COL_RAW_EXPORT.MARC,5,LVORM,TEXT,
MARC,col_raw_export,TABLE_OR_VIEW,COLLINS_RAW,COL_RAW_EXPORT,MARC,SELECT * FROM COLLINS_RAW.COL_RAW_EXPORT.MARC,6,BWTTY,TEXT,
MARC,col_raw_export,TABLE_OR_VIEW,COLLINS_RAW,COL_RAW_EXPORT,MARC,SELECT * FROM COLLINS_RAW.COL_RAW_EXPORT.MARC,7,XCHAR,TEXT,
MARC,col_raw_export,TABLE_OR_VIEW,COLLINS_RAW,COL_RAW_EXPORT,MARC,SELECT * FROM COLLINS_RAW.COL_RAW_EXPORT.MARC,8,MMSTA,TEXT,
MARC,col_raw_export,TABLE_OR_VIEW,COLLINS_RAW,COL_RAW_EXPORT,MARC,SELECT * FROM COLLINS_RAW.COL_RAW_EXPORT.MARC,9,MMSTD,TEXT,
MARC,col_raw_export,TABLE_OR_VIEW,COLLINS_RAW,COL_RAW_EXPORT,MARC,SELECT * FROM COLLINS_RAW.COL_RAW_EXPORT.MARC,10,MAABC,TEXT,
MARC,col_raw_export,TABLE_OR_VIEW,COLLINS_RAW,COL_RAW_EXPORT,MARC,SELECT * FROM COLLINS_RAW.COL_RAW_EXPORT.MARC,11,KZKRI,TEXT,
MARC,col_raw_export,TABLE_OR_VIEW,COLLINS_RAW,COL_RAW_EXPORT,MARC,SELECT * FROM COLLINS_RAW.COL_RAW_EXPORT.MARC,12,EKGRP,TEXT,
MARC,col_raw_export,TABLE_OR_VIEW,COLLINS_RAW,COL_RAW_EXPORT,MARC,SELECT * FROM COLLINS_RAW.COL_RAW_EXPORT.MARC,13,AUSME,TEXT,
MARC,col_raw_export,TABLE_OR_VIEW,COLLINS_RAW,COL_RAW_EXPORT,MARC,SELECT * FROM COLLINS_RAW.COL_RAW_EXPORT.MARC,14,DISPR,TEXT,
MARC,col_raw_export,TABLE_OR_VIEW,COLLINS_RAW,COL_RAW_EXPORT,MARC,SELECT * FROM COLLINS_RAW.COL_RAW_EXPORT.MARC,15,DISMM,TEXT,
MARC,col_raw_export,TABLE_OR_VIEW,COLLINS_RAW,COL_RAW_EXPORT,MARC,SELECT * FROM COLLINS_RAW.COL_RAW_EXPORT.MARC,16,DISPO,TEXT,
MARC,col_raw_export,TABLE_OR_VIEW,COLLINS_RAW,COL_RAW_EXPORT,MARC,SELECT * FROM COLLINS_RAW.COL_RAW_EXPORT.MARC,17,KZDIE,TEXT,
MARC,col_raw_export,TABLE_OR_VIEW,COLLINS_RAW,COL_RAW_EXPORT,MARC,SELECT * FROM COLLINS_RAW.COL_RAW_EXPORT.MARC,18,PLIFZ,NUMBER,
MARC,col_raw_export,TABLE_OR_VIEW,COLLINS_RAW,COL_RAW_EXPORT,MARC,SELECT * FROM COLLINS_RAW.COL_RAW_EXPORT.MARC,19,WEBAZ,NUMBER,
MARC,col_raw_export,TABLE_OR_VIEW,COLLINS_RAW,COL_RAW_EXPORT,MARC,SELECT * FROM COLLINS_RAW.COL_RAW_EXPORT.MARC,20,PERKZ,TEXT,
MARC,col_raw_export,TABLE_OR_VIEW,COLLINS_RAW,COL_RAW_EXPORT,MARC,SELECT * FROM COLLINS_RAW.COL_RAW_EXPORT.MARC,21,AUSSS,NUMBER,
MARC,col_raw_export,TABLE_OR_VIEW,COLLINS_RAW,COL_RAW_EXPORT,MARC,SELECT * FROM COLLINS_RAW.COL_RAW_EXPORT.MARC,22,DISLS,TEXT,
MARC,col_raw_export,TABLE_OR_VIEW,COLLINS_RAW,COL_RAW_EXPORT,MARC,SELECT * FROM COLLINS_RAW.COL_RAW_EXPORT.MARC,23,BESKZ,TEXT,
MARC,col_raw_export,TABLE_OR_VIEW,COLLINS_RAW,COL_RAW_EXPORT,MARC,SELECT * FROM COLLINS_RAW.COL_RAW_EXPORT.MARC,24,SOBSL,TEXT,
MARC,col_raw_export,TABLE_OR_VIEW,COLLINS_RAW,COL_RAW_EXPORT,MARC,SELECT * FROM COLLINS_RAW.COL_RAW_EXPORT.MARC,25,MINBE,NUMBER,
MARC,col_raw_export,TABLE_OR_VIEW,COLLINS_RAW,COL_RAW_EXPORT,MARC,SELECT * FROM COLLINS_RAW.COL_RAW_EXPORT.MARC,26,EISBE,NUMBER,
MARC,col_raw_export,TABLE_OR_VIEW,COLLINS_RAW,COL_RAW_EXPORT,MARC,SELECT * FROM COLLINS_RAW.COL_RAW_EXPORT.MARC,27,BSTMI,NUMBER,
MARC,col_raw_export,TABLE_OR_VIEW,COLLINS_RAW,COL_RAW_EXPORT,MARC,SELECT * FROM COLLINS_RAW.COL_RAW_EXPORT.MARC,28,BSTMA,NUMBER,
MARC,col_raw_export,TABLE_OR_VIEW,COLLINS_RAW,COL_RAW_EXPORT,MARC,SELECT * FROM COLLINS_RAW.COL_RAW_EXPORT.MARC,29,BSTFE,NUMBER,
MARC,col_raw_export,TABLE_OR_VIEW,COLLINS_RAW,COL_RAW_EXPORT,MARC,SELECT * FROM COLLINS_RAW.COL_RAW_EXPORT.MARC,30,BSTRF,NUMBER,
MARC,col_raw_export,TABLE_OR_VIEW,COLLINS_RAW,COL_RAW_EXPORT,MARC,SELECT * FROM COLLINS_RAW.COL_RAW_EXPORT.MARC,31,MABST,NUMBER,
MARC,col_raw_export,TABLE_OR_VIEW,COLLINS_RAW,COL_RAW_EXPORT,MARC,SELECT * FROM COLLINS_RAW.COL_RAW_EXPORT.MARC,32,LOSFX,NUMBER,
MARC,col_raw_export,TABLE_OR_VIEW,COLLINS_RAW,COL_RAW_EXPORT,MARC,SELECT * FROM COLLINS_RAW.COL_RAW_EXPORT.MARC,33,SBDKZ,TEXT,
MARC,col_raw_export,TABLE_OR_VIEW,COLLINS_RAW,COL_RAW_EXPORT,MARC,SELECT * FROM COLLINS_RAW.COL_RAW_EXPORT.MARC,34,LAGPR,TEXT,
MARC,col_raw_export,TABLE_OR_VIEW,COLLINS_RAW,COL_RAW_EXPORT,MARC,SELECT * FROM COLLINS_RAW.COL_RAW_EXPORT.MARC,35,ALTSL,TEXT,
MARC,col_raw_export,TABLE_OR_VIEW,COLLINS_RAW,COL_RAW_EXPORT,MARC,SELECT * FROM COLLINS_RAW.COL_RAW_EXPORT.MARC,36,KZAUS,TEXT,
MARC,col_raw_export,TABLE_OR_VIEW,COLLINS_RAW,COL_RAW_EXPORT,MARC,SELECT * FROM COLLINS_RAW.COL_RAW_EXPORT.MARC,37,AUSDT,TEXT,
MARC,col_raw_export,TABLE_OR_VIEW,COLLINS_RAW,COL_RAW_EXPORT,MARC,SELECT * FROM COLLINS_RAW.COL_RAW_EXPORT.MARC,38,NFMAT,TEXT,
MARC,col_raw_export,TABLE_OR_VIEW,COLLINS_RAW,COL_RAW_EXPORT,MARC,SELECT * FROM COLLINS_RAW.COL_RAW_EXPORT.MARC,39,KZBED,TEXT,
MARC,col_raw_export,TABLE_OR_VIEW,COLLINS_RAW,COL_RAW_EXPORT,MARC,SELECT * FROM COLLINS_RAW.COL_RAW_EXPORT.MARC,40,MISKZ,TEXT,
MARC,col_raw_export,TABLE_OR_VIEW,COLLINS_RAW,COL_RAW_EXPORT,MARC,SELECT * FROM COLLINS_RAW.COL_RAW_EXPORT.MARC,41,FHORI,TEXT,
MARC,col_raw_export,TABLE_OR_VIEW,COLLINS_RAW,COL_RAW_EXPORT,MARC,SELECT * FROM COLLINS_RAW.COL_RAW_EXPORT.MARC,42,PFREI,TEXT,
MARC,col_raw_export,TABLE_OR_VIEW,COLLINS_RAW,COL_RAW_EXPORT,MARC,SELECT * FROM COLLINS_RAW.COL_RAW_EXPORT.MARC,43,FFREI,TEXT,
MARC,col_raw_export,TABLE_OR_VIEW,COLLINS_RAW,COL_RAW_EXPORT,MARC,SELECT * FROM COLLINS_RAW.COL_RAW_EXPORT.MARC,44,RGEKZ,TEXT,
MARC,col_raw_export,TABLE_OR_VIEW,COLLINS_RAW,COL_RAW_EXPORT,MARC,SELECT * FROM COLLINS_RAW.COL_RAW_EXPORT.MARC,45,FEVOR,TEXT,
MARC,col_raw_export,TABLE_OR_VIEW,COLLINS_RAW,COL_RAW_EXPORT,MARC,SELECT * FROM COLLINS_RAW.COL_RAW_EXPORT.MARC,46,BEARZ,NUMBER,
MARC,col_raw_export,TABLE_OR_VIEW,COLLINS_RAW,COL_RAW_EXPORT,MARC,SELECT * FROM COLLINS_RAW.COL_RAW_EXPORT.MARC,47,RUEZT,NUMBER,
MARC,col_raw_export,TABLE_OR_VIEW,COLLINS_RAW,COL_RAW_EXPORT,MARC,SELECT * FROM COLLINS_RAW.COL_RAW_EXPORT.MARC,48,TRANZ,NUMBER,
MARC,col_raw_export,TABLE_OR_VIEW,COLLINS_RAW,COL_RAW_EXPORT,MARC,SELECT * FROM COLLINS_RAW.COL_RAW_EXPORT.MARC,49,BASMG,NUMBER,
MARC,col_raw_export,TABLE_OR_VIEW,COLLINS_RAW,COL_RAW_EXPORT,MARC,SELECT * FROM COLLINS_RAW.COL_RAW_EXPORT.MARC,50,DZEIT,NUMBER,
MARC,col_raw_export,TABLE_OR_VIEW,COLLINS_RAW,COL_RAW_EXPORT,MARC,SELECT * FROM COLLINS_RAW.COL_RAW_EXPORT.MARC,51,MAXLZ,NUMBER,
MARC,col_raw_export,TABLE_OR_VIEW,COLLINS_RAW,COL_RAW_EXPORT,MARC,SELECT * FROM COLLINS_RAW.COL_RAW_EXPORT.MARC,52,LZEIH,TEXT,
MARC,col_raw_export,TABLE_OR_VIEW,COLLINS_RAW,COL_RAW_EXPORT,MARC,SELECT * FROM COLLINS_RAW.COL_RAW_EXPORT.MARC,53,KZPRO,TEXT,
MARC,col_raw_export,TABLE_OR_VIEW,COLLINS_RAW,COL_RAW_EXPORT,MARC,SELECT * FROM COLLINS_RAW.COL_RAW_EXPORT.MARC,54,GPMKZ,TEXT,
MARC,col_raw_export,TABLE_OR_VIEW,COLLINS_RAW,COL_RAW_EXPORT,MARC,SELECT * FROM COLLINS_RAW.COL_RAW_EXPORT.MARC,55,UEETO,NUMBER,
MARC,col_raw_export,TABLE_OR_VIEW,COLLINS_RAW,COL_RAW_EXPORT,MARC,SELECT * FROM COLLINS_RAW.COL_RAW_EXPORT.MARC,56,UEETK,TEXT,
MARC,col_raw_export,TABLE_OR_VIEW,COLLINS_RAW,COL_RAW_EXPORT,MARC,SELECT * FROM COLLINS_RAW.COL_RAW_EXPORT.MARC,57,UNETO,NUMBER,
MARC,col_raw_export,TABLE_OR_VIEW,COLLINS_RAW,COL_RAW_EXPORT,MARC,SELECT * FROM COLLINS_RAW.COL_RAW_EXPORT.MARC,58,WZEIT,NUMBER,
MARC,col_raw_export,TABLE_OR_VIEW,COLLINS_RAW,COL_RAW_EXPORT,MARC,SELECT * FROM COLLINS_RAW.COL_RAW_EXPORT.MARC,59,ATPKZ,TEXT,
MARC,col_raw_export,TABLE_OR_VIEW,COLLINS_RAW,COL_RAW_EXPORT,MARC,SELECT * FROM COLLINS_RAW.COL_RAW_EXPORT.MARC,60,VZUSL,NUMBER,
MARC,col_raw_export,TABLE_OR_VIEW,COLLINS_RAW,COL_RAW_EXPORT,MARC,SELECT * FROM COLLINS_RAW.COL_RAW_EXPORT.MARC,61,HERBL,TEXT,
MARC,col_raw_export,TABLE_OR_VIEW,COLLINS_RAW,COL_RAW_EXPORT,MARC,SELECT * FROM COLLINS_RAW.COL_RAW_EXPORT.MARC,62,INSMK,TEXT,
MARC,col_raw_export,TABLE_OR_VIEW,COLLINS_RAW,COL_RAW_EXPORT,MARC,SELECT * FROM COLLINS_RAW.COL_RAW_EXPORT.MARC,63,SPROZ,NUMBER,
MARC,col_raw_export,TABLE_OR_VIEW,COLLINS_RAW,COL_RAW_EXPORT,MARC,SELECT * FROM COLLINS_RAW.COL_RAW_EXPORT.MARC,64,QUAZT,NUMBER,
MARC,col_raw_export,TABLE_OR_VIEW,COLLINS_RAW,COL_RAW_EXPORT,MARC,SELECT * FROM COLLINS_RAW.COL_RAW_EXPORT.MARC,65,SSQSS,TEXT,
MARC,col_raw_export,TABLE_OR_VIEW,COLLINS_RAW,COL_RAW_EXPORT,MARC,SELECT * FROM COLLINS_RAW.COL_RAW_EXPORT.MARC,66,MPDAU,NUMBER,
MARC,col_raw_export,TABLE_OR_VIEW,COLLINS_RAW,COL_RAW_EXPORT,MARC,SELECT * FROM COLLINS_RAW.COL_RAW_EXPORT.MARC,67,KZPPV,TEXT,
MARC,col_raw_export,TABLE_OR_VIEW,COLLINS_RAW,COL_RAW_EXPORT,MARC,SELECT * FROM COLLINS_RAW.COL_RAW_EXPORT.MARC,68,KZDKZ,TEXT,
MARC,col_raw_export,TABLE_OR_VIEW,COLLINS_RAW,COL_RAW_EXPORT,MARC,SELECT * FROM COLLINS_RAW.COL_RAW_EXPORT.MARC,69,WSTGH,NUMBER,
MARC,col_raw_export,TABLE_OR_VIEW,COLLINS_RAW,COL_RAW_EXPORT,MARC,SELECT * FROM COLLINS_RAW.COL_RAW_EXPORT.MARC,70,PRFRQ,NUMBER,
MARC,col_raw_export,TABLE_OR_VIEW,COLLINS_RAW,COL_RAW_EXPORT,MARC,SELECT * FROM COLLINS_RAW.COL_RAW_EXPORT.MARC,71,NKMPR,TEXT,
MARC,col_raw_export,TABLE_OR_VIEW,COLLINS_RAW,COL_RAW_EXPORT,MARC,SELECT * FROM COLLINS_RAW.COL_RAW_EXPORT.MARC,72,UMLMC,NUMBER,
MARC,col_raw_export,TABLE_OR_VIEW,COLLINS_RAW,COL_RAW_EXPORT,MARC,SELECT * FROM COLLINS_RAW.COL_RAW_EXPORT.MARC,73,LADGR,TEXT,
MARC,col_raw_export,TABLE_OR_VIEW,COLLINS_RAW,COL_RAW_EXPORT,MARC,SELECT * FROM COLLINS_RAW.COL_RAW_EXPORT.MARC,74,XCHPF,TEXT,
MARC,col_raw_export,TABLE_OR_VIEW,COLLINS_RAW,COL_RAW_EXPORT,MARC,SELECT * FROM COLLINS_RAW.COL_RAW_EXPORT.MARC,75,USEQU,TEXT,
MARC,col_raw_export,TABLE_OR_VIEW,COLLINS_RAW,COL_RAW_EXPORT,MARC,SELECT * FROM COLLINS_RAW.COL_RAW_EXPORT.MARC,76,LGRAD,NUMBER,
MARC,col_raw_export,TABLE_OR_VIEW,COLLINS_RAW,COL_RAW_EXPORT,MARC,SELECT * FROM COLLINS_RAW.COL_RAW_EXPORT.MARC,77,AUFTL,TEXT,
MARC,col_raw_export,TABLE_OR_VIEW,COLLINS_RAW,COL_RAW_EXPORT,MARC,SELECT * FROM COLLINS_RAW.COL_RAW_EXPORT.MARC,78,PLVAR,TEXT,
MARC,col_raw_export,TABLE_OR_VIEW,COLLINS_RAW,COL_RAW_EXPORT,MARC,SELECT * FROM COLLINS_RAW.COL_RAW_EXPORT.MARC,79,OTYPE,TEXT,
MARC,col_raw_export,TABLE_OR_VIEW,COLLINS_RAW,COL_RAW_EXPORT,MARC,SELECT * FROM COLLINS_RAW.COL_RAW_EXPORT.MARC,80,OBJID,TEXT,
MARC,col_raw_export,TABLE_OR_VIEW,COLLINS_RAW,COL_RAW_EXPORT,MARC,SELECT * FROM COLLINS_RAW.COL_RAW_EXPORT.MARC,81,MTVFP,TEXT,
MARC,col_raw_export,TABLE_OR_VIEW,COLLINS_RAW,COL_RAW_EXPORT,MARC,SELECT * FROM COLLINS_RAW.COL_RAW_EXPORT.MARC,82,PERIV,TEXT,
MARC,col_raw_export,TABLE_OR_VIEW,COLLINS_RAW,COL_RAW_EXPORT,MARC,SELECT * FROM COLLINS_RAW.COL_RAW_EXPORT.MARC,83,KZKFK,TEXT,
MARC,col_raw_export,TABLE_OR_VIEW,COLLINS_RAW,COL_RAW_EXPORT,MARC,SELECT * FROM COLLINS_RAW.COL_RAW_EXPORT.MARC,84,VRVEZ,NUMBER,
MARC,col_raw_export,TABLE_OR_VIEW,COLLINS_RAW,COL_RAW_EXPORT,MARC,SELECT * FROM COLLINS_RAW.COL_RAW_EXPORT.MARC,85,VBAMG,NUMBER,
MARC,col_raw_export,TABLE_OR_VIEW,COLLINS_RAW,COL_RAW_EXPORT,MARC,SELECT * FROM COLLINS_RAW.COL_RAW_EXPORT.MARC,86,VBEAZ,NUMBER,
MARC,col_raw_export,TABLE_OR_VIEW,COLLINS_RAW,COL_RAW_EXPORT,MARC,SELECT * FROM COLLINS_RAW.COL_RAW_EXPORT.MARC,87,LIZYK,TEXT,
MARC,col_raw_export,TABLE_OR_VIEW,COLLINS_RAW,COL_RAW_EXPORT,MARC,SELECT * FROM COLLINS_RAW.COL_RAW_EXPORT.MARC,88,BWSCL,TEXT,
MARC,col_raw_export,TABLE_OR_VIEW,COLLINS_RAW,COL_RAW_EXPORT,MARC,SELECT * FROM COLLINS_RAW.COL_RAW_EXPORT.MARC,89,KAUTB,TEXT,
MARC,col_raw_export,TABLE_OR_VIEW,COLLINS_RAW,COL_RAW_EXPORT,MARC,SELECT * FROM COLLINS_RAW.COL_RAW_EXPORT.MARC,90,KORDB,TEXT,
MARC,col_raw_export,TABLE_OR_VIEW,COLLINS_RAW,COL_RAW_EXPORT,MARC,SELECT * FROM COLLINS_RAW.COL_RAW_EXPORT.MARC,91,STAWN,TEXT,
MARC,col_raw_export,TABLE_OR_VIEW,COLLINS_RAW,COL_RAW_EXPORT,MARC,SELECT * FROM COLLINS_RAW.COL_RAW_EXPORT.MARC,92,HERKL,TEXT,
MARC,col_raw_export,TABLE_OR_VIEW,COLLINS_RAW,COL_RAW_EXPORT,MARC,SELECT * FROM COLLINS_RAW.COL_RAW_EXPORT.MARC,93,HERKR,TEXT,
MARC,col_raw_export,TABLE_OR_VIEW,COLLINS_RAW,COL_RAW_EXPORT,MARC,SELECT * FROM COLLINS_RAW.COL_RAW_EXPORT.MARC,94,EXPME,TEXT,
MARC,col_raw_export,TABLE_OR_VIEW,COLLINS_RAW,COL_RAW_EXPORT,MARC,SELECT * FROM COLLINS_RAW.COL_RAW_EXPORT.MARC,95,MTVER,TEXT,
MARC,col_raw_export,TABLE_OR_VIEW,COLLINS_RAW,COL_RAW_EXPORT,MARC,SELECT * FROM COLLINS_RAW.COL_RAW_EXPORT.MARC,96,PRCTR,TEXT,
MARC,col_raw_export,TABLE_OR_VIEW,COLLINS_RAW,COL_RAW_EXPORT,MARC,SELECT * FROM COLLINS_RAW.COL_RAW_EXPORT.MARC,97,TRAME,NUMBER,
MARC,col_raw_export,TABLE_OR_VIEW,COLLINS_RAW,COL_RAW_EXPORT,MARC,SELECT * FROM COLLINS_RAW.COL_RAW_EXPORT.MARC,98,MRPPP,TEXT,
MARC,col_raw_export,TABLE_OR_VIEW,COLLINS_RAW,COL_RAW_EXPORT,MARC,SELECT * FROM COLLINS_RAW.COL_RAW_EXPORT.MARC,99,SAUFT,TEXT,
MARC,col_raw_export,TABLE_OR_VIEW,COLLINS_RAW,COL_RAW_EXPORT,MARC,SELECT * FROM COLLINS_RAW.COL_RAW_EXPORT.MARC,100,FXHOR,TEXT,
MARC,col_raw_export,TABLE_OR_VIEW,COLLINS_RAW,COL_RAW_EXPORT,MARC,SELECT * FROM COLLINS_RAW.COL_RAW_EXPORT.MARC,101,VRMOD,TEXT,
MARC,col_raw_export,TABLE_OR_VIEW,COLLINS_RAW,COL_RAW_EXPORT,MARC,SELECT * FROM COLLINS_RAW.COL_RAW_EXPORT.MARC,102,VINT1,TEXT,
MARC,col_raw_export,TABLE_OR_VIEW,COLLINS_RAW,COL_RAW_EXPORT,MARC,SELECT * FROM COLLINS_RAW.COL_RAW_EXPORT.MARC,103,VINT2,TEXT,
MARC,col_raw_export,TABLE_OR_VIEW,COLLINS_RAW,COL_RAW_EXPORT,MARC,SELECT * FROM COLLINS_RAW.COL_RAW_EXPORT.MARC,104,VERKZ,TEXT,
MARC,col_raw_export,TABLE_OR_VIEW,COLLINS_RAW,COL_RAW_EXPORT,MARC,SELECT * FROM COLLINS_RAW.COL_RAW_EXPORT.MARC,105,STLAL,TEXT,
MARC,col_raw_export,TABLE_OR_VIEW,COLLINS_RAW,COL_RAW_EXPORT,MARC,SELECT * FROM COLLINS_RAW.COL_RAW_EXPORT.MARC,106,STLAN,TEXT,
MARC,col_raw_export,TABLE_OR_VIEW,COLLINS_RAW,COL_RAW_EXPORT,MARC,SELECT * FROM COLLINS_RAW.COL_RAW_EXPORT.MARC,107,PLNNR,TEXT,
MARC,col_raw_export,TABLE_OR_VIEW,COLLINS_RAW,COL_RAW_EXPORT,MARC,SELECT * FROM COLLINS_RAW.COL_RAW_EXPORT.MARC,108,APLAL,TEXT,
MARC,col_raw_export,TABLE_OR_VIEW,COLLINS_RAW,COL_RAW_EXPORT,MARC,SELECT * FROM COLLINS_RAW.COL_RAW_EXPORT.MARC,109,LOSGR,NUMBER,
MARC,col_raw_export,TABLE_OR_VIEW,COLLINS_RAW,COL_RAW_EXPORT,MARC,SELECT * FROM COLLINS_RAW.COL_RAW_EXPORT.MARC,110,SOBSK,TEXT,
MARC,col_raw_export,TABLE_OR_VIEW,COLLINS_RAW,COL_RAW_EXPORT,MARC,SELECT * FROM COLLINS_RAW.COL_RAW_EXPORT.MARC,111,FRTME,TEXT,
MARC,col_raw_export,TABLE_OR_VIEW,COLLINS_RAW,COL_RAW_EXPORT,MARC,SELECT * FROM COLLINS_RAW.COL_RAW_EXPORT.MARC,112,LGPRO,TEXT,
MARC,col_raw_export,TABLE_OR_VIEW,COLLINS_RAW,COL_RAW_EXPORT,MARC,SELECT * FROM COLLINS_RAW.COL_RAW_EXPORT.MARC,113,DISGR,TEXT,
MARC,col_raw_export,TABLE_OR_VIEW,COLLINS_RAW,COL_RAW_EXPORT,MARC,SELECT * FROM COLLINS_RAW.COL_RAW_EXPORT.MARC,114,KAUSF,NUMBER,
MARC,col_raw_export,TABLE_OR_VIEW,COLLINS_RAW,COL_RAW_EXPORT,MARC,SELECT * FROM COLLINS_RAW.COL_RAW_EXPORT.MARC,115,QZGTP,TEXT,
MARC,col_raw_export,TABLE_OR_VIEW,COLLINS_RAW,COL_RAW_EXPORT,MARC,SELECT * FROM COLLINS_RAW.COL_RAW_EXPORT.MARC,116,QMATV,TEXT,
MARC,col_raw_export,TABLE_OR_VIEW,COLLINS_RAW,COL_RAW_EXPORT,MARC,SELECT * FROM COLLINS_RAW.COL_RAW_EXPORT.MARC,117,TAKZT,NUMBER,
MARC,col_raw_export,TABLE_OR_VIEW,COLLINS_RAW,COL_RAW_EXPORT,MARC,SELECT * FROM COLLINS_RAW.COL_RAW_EXPORT.MARC,118,RWPRO,TEXT,
MARC,col_raw_export,TABLE_OR_VIEW,COLLINS_RAW,COL_RAW_EXPORT,MARC,SELECT * FROM COLLINS_RAW.COL_RAW_EXPORT.MARC,119,COPAM,TEXT,
MARC,col_raw_export,TABLE_OR_VIEW,COLLINS_RAW,COL_RAW_EXPORT,MARC,SELECT * FROM COLLINS_RAW.COL_RAW_EXPORT.MARC,120,ABCIN,TEXT,
MARC,col_raw_export,TABLE_OR_VIEW,COLLINS_RAW,COL_RAW_EXPORT,MARC,SELECT * FROM COLLINS_RAW.COL_RAW_EXPORT.MARC,121,AWSLS,TEXT,
MARC,col_raw_export,TABLE_OR_VIEW,COLLINS_RAW,COL_RAW_EXPORT,MARC,SELECT * FROM COLLINS_RAW.COL_RAW_EXPORT.MARC,122,SERNP,TEXT,
MARC,col_raw_export,TABLE_OR_VIEW,COLLINS_RAW,COL_RAW_EXPORT,MARC,SELECT * FROM COLLINS_RAW.COL_RAW_EXPORT.MARC,123,CUOBJ,TEXT,
MARC,col_raw_export,TABLE_OR_VIEW,COLLINS_RAW,COL_RAW_EXPORT,MARC,SELECT * FROM COLLINS_RAW.COL_RAW_EXPORT.MARC,124,STDPD,TEXT,
MARC,col_raw_export,TABLE_OR_VIEW,COLLINS_RAW,COL_RAW_EXPORT,MARC,SELECT * FROM COLLINS_RAW.COL_RAW_EXPORT.MARC,125,SFEPR,TEXT,
MARC,col_raw_export,TABLE_OR_VIEW,COLLINS_RAW,COL_RAW_EXPORT,MARC,SELECT * FROM COLLINS_RAW.COL_RAW_EXPORT.MARC,126,XMCNG,TEXT,
MARC,col_raw_export,TABLE_OR_VIEW,COLLINS_RAW,COL_RAW_EXPORT,MARC,SELECT * FROM COLLINS_RAW.COL_RAW_EXPORT.MARC,127,QSSYS,TEXT,
MARC,col_raw_export,TABLE_OR_VIEW,COLLINS_RAW,COL_RAW_EXPORT,MARC,SELECT * FROM COLLINS_RAW.COL_RAW_EXPORT.MARC,128,LFRHY,TEXT,
MARC,col_raw_export,TABLE_OR_VIEW,COLLINS_RAW,COL_RAW_EXPORT,MARC,SELECT * FROM COLLINS_RAW.COL_RAW_EXPORT.MARC,129,RDPRF,TEXT,
MARC,col_raw_export,TABLE_OR_VIEW,COLLINS_RAW,COL_RAW_EXPORT,MARC,SELECT * FROM COLLINS_RAW.COL_RAW_EXPORT.MARC,130,VRBMT,TEXT,
MARC,col_raw_export,TABLE_OR_VIEW,COLLINS_RAW,COL_RAW_EXPORT,MARC,SELECT * FROM COLLINS_RAW.COL_RAW_EXPORT.MARC,131,VRBWK,TEXT,
MARC,col_raw_export,TABLE_OR_VIEW,COLLINS_RAW,COL_RAW_EXPORT,MARC,SELECT * FROM COLLINS_RAW.COL_RAW_EXPORT.MARC,132,VRBDT,TEXT,
MARC,col_raw_export,TABLE_OR_VIEW,COLLINS_RAW,COL_RAW_EXPORT,MARC,SELECT * FROM COLLINS_RAW.COL_RAW_EXPORT.MARC,133,VRBFK,NUMBER,
MARC,col_raw_export,TABLE_OR_VIEW,COLLINS_RAW,COL_RAW_EXPORT,MARC,SELECT * FROM COLLINS_RAW.COL_RAW_EXPORT.MARC,134,AUTRU,TEXT,
MARC,col_raw_export,TABLE_OR_VIEW,COLLINS_RAW,COL_RAW_EXPORT,MARC,SELECT * FROM COLLINS_RAW.COL_RAW_EXPORT.MARC,135,PREFE,TEXT,
MARC,col_raw_export,TABLE_OR_VIEW,COLLINS_RAW,COL_RAW_EXPORT,MARC,SELECT * FROM COLLINS_RAW.COL_RAW_EXPORT.MARC,136,PRENC,TEXT,
MARC,col_raw_export,TABLE_OR_VIEW,COLLINS_RAW,COL_RAW_EXPORT,MARC,SELECT * FROM COLLINS_RAW.COL_RAW_EXPORT.MARC,137,PRENO,TEXT,
MARC,col_raw_export,TABLE_OR_VIEW,COLLINS_RAW,COL_RAW_EXPORT,MARC,SELECT * FROM COLLINS_RAW.COL_RAW_EXPORT.MARC,138,PREND,TEXT,
MARC,col_raw_export,TABLE_OR_VIEW,COLLINS_RAW,COL_RAW_EXPORT,MARC,SELECT * FROM COLLINS_RAW.COL_RAW_EXPORT.MARC,139,PRENE,TEXT,
MARC,col_raw_export,TABLE_OR_VIEW,COLLINS_RAW,COL_RAW_EXPORT,MARC,SELECT * FROM COLLINS_RAW.COL_RAW_EXPORT.MARC,140,PRENG,TEXT,
MARC,col_raw_export,TABLE_OR_VIEW,COLLINS_RAW,COL_RAW_EXPORT,MARC,SELECT * FROM COLLINS_RAW.COL_RAW_EXPORT.MARC,141,ITARK,TEXT,
MARC,col_raw_export,TABLE_OR_VIEW,COLLINS_RAW,COL_RAW_EXPORT,MARC,SELECT * FROM COLLINS_RAW.COL_RAW_EXPORT.MARC,142,SERVG,TEXT,
MARC,col_raw_export,TABLE_OR_VIEW,COLLINS_RAW,COL_RAW_EXPORT,MARC,SELECT * FROM COLLINS_RAW.COL_RAW_EXPORT.MARC,143,KZKUP,TEXT,
MARC,col_raw_export,TABLE_OR_VIEW,COLLINS_RAW,COL_RAW_EXPORT,MARC,SELECT * FROM COLLINS_RAW.COL_RAW_EXPORT.MARC,144,STRGR,TEXT,
MARC,col_raw_export,TABLE_OR_VIEW,COLLINS_RAW,COL_RAW_EXPORT,MARC,SELECT * FROM COLLINS_RAW.COL_RAW_EXPORT.MARC,145,CUOBV,TEXT,
MARC,col_raw_export,TABLE_OR_VIEW,COLLINS_RAW,COL_RAW_EXPORT,MARC,SELECT * FROM COLLINS_RAW.COL_RAW_EXPORT.MARC,146,LGFSB,TEXT,
MARC,col_raw_export,TABLE_OR_VIEW,COLLINS_RAW,COL_RAW_EXPORT,MARC,SELECT * FROM COLLINS_RAW.COL_RAW_EXPORT.MARC,147,SCHGT,TEXT,
MARC,col_raw_export,TABLE_OR_VIEW,COLLINS_RAW,COL_RAW_EXPORT,MARC,SELECT * FROM COLLINS_RAW.COL_RAW_EXPORT.MARC,148,CCFIX,TEXT,
MARC,col_raw_export,TABLE_OR_VIEW,COLLINS_RAW,COL_RAW_EXPORT,MARC,SELECT * FROM COLLINS_RAW.COL_RAW_EXPORT.MARC,149,EPRIO,TEXT,
MARC,col_raw_export,TABLE_OR_VIEW,COLLINS_RAW,COL_RAW_EXPORT,MARC,SELECT * FROM COLLINS_RAW.COL_RAW_EXPORT.MARC,150,QMATA,TEXT,
MARC,col_raw_export,TABLE_OR_VIEW,COLLINS_RAW,COL_RAW_EXPORT,MARC,SELECT * FROM COLLINS_RAW.COL_RAW_EXPORT.MARC,151,RESVP,NUMBER,
MARC,col_raw_export,TABLE_OR_VIEW,COLLINS_RAW,COL_RAW_EXPORT,MARC,SELECT * FROM COLLINS_RAW.COL_RAW_EXPORT.MARC,152,PLNTY,TEXT,
MARC,col_raw_export,TABLE_OR_VIEW,COLLINS_RAW,COL_RAW_EXPORT,MARC,SELECT * FROM COLLINS_RAW.COL_RAW_EXPORT.MARC,153,UOMGR,TEXT,
MARC,col_raw_export,TABLE_OR_VIEW,COLLINS_RAW,COL_RAW_EXPORT,MARC,SELECT * FROM COLLINS_RAW.COL_RAW_EXPORT.MARC,154,UMRSL,TEXT,
MARC,col_raw_export,TABLE_OR_VIEW,COLLINS_RAW,COL_RAW_EXPORT,MARC,SELECT * FROM COLLINS_RAW.COL_RAW_EXPORT.MARC,155,ABFAC,NUMBER,
MARC,col_raw_export,TABLE_OR_VIEW,COLLINS_RAW,COL_RAW_EXPORT,MARC,SELECT * FROM COLLINS_RAW.COL_RAW_EXPORT.MARC,156,SFCPF,TEXT,
MARC,col_raw_export,TABLE_OR_VIEW,COLLINS_RAW,COL_RAW_EXPORT,MARC,SELECT * FROM COLLINS_RAW.COL_RAW_EXPORT.MARC,157,SHFLG,TEXT,
MARC,col_raw_export,TABLE_OR_VIEW,COLLINS_RAW,COL_RAW_EXPORT,MARC,SELECT * FROM COLLINS_RAW.COL_RAW_EXPORT.MARC,158,SHZET,TEXT,
MARC,col_raw_export,TABLE_OR_VIEW,COLLINS_RAW,COL_RAW_EXPORT,MARC,SELECT * FROM COLLINS_RAW.COL_RAW_EXPORT.MARC,159,MDACH,TEXT,
MARC,col_raw_export,TABLE_OR_VIEW,COLLINS_RAW,COL_RAW_EXPORT,MARC,SELECT * FROM COLLINS_RAW.COL_RAW_EXPORT.MARC,160,KZECH,TEXT,
MARC,col_raw_export,TABLE_OR_VIEW,COLLINS_RAW,COL_RAW_EXPORT,MARC,SELECT * FROM COLLINS_RAW.COL_RAW_EXPORT.MARC,161,MEGRU,TEXT,
MARC,col_raw_export,TABLE_OR_VIEW,COLLINS_RAW,COL_RAW_EXPORT,MARC,SELECT * FROM COLLINS_RAW.COL_RAW_EXPORT.MARC,162,MFRGR,TEXT,
MARC,col_raw_export,TABLE_OR_VIEW,COLLINS_RAW,COL_RAW_EXPORT,MARC,SELECT * FROM COLLINS_RAW.COL_RAW_EXPORT.MARC,163,PROFIL,TEXT,
MARC,col_raw_export,TABLE_OR_VIEW,COLLINS_RAW,COL_RAW_EXPORT,MARC,SELECT * FROM COLLINS_RAW.COL_RAW_EXPORT.MARC,164,VERS_CSEG,TEXT,
MARC,col_raw_export,TABLE_OR_VIEW,COLLINS_RAW,COL_RAW_EXPORT,MARC,SELECT * FROM COLLINS_RAW.COL_RAW_EXPORT.MARC,165,VERS_ACTIVE,TEXT,
MARC,col_raw_export,TABLE_OR_VIEW,COLLINS_RAW,COL_RAW_EXPORT,MARC,SELECT * FROM COLLINS_RAW.COL_RAW_EXPORT.MARC,166,VKUMC,NUMBER,
MARC,col_raw_export,TABLE_OR_VIEW,COLLINS_RAW,COL_RAW_EXPORT,MARC,SELECT * FROM COLLINS_RAW.COL_RAW_EXPORT.MARC,167,VKTRW,NUMBER,
MARC,col_raw_export,TABLE_OR_VIEW,COLLINS_RAW,COL_RAW_EXPORT,MARC,SELECT * FROM COLLINS_RAW.COL_RAW_EXPORT.MARC,168,KZAGL,TEXT,
MARC,col_raw_export,TABLE_OR_VIEW,COLLINS_RAW,COL_RAW_EXPORT,MARC,SELECT * FROM COLLINS_RAW.COL_RAW_EXPORT.MARC,169,FVIDK,TEXT,
MARC,col_raw_export,TABLE_OR_VIEW,COLLINS_RAW,COL_RAW_EXPORT,MARC,SELECT * FROM COLLINS_RAW.COL_RAW_EXPORT.MARC,170,FXPRU,TEXT,
MARC,col_raw_export,TABLE_OR_VIEW,COLLINS_RAW,COL_RAW_EXPORT,MARC,SELECT * FROM COLLINS_RAW.COL_RAW_EXPORT.MARC,171,LOGGR,TEXT,
MARC,col_raw_export,TABLE_OR_VIEW,COLLINS_RAW,COL_RAW_EXPORT,MARC,SELECT * FROM COLLINS_RAW.COL_RAW_EXPORT.MARC,172,FPRFM,TEXT,
MARC,col_raw_export,TABLE_OR_VIEW,COLLINS_RAW,COL_RAW_EXPORT,MARC,SELECT * FROM COLLINS_RAW.COL_RAW_EXPORT.MARC,173,GLGMG,NUMBER,
MARC,col_raw_export,TABLE_OR_VIEW,COLLINS_RAW,COL_RAW_EXPORT,MARC,SELECT * FROM COLLINS_RAW.COL_RAW_EXPORT.MARC,174,VKGLG,NUMBER,
MARC,col_raw_export,TABLE_OR_VIEW,COLLINS_RAW,COL_RAW_EXPORT,MARC,SELECT * FROM COLLINS_RAW.COL_RAW_EXPORT.MARC,175,INDUS,TEXT,
MARC,col_raw_export,TABLE_OR_VIEW,COLLINS_RAW,COL_RAW_EXPORT,MARC,SELECT * FROM COLLINS_RAW.COL_RAW_EXPORT.MARC,176,MOWNR,TEXT,
MARC,col_raw_export,TABLE_OR_VIEW,COLLINS_RAW,COL_RAW_EXPORT,MARC,SELECT * FROM COLLINS_RAW.COL_RAW_EXPORT.MARC,177,MOGRU,TEXT,
MARC,col_raw_export,TABLE_OR_VIEW,COLLINS_RAW,COL_RAW_EXPORT,MARC,SELECT * FROM COLLINS_RAW.COL_RAW_EXPORT.MARC,178,CASNR,TEXT,
MARC,col_raw_export,TABLE_OR_VIEW,COLLINS_RAW,COL_RAW_EXPORT,MARC,SELECT * FROM COLLINS_RAW.COL_RAW_EXPORT.MARC,179,GPNUM,TEXT,
MARC,col_raw_export,TABLE_OR_VIEW,COLLINS_RAW,COL_RAW_EXPORT,MARC,SELECT * FROM COLLINS_RAW.COL_RAW_EXPORT.MARC,180,STEUC,TEXT,
MARC,col_raw_export,TABLE_OR_VIEW,COLLINS_RAW,COL_RAW_EXPORT,MARC,SELECT * FROM COLLINS_RAW.COL_RAW_EXPORT.MARC,181,FABKZ,TEXT,
MARC,col_raw_export,TABLE_OR_VIEW,COLLINS_RAW,COL_RAW_EXPORT,MARC,SELECT * FROM COLLINS_RAW.COL_RAW_EXPORT.MARC,182,MATGR,TEXT,
MARC,col_raw_export,TABLE_OR_VIEW,COLLINS_RAW,COL_RAW_EXPORT,MARC,SELECT * FROM COLLINS_RAW.COL_RAW_EXPORT.MARC,183,VSPVB,TEXT,
MARC,col_raw_export,TABLE_OR_VIEW,COLLINS_RAW,COL_RAW_EXPORT,MARC,SELECT * FROM COLLINS_RAW.COL_RAW_EXPORT.MARC,184,DPLFS,TEXT,
MARC,col_raw_export,TABLE_OR_VIEW,COLLINS_RAW,COL_RAW_EXPORT,MARC,SELECT * FROM COLLINS_RAW.COL_RAW_EXPORT.MARC,185,DPLPU,TEXT,
MARC,col_raw_export,TABLE_OR_VIEW,COLLINS_RAW,COL_RAW_EXPORT,MARC,SELECT * FROM COLLINS_RAW.COL_RAW_EXPORT.MARC,186,DPLHO,NUMBER,
MARC,col_raw_export,TABLE_OR_VIEW,COLLINS_RAW,COL_RAW_EXPORT,MARC,SELECT * FROM COLLINS_RAW.COL_RAW_EXPORT.MARC,187,MINLS,NUMBER,
MARC,col_raw_export,TABLE_OR_VIEW,COLLINS_RAW,COL_RAW_EXPORT,MARC,SELECT * FROM COLLINS_RAW.COL_RAW_EXPORT.MARC,188,MAXLS,NUMBER,
MARC,col_raw_export,TABLE_OR_VIEW,COLLINS_RAW,COL_RAW_EXPORT,MARC,SELECT * FROM COLLINS_RAW.COL_RAW_EXPORT.MARC,189,FIXLS,NUMBER,
MARC,col_raw_export,TABLE_OR_VIEW,COLLINS_RAW,COL_RAW_EXPORT,MARC,SELECT * FROM COLLINS_RAW.COL_RAW_EXPORT.MARC,190,LTINC,NUMBER,
MARC,col_raw_export,TABLE_OR_VIEW,COLLINS_RAW,COL_RAW_EXPORT,MARC,SELECT * FROM COLLINS_RAW.COL_RAW_EXPORT.MARC,191,COMPL,TEXT,
MARC,col_raw_export,TABLE_OR_VIEW,COLLINS_RAW,COL_RAW_EXPORT,MARC,SELECT * FROM COLLINS_RAW.COL_RAW_EXPORT.MARC,192,CONVT,TEXT,
MARC,col_raw_export,TABLE_OR_VIEW,COLLINS_RAW,COL_RAW_EXPORT,MARC,SELECT * FROM COLLINS_RAW.COL_RAW_EXPORT.MARC,193,SHPRO,TEXT,
MARC,col_raw_export,TABLE_OR_VIEW,COLLINS_RAW,COL_RAW_EXPORT,MARC,SELECT * FROM COLLINS_RAW.COL_RAW_EXPORT.MARC,194,AHDIS,TEXT,
MARC,col_raw_export,TABLE_OR_VIEW,COLLINS_RAW,COL_RAW_EXPORT,MARC,SELECT * FROM COLLINS_RAW.COL_RAW_EXPORT.MARC,195,DIBER,TEXT,
MARC,col_raw_export,TABLE_OR_VIEW,COLLINS_RAW,COL_RAW_EXPORT,MARC,SELECT * FROM COLLINS_RAW.COL_RAW_EXPORT.MARC,196,KZPSP,TEXT,
MARC,col_raw_export,TABLE_OR_VIEW,COLLINS_RAW,COL_RAW_EXPORT,MARC,SELECT * FROM COLLINS_RAW.COL_RAW_EXPORT.MARC,197,OCMPF,TEXT,
MARC,col_raw_export,TABLE_OR_VIEW,COLLINS_RAW,COL_RAW_EXPORT,MARC,SELECT * FROM COLLINS_RAW.COL_RAW_EXPORT.MARC,198,APOKZ,TEXT,
MARC,col_raw_export,TABLE_OR_VIEW,COLLINS_RAW,COL_RAW_EXPORT,MARC,SELECT * FROM COLLINS_RAW.COL_RAW_EXPORT.MARC,199,MCRUE,TEXT,
MARC,col_raw_export,TABLE_OR_VIEW,COLLINS_RAW,COL_RAW_EXPORT,MARC,SELECT * FROM COLLINS_RAW.COL_RAW_EXPORT.MARC,200,LFMON,TEXT,
MARC,col_raw_export,TABLE_OR_VIEW,COLLINS_RAW,COL_RAW_EXPORT,MARC,SELECT * FROM COLLINS_RAW.COL_RAW_EXPORT.MARC,201,LFGJA,TEXT,
MARC,col_raw_export,TABLE_OR_VIEW,COLLINS_RAW,COL_RAW_EXPORT,MARC,SELECT * FROM COLLINS_RAW.COL_RAW_EXPORT.MARC,202,EISLO,NUMBER,
MARC,col_raw_export,TABLE_OR_VIEW,COLLINS_RAW,COL_RAW_EXPORT,MARC,SELECT * FROM COLLINS_RAW.COL_RAW_EXPORT.MARC,203,NCOST,TEXT,
MARC,col_raw_export,TABLE_OR_VIEW,COLLINS_RAW,COL_RAW_EXPORT,MARC,SELECT * FROM COLLINS_RAW.COL_RAW_EXPORT.MARC,204,ROTATION_DATE,TEXT,
MARC,col_raw_export,TABLE_OR_VIEW,COLLINS_RAW,COL_RAW_EXPORT,MARC,SELECT * FROM COLLINS_RAW.COL_RAW_EXPORT.MARC,205,UCHKZ,TEXT,
MARC,col_raw_export,TABLE_OR_VIEW,COLLINS_RAW,COL_RAW_EXPORT,MARC,SELECT * FROM COLLINS_RAW.COL_RAW_EXPORT.MARC,206,UCMAT,TEXT,
MARC,col_raw_export,TABLE_OR_VIEW,COLLINS_RAW,COL_RAW_EXPORT,MARC,SELECT * FROM COLLINS_RAW.COL_RAW_EXPORT.MARC,207,BWESB,NUMBER,
MARC,col_raw_export,TABLE_OR_VIEW,COLLINS_RAW,COL_RAW_EXPORT,MARC,SELECT * FROM COLLINS_RAW.COL_RAW_EXPORT.MARC,208,SGT_COVS,TEXT,
MARC,col_raw_export,TABLE_OR_VIEW,COLLINS_RAW,COL_RAW_EXPORT,MARC,SELECT * FROM COLLINS_RAW.COL_RAW_EXPORT.MARC,209,SGT_STATC,TEXT,
MARC,col_raw_export,TABLE_OR_VIEW,COLLINS_RAW,COL_RAW_EXPORT,MARC,SELECT * FROM COLLINS_RAW.COL_RAW_EXPORT.MARC,210,SGT_SCOPE,TEXT,
MARC,col_raw_export,TABLE_OR_VIEW,COLLINS_RAW,COL_RAW_EXPORT,MARC,SELECT * FROM COLLINS_RAW.COL_RAW_EXPORT.MARC,211,SGT_MRPSI,TEXT,
MARC,col_raw_export,TABLE_OR_VIEW,COLLINS_RAW,COL_RAW_EXPORT,MARC,SELECT * FROM COLLINS_RAW.COL_RAW_EXPORT.MARC,212,SGT_PRCM,TEXT,
MARC,col_raw_export,TABLE_OR_VIEW,COLLINS_RAW,COL_RAW_EXPORT,MARC,SELECT * FROM COLLINS_RAW.COL_RAW_EXPORT.MARC,213,SGT_CHINT,TEXT,
MARC,col_raw_export,TABLE_OR_VIEW,COLLINS_RAW,COL_RAW_EXPORT,MARC,SELECT * FROM COLLINS_RAW.COL_RAW_EXPORT.MARC,214,SGT_STK_PRT,TEXT,
MARC,col_raw_export,TABLE_OR_VIEW,COLLINS_RAW,COL_RAW_EXPORT,MARC,SELECT * FROM COLLINS_RAW.COL_RAW_EXPORT.MARC,215,SGT_DEFSC,TEXT,
MARC,col_raw_export,TABLE_OR_VIEW,COLLINS_RAW,COL_RAW_EXPORT,MARC,SELECT * FROM COLLINS_RAW.COL_RAW_EXPORT.MARC,216,SGT_MRP_ATP_STATUS,TEXT,
MARC,col_raw_export,TABLE_OR_VIEW,COLLINS_RAW,COL_RAW_EXPORT,MARC,SELECT * FROM COLLINS_RAW.COL_RAW_EXPORT.MARC,217,SGT_MMSTD,TEXT,
MARC,col_raw_export,TABLE_OR_VIEW,COLLINS_RAW,COL_RAW_EXPORT,MARC,SELECT * FROM COLLINS_RAW.COL_RAW_EXPORT.MARC,218,FSH_MG_ARUN_REQ,TEXT,
MARC,col_raw_export,TABLE_OR_VIEW,COLLINS_RAW,COL_RAW_EXPORT,MARC,SELECT * FROM COLLINS_RAW.COL_RAW_EXPORT.MARC,219,FSH_SEAIM,TEXT,
MARC,col_raw_export,TABLE_OR_VIEW,COLLINS_RAW,COL_RAW_EXPORT,MARC,SELECT * FROM COLLINS_RAW.COL_RAW_EXPORT.MARC,220,FSH_VAR_GROUP,TEXT,
MARC,col_raw_export,TABLE_OR_VIEW,COLLINS_RAW,COL_RAW_EXPORT,MARC,SELECT * FROM COLLINS_RAW.COL_RAW_EXPORT.MARC,221,FSH_KZECH,TEXT,
MARC,col_raw_export,TABLE_OR_VIEW,COLLINS_RAW,COL_RAW_EXPORT,MARC,SELECT * FROM COLLINS_RAW.COL_RAW_EXPORT.MARC,222,FSH_CALENDAR_GROUP,TEXT,
MARC,col_raw_export,TABLE_OR_VIEW,COLLINS_RAW,COL_RAW_EXPORT,MARC,SELECT * FROM COLLINS_RAW.COL_RAW_EXPORT.MARC,223,PPSKZ,TEXT,
MARC,col_raw_export,TABLE_OR_VIEW,COLLINS_RAW,COL_RAW_EXPORT,MARC,SELECT * FROM COLLINS_RAW.COL_RAW_EXPORT.MARC,224,PPS_STRATEGY,TEXT,
MARC,col_raw_export,TABLE_OR_VIEW,COLLINS_RAW,COL_RAW_EXPORT,MARC,SELECT * FROM COLLINS_RAW.COL_RAW_EXPORT.MARC,225,PPS_PLANNING_TYPE,TEXT,
MARC,col_raw_export,TABLE_OR_VIEW,COLLINS_RAW,COL_RAW_EXPORT,MARC,SELECT * FROM COLLINS_RAW.COL_RAW_EXPORT.MARC,226,PPS_HEUR_ID,TEXT,
MARC,col_raw_export,TABLE_OR_VIEW,COLLINS_RAW,COL_RAW_EXPORT,MARC,SELECT * FROM COLLINS_RAW.COL_RAW_EXPORT.MARC,227,PPS_FIXPEG,TEXT,
MARC,col_raw_export,TABLE_OR_VIEW,COLLINS_RAW,COL_RAW_EXPORT,MARC,SELECT * FROM COLLINS_RAW.COL_RAW_EXPORT.MARC,228,PPS_PEG_STRATEGY,TEXT,
MARC,col_raw_export,TABLE_OR_VIEW,COLLINS_RAW,COL_RAW_EXPORT,MARC,SELECT * FROM COLLINS_RAW.COL_RAW_EXPORT.MARC,229,PPS_GRPRT,NUMBER,
MARC,col_raw_export,TABLE_OR_VIEW,COLLINS_RAW,COL_RAW_EXPORT,MARC,SELECT * FROM COLLINS_RAW.COL_RAW_EXPORT.MARC,230,PPS_GIPRT,NUMBER,
MARC,col_raw_export,TABLE_OR_VIEW,COLLINS_RAW,COL_RAW_EXPORT,MARC,SELECT * FROM COLLINS_RAW.COL_RAW_EXPORT.MARC,231,PPS_CONHAP,NUMBER,
MARC,col_raw_export,TABLE_OR_VIEW,COLLINS_RAW,COL_RAW_EXPORT,MARC,SELECT * FROM COLLINS_RAW.COL_RAW_EXPORT.MARC,232,PPS_HUNIT,TEXT,
MARC,col_raw_export,TABLE_OR_VIEW,COLLINS_RAW,COL_RAW_EXPORT,MARC,SELECT * FROM COLLINS_RAW.COL_RAW_EXPORT.MARC,233,PPS_CONHAP_OUT,NUMBER,
MARC,col_raw_export,TABLE_OR_VIEW,COLLINS_RAW,COL_RAW_EXPORT,MARC,SELECT * FROM COLLINS_RAW.COL_RAW_EXPORT.MARC,234,PPS_HUNIT_OUT,TEXT,
MARC,col_raw_export,TABLE_OR_VIEW,COLLINS_RAW,COL_RAW_EXPORT,MARC,SELECT * FROM COLLINS_RAW.COL_RAW_EXPORT.MARC,235,PPS_ATPCHECK,TEXT,
MARC,col_raw_export,TABLE_OR_VIEW,COLLINS_RAW,COL_RAW_EXPORT,MARC,SELECT * FROM COLLINS_RAW.COL_RAW_EXPORT.MARC,236,PPS_PEG_FUT_AL,NUMBER,
MARC,col_raw_export,TABLE_OR_VIEW,COLLINS_RAW,COL_RAW_EXPORT,MARC,SELECT * FROM COLLINS_RAW.COL_RAW_EXPORT.MARC,237,PPS_PEG_PAST_AL,NUMBER,
MARC,col_raw_export,TABLE_OR_VIEW,COLLINS_RAW,COL_RAW_EXPORT,MARC,SELECT * FROM COLLINS_RAW.COL_RAW_EXPORT.MARC,238,NF_FLAG,TEXT,
MARC,col_raw_export,TABLE_OR_VIEW,COLLINS_RAW,COL_RAW_EXPORT,MARC,SELECT * FROM COLLINS_RAW.COL_RAW_EXPORT.MARC,239,/SAPMP/TOLPRPL,NUMBER,
MARC,col_raw_export,TABLE_OR_VIEW,COLLINS_RAW,COL_RAW_EXPORT,MARC,SELECT * FROM COLLINS_RAW.COL_RAW_EXPORT.MARC,240,/SAPMP/TOLPRMI,NUMBER,
MARC,col_raw_export,TABLE_OR_VIEW,COLLINS_RAW,COL_RAW_EXPORT,MARC,SELECT * FROM COLLINS_RAW.COL_RAW_EXPORT.MARC,241,/VSO/R_PKGRP,TEXT,
MARC,col_raw_export,TABLE_OR_VIEW,COLLINS_RAW,COL_RAW_EXPORT,MARC,SELECT * FROM COLLINS_RAW.COL_RAW_EXPORT.MARC,242,/VSO/R_LANE_NUM,TEXT,
MARC,col_raw_export,TABLE_OR_VIEW,COLLINS_RAW,COL_RAW_EXPORT,MARC,SELECT * FROM COLLINS_RAW.COL_RAW_EXPORT.MARC,243,/VSO/R_PAL_VEND,TEXT,
MARC,col_raw_export,TABLE_OR_VIEW,COLLINS_RAW,COL_RAW_EXPORT,MARC,SELECT * FROM COLLINS_RAW.COL_RAW_EXPORT.MARC,244,/VSO/R_FORK_DIR,TEXT,
MARC,col_raw_export,TABLE_OR_VIEW,COLLINS_RAW,COL_RAW_EXPORT,MARC,SELECT * FROM COLLINS_RAW.COL_RAW_EXPORT.MARC,245,IUID_RELEVANT,TEXT,
MARC,col_raw_export,TABLE_OR_VIEW,COLLINS_RAW,COL_RAW_EXPORT,MARC,SELECT * FROM COLLINS_RAW.COL_RAW_EXPORT.MARC,246,IUID_TYPE,TEXT,
MARC,col_raw_export,TABLE_OR_VIEW,COLLINS_RAW,COL_RAW_EXPORT,MARC,SELECT * FROM COLLINS_RAW.COL_RAW_EXPORT.MARC,247,UID_IEA,TEXT,
MARC,col_raw_export,TABLE_OR_VIEW,COLLINS_RAW,COL_RAW_EXPORT,MARC,SELECT * FROM COLLINS_RAW.COL_RAW_EXPORT.MARC,248,DPCBT,TEXT,
MARC,col_raw_export,TABLE_OR_VIEW,COLLINS_RAW,COL_RAW_EXPORT,MARC,SELECT * FROM COLLINS_RAW.COL_RAW_EXPORT.MARC,249,CONS_PROCG,TEXT,
MARC,col_raw_export,TABLE_OR_VIEW,COLLINS_RAW,COL_RAW_EXPORT,MARC,SELECT * FROM COLLINS_RAW.COL_RAW_EXPORT.MARC,250,GI_PR_TIME,NUMBER,
MARC,col_raw_export,TABLE_OR_VIEW,COLLINS_RAW,COL_RAW_EXPORT,MARC,SELECT * FROM COLLINS_RAW.COL_RAW_EXPORT.MARC,251,MULTIPLE_EKGRP,TEXT,
MARC,col_raw_export,TABLE_OR_VIEW,COLLINS_RAW,COL_RAW_EXPORT,MARC,SELECT * FROM COLLINS_RAW.COL_RAW_EXPORT.MARC,252,REF_SCHEMA,TEXT,
MARC,col_raw_export,TABLE_OR_VIEW,COLLINS_RAW,COL_RAW_EXPORT,MARC,SELECT * FROM COLLINS_RAW.COL_RAW_EXPORT.MARC,253,MIN_TROC,TEXT,
MARC,col_raw_export,TABLE_OR_VIEW,COLLINS_RAW,COL_RAW_EXPORT,MARC,SELECT * FROM COLLINS_RAW.COL_RAW_EXPORT.MARC,254,MAX_TROC,TEXT,
MARC,col_raw_export,TABLE_OR_VIEW,COLLINS_RAW,COL_RAW_EXPORT,MARC,SELECT * FROM COLLINS_RAW.COL_RAW_EXPORT.MARC,255,TARGET_STOCK,NUMBER,
MARC,col_raw_export,TABLE_OR_VIEW,COLLINS_RAW,COL_RAW_EXPORT,MARC,SELECT * FROM COLLINS_RAW.COL_RAW_EXPORT.MARC,256,/SAPLOM/DIQR,TEXT,
MARC,col_raw_export,TABLE_OR_VIEW,COLLINS_RAW,COL_RAW_EXPORT,MARC,SELECT * FROM COLLINS_RAW.COL_RAW_EXPORT.MARC,257,ZZRCDKP,TEXT,
MARC,col_raw_export,TABLE_OR_VIEW,COLLINS_RAW,COL_RAW_EXPORT,MARC,SELECT * FROM COLLINS_RAW.COL_RAW_EXPORT.MARC,258,ZZCIVILAIR,TEXT,
MARC,col_raw_export,TABLE_OR_VIEW,COLLINS_RAW,COL_RAW_EXPORT,MARC,SELECT * FROM COLLINS_RAW.COL_RAW_EXPORT.MARC,259,ZZCUSTOOL,TEXT,
MARC,col_raw_export,TABLE_OR_VIEW,COLLINS_RAW,COL_RAW_EXPORT,MARC,SELECT * FROM COLLINS_RAW.COL_RAW_EXPORT.MARC,260,ZZSERNID,TEXT,
MARC,col_raw_export,TABLE_OR_VIEW,COLLINS_RAW,COL_RAW_EXPORT,MARC,SELECT * FROM COLLINS_RAW.COL_RAW_EXPORT.MARC,261,ZZBRYAMEND,TEXT,
MARC,col_raw_export,TABLE_OR_VIEW,COLLINS_RAW,COL_RAW_EXPORT,MARC,SELECT * FROM COLLINS_RAW.COL_RAW_EXPORT.MARC,262,ZZGSI,TEXT,
MARC,col_raw_export,TABLE_OR_VIEW,COLLINS_RAW,COL_RAW_EXPORT,MARC,SELECT * FROM COLLINS_RAW.COL_RAW_EXPORT.MARC,263,ZZFAI,TEXT,
MARC,col_raw_export,TABLE_OR_VIEW,COLLINS_RAW,COL_RAW_EXPORT,MARC,SELECT * FROM COLLINS_RAW.COL_RAW_EXPORT.MARC,264,ZZFAI_LAPSE,TEXT,
MARC,col_raw_export,TABLE_OR_VIEW,COLLINS_RAW,COL_RAW_EXPORT,MARC,SELECT * FROM COLLINS_RAW.COL_RAW_EXPORT.MARC,265,ZZCIVILSUB,TEXT,
MARC,col_raw_export,TABLE_OR_VIEW,COLLINS_RAW,COL_RAW_EXPORT,MARC,SELECT * FROM COLLINS_RAW.COL_RAW_EXPORT.MARC,266,ZZLGORT,TEXT,
MARC,col_raw_export,TABLE_OR_VIEW,COLLINS_RAW,COL_RAW_EXPORT,MARC,SELECT * FROM COLLINS_RAW.COL_RAW_EXPORT.MARC,267,ZZSLG,TEXT,
MARC,col_raw_export,TABLE_OR_VIEW,COLLINS_RAW,COL_RAW_EXPORT,MARC,SELECT * FROM COLLINS_RAW.COL_RAW_EXPORT.MARC,268,ZZPOQANOTE,TEXT,
MARC,col_raw_export,TABLE_OR_VIEW,COLLINS_RAW,COL_RAW_EXPORT,MARC,SELECT * FROM COLLINS_RAW.COL_RAW_EXPORT.MARC,269,ZZMAXORDQTY,NUMBER,
MARC,col_raw_export,TABLE_OR_VIEW,COLLINS_RAW,COL_RAW_EXPORT,MARC,SELECT * FROM COLLINS_RAW.COL_RAW_EXPORT.MARC,270,ZZCUST_MRP,TEXT,
MARC,col_raw_export,TABLE_OR_VIEW,COLLINS_RAW,COL_RAW_EXPORT,MARC,SELECT * FROM COLLINS_RAW.COL_RAW_EXPORT.MARC,271,ZZMHDRZ,NUMBER,
MARC,col_raw_export,TABLE_OR_VIEW,COLLINS_RAW,COL_RAW_EXPORT,MARC,SELECT * FROM COLLINS_RAW.COL_RAW_EXPORT.MARC,272,ZZMHDHB,NUMBER,
MARC,col_raw_export,TABLE_OR_VIEW,COLLINS_RAW,COL_RAW_EXPORT,MARC,SELECT * FROM COLLINS_RAW.COL_RAW_EXPORT.MARC,273,ZZIPRKZ,TEXT,
MARC,col_raw_export,TABLE_OR_VIEW,COLLINS_RAW,COL_RAW_EXPORT,MARC,SELECT * FROM COLLINS_RAW.COL_RAW_EXPORT.MARC,274,ZZUPPAP,TEXT,
MARC,col_raw_export,TABLE_OR_VIEW,COLLINS_RAW,COL_RAW_EXPORT,MARC,SELECT * FROM COLLINS_RAW.COL_RAW_EXPORT.MARC,275,REPL_CDC_DATE,TIMESTAMP_NTZ,
MARC,col_raw_export,TABLE_OR_VIEW,COLLINS_RAW,COL_RAW_EXPORT,MARC,SELECT * FROM COLLINS_RAW.COL_RAW_EXPORT.MARC,276,REPL_CDC_OPCODE,TEXT,
MARD,col_raw_export,TABLE_OR_VIEW,COLLINS_RAW,COL_RAW_EXPORT,MARD,SELECT * FROM COLLINS_RAW.COL_RAW_EXPORT.MARD,1,MANDT,TEXT,
MARD,col_raw_export,TABLE_OR_VIEW,COLLINS_RAW,COL_RAW_EXPORT,MARD,SELECT * FROM COLLINS_RAW.COL_RAW_EXPORT.MARD,2,MATNR,TEXT,
MARD,col_raw_export,TABLE_OR_VIEW,COLLINS_RAW,COL_RAW_EXPORT,MARD,SELECT * FROM COLLINS_RAW.COL_RAW_EXPORT.MARD,3,WERKS,TEXT,
MARD,col_raw_export,TABLE_OR_VIEW,COLLINS_RAW,COL_RAW_EXPORT,MARD,SELECT * FROM COLLINS_RAW.COL_RAW_EXPORT.MARD,4,LGORT,TEXT,
MARD,col_raw_export,TABLE_OR_VIEW,COLLINS_RAW,COL_RAW_EXPORT,MARD,SELECT * FROM COLLINS_RAW.COL_RAW_EXPORT.MARD,5,PSTAT,TEXT,
MARD,col_raw_export,TABLE_OR_VIEW,COLLINS_RAW,COL_RAW_EXPORT,MARD,SELECT * FROM COLLINS_RAW.COL_RAW_EXPORT.MARD,6,LVORM,TEXT,
MARD,col_raw_export,TABLE_OR_VIEW,COLLINS_RAW,COL_RAW_EXPORT,MARD,SELECT * FROM COLLINS_RAW.COL_RAW_EXPORT.MARD,7,LFGJA,TEXT,
MARD,col_raw_export,TABLE_OR_VIEW,COLLINS_RAW,COL_RAW_EXPORT,MARD,SELECT * FROM COLLINS_RAW.COL_RAW_EXPORT.MARD,8,LFMON,TEXT,
MARD,col_raw_export,TABLE_OR_VIEW,COLLINS_RAW,COL_RAW_EXPORT,MARD,SELECT * FROM COLLINS_RAW.COL_RAW_EXPORT.MARD,9,SPERR,TEXT,
MARD,col_raw_export,TABLE_OR_VIEW,COLLINS_RAW,COL_RAW_EXPORT,MARD,SELECT * FROM COLLINS_RAW.COL_RAW_EXPORT.MARD,10,LABST,NUMBER,
MARD,col_raw_export,TABLE_OR_VIEW,COLLINS_RAW,COL_RAW_EXPORT,MARD,SELECT * FROM COLLINS_RAW.COL_RAW_EXPORT.MARD,11,UMLME,NUMBER,
MARD,col_raw_export,TABLE_OR_VIEW,COLLINS_RAW,COL_RAW_EXPORT,MARD,SELECT * FROM COLLINS_RAW.COL_RAW_EXPORT.MARD,12,INSME,NUMBER,
MARD,col_raw_export,TABLE_OR_VIEW,COLLINS_RAW,COL_RAW_EXPORT,MARD,SELECT * FROM COLLINS_RAW.COL_RAW_EXPORT.MARD,13,EINME,NUMBER,
MARD,col_raw_export,TABLE_OR_VIEW,COLLINS_RAW,COL_RAW_EXPORT,MARD,SELECT * FROM COLLINS_RAW.COL_RAW_EXPORT.MARD,14,SPEME,NUMBER,
MARD,col_raw_export,TABLE_OR_VIEW,COLLINS_RAW,COL_RAW_EXPORT,MARD,SELECT * FROM COLLINS_RAW.COL_RAW_EXPORT.MARD,15,RETME,NUMBER,
MARD,col_raw_export,TABLE_OR_VIEW,COLLINS_RAW,COL_RAW_EXPORT,MARD,SELECT * FROM COLLINS_RAW.COL_RAW_EXPORT.MARD,16,VMLAB,NUMBER,
MARD,col_raw_export,TABLE_OR_VIEW,COLLINS_RAW,COL_RAW_EXPORT,MARD,SELECT * FROM COLLINS_RAW.COL_RAW_EXPORT.MARD,17,VMUML,NUMBER,
MARD,col_raw_export,TABLE_OR_VIEW,COLLINS_RAW,COL_RAW_EXPORT,MARD,SELECT * FROM COLLINS_RAW.COL_RAW_EXPORT.MARD,18,VMINS,NUMBER,
MARD,col_raw_export,TABLE_OR_VIEW,COLLINS_RAW,COL_RAW_EXPORT,MARD,SELECT * FROM COLLINS_RAW.COL_RAW_EXPORT.MARD,19,VMEIN,NUMBER,
MARD,col_raw_export,TABLE_OR_VIEW,COLLINS_RAW,COL_RAW_EXPORT,MARD,SELECT * FROM COLLINS_RAW.COL_RAW_EXPORT.MARD,20,VMSPE,NUMBER,
MARD,col_raw_export,TABLE_OR_VIEW,COLLINS_RAW,COL_RAW_EXPORT,MARD,SELECT * FROM COLLINS_RAW.COL_RAW_EXPORT.MARD,21,VMRET,NUMBER,
MARD,col_raw_export,TABLE_OR_VIEW,COLLINS_RAW,COL_RAW_EXPORT,MARD,SELECT * FROM COLLINS_RAW.COL_RAW_EXPORT.MARD,22,KZILL,TEXT,
MARD,col_raw_export,TABLE_OR_VIEW,COLLINS_RAW,COL_RAW_EXPORT,MARD,SELECT * FROM COLLINS_RAW.COL_RAW_EXPORT.MARD,23,KZILQ,TEXT,
MARD,col_raw_export,TABLE_OR_VIEW,COLLINS_RAW,COL_RAW_EXPORT,MARD,SELECT * FROM COLLINS_RAW.COL_RAW_EXPORT.MARD,24,KZILE,TEXT,
MARD,col_raw_export,TABLE_OR_VIEW,COLLINS_RAW,COL_RAW_EXPORT,MARD,SELECT * FROM COLLINS_RAW.COL_RAW_EXPORT.MARD,25,KZILS,TEXT,
MARD,col_raw_export,TABLE_OR_VIEW,COLLINS_RAW,COL_RAW_EXPORT,MARD,SELECT * FROM COLLINS_RAW.COL_RAW_EXPORT.MARD,26,KZVLL,TEXT,
MARD,col_raw_export,TABLE_OR_VIEW,COLLINS_RAW,COL_RAW_EXPORT,MARD,SELECT * FROM COLLINS_RAW.COL_RAW_EXPORT.MARD,27,KZVLQ,TEXT,
MARD,col_raw_export,TABLE_OR_VIEW,COLLINS_RAW,COL_RAW_EXPORT,MARD,SELECT * FROM COLLINS_RAW.COL_RAW_EXPORT.MARD,28,KZVLE,TEXT,
MARD,col_raw_export,TABLE_OR_VIEW,COLLINS_RAW,COL_RAW_EXPORT,MARD,SELECT * FROM COLLINS_RAW.COL_RAW_EXPORT.MARD,29,KZVLS,TEXT,
MARD,col_raw_export,TABLE_OR_VIEW,COLLINS_RAW,COL_RAW_EXPORT,MARD,SELECT * FROM COLLINS_RAW.COL_RAW_EXPORT.MARD,30,DISKZ,TEXT,
MARD,col_raw_export,TABLE_OR_VIEW,COLLINS_RAW,COL_RAW_EXPORT,MARD,SELECT * FROM COLLINS_RAW.COL_RAW_EXPORT.MARD,31,LSOBS,TEXT,
MARD,col_raw_export,TABLE_OR_VIEW,COLLINS_RAW,COL_RAW_EXPORT,MARD,SELECT * FROM COLLINS_RAW.COL_RAW_EXPORT.MARD,32,LMINB,NUMBER,
MARD,col_raw_export,TABLE_OR_VIEW,COLLINS_RAW,COL_RAW_EXPORT,MARD,SELECT * FROM COLLINS_RAW.COL_RAW_EXPORT.MARD,33,LBSTF,NUMBER,
MARD,col_raw_export,TABLE_OR_VIEW,COLLINS_RAW,COL_RAW_EXPORT,MARD,SELECT * FROM COLLINS_RAW.COL_RAW_EXPORT.MARD,34,HERKL,TEXT,
MARD,col_raw_export,TABLE_OR_VIEW,COLLINS_RAW,COL_RAW_EXPORT,MARD,SELECT * FROM COLLINS_RAW.COL_RAW_EXPORT.MARD,35,EXPPG,TEXT,
MARD,col_raw_export,TABLE_OR_VIEW,COLLINS_RAW,COL_RAW_EXPORT,MARD,SELECT * FROM COLLINS_RAW.COL_RAW_EXPORT.MARD,36,EXVER,TEXT,
MARD,col_raw_export,TABLE_OR_VIEW,COLLINS_RAW,COL_RAW_EXPORT,MARD,SELECT * FROM COLLINS_RAW.COL_RAW_EXPORT.MARD,37,LGPBE,TEXT,
MARD,col_raw_export,TABLE_OR_VIEW,COLLINS_RAW,COL_RAW_EXPORT,MARD,SELECT * FROM COLLINS_RAW.COL_RAW_EXPORT.MARD,38,KLABS,NUMBER,
MARD,col_raw_export,TABLE_OR_VIEW,COLLINS_RAW,COL_RAW_EXPORT,MARD,SELECT * FROM COLLINS_RAW.COL_RAW_EXPORT.MARD,39,KINSM,NUMBER,
MARD,col_raw_export,TABLE_OR_VIEW,COLLINS_RAW,COL_RAW_EXPORT,MARD,SELECT * FROM COLLINS_RAW.COL_RAW_EXPORT.MARD,40,KEINM,NUMBER,
MARD,col_raw_export,TABLE_OR_VIEW,COLLINS_RAW,COL_RAW_EXPORT,MARD,SELECT * FROM COLLINS_RAW.COL_RAW_EXPORT.MARD,41,KSPEM,NUMBER,
MARD,col_raw_export,TABLE_OR_VIEW,COLLINS_RAW,COL_RAW_EXPORT,MARD,SELECT * FROM COLLINS_RAW.COL_RAW_EXPORT.MARD,42,DLINL,TEXT,
MARD,col_raw_export,TABLE_OR_VIEW,COLLINS_RAW,COL_RAW_EXPORT,MARD,SELECT * FROM COLLINS_RAW.COL_RAW_EXPORT.MARD,43,PRCTL,TEXT,
MARD,col_raw_export,TABLE_OR_VIEW,COLLINS_RAW,COL_RAW_EXPORT,MARD,SELECT * FROM COLLINS_RAW.COL_RAW_EXPORT.MARD,44,ERSDA,TEXT,
MARD,col_raw_export,TABLE_OR_VIEW,COLLINS_RAW,COL_RAW_EXPORT,MARD,SELECT * FROM COLLINS_RAW.COL_RAW_EXPORT.MARD,45,VKLAB,NUMBER,
MARD,col_raw_export,TABLE_OR_VIEW,COLLINS_RAW,COL_RAW_EXPORT,MARD,SELECT * FROM COLLINS_RAW.COL_RAW_EXPORT.MARD,46,VKUML,NUMBER,
MARD,col_raw_export,TABLE_OR_VIEW,COLLINS_RAW,COL_RAW_EXPORT,MARD,SELECT * FROM COLLINS_RAW.COL_RAW_EXPORT.MARD,47,LWMKB,TEXT,
MARD,col_raw_export,TABLE_OR_VIEW,COLLINS_RAW,COL_RAW_EXPORT,MARD,SELECT * FROM COLLINS_RAW.COL_RAW_EXPORT.MARD,48,BSKRF,FLOAT,
MARD,col_raw_export,TABLE_OR_VIEW,COLLINS_RAW,COL_RAW_EXPORT,MARD,SELECT * FROM COLLINS_RAW.COL_RAW_EXPORT.MARD,49,MDRUE,TEXT,
MARD,col_raw_export,TABLE_OR_VIEW,COLLINS_RAW,COL_RAW_EXPORT,MARD,SELECT * FROM COLLINS_RAW.COL_RAW_EXPORT.MARD,50,MDJIN,TEXT,
MARD,col_raw_export,TABLE_OR_VIEW,COLLINS_RAW,COL_RAW_EXPORT,MARD,SELECT * FROM COLLINS_RAW.COL_RAW_EXPORT.MARD,51,FSH_SALLOC_QTY_S,NUMBER,
MARD,col_raw_export,TABLE_OR_VIEW,COLLINS_RAW,COL_RAW_EXPORT,MARD,SELECT * FROM COLLINS_RAW.COL_RAW_EXPORT.MARD,52,REPL_CDC_DATE,TIMESTAMP_NTZ,
MARD,col_raw_export,TABLE_OR_VIEW,COLLINS_RAW,COL_RAW_EXPORT,MARD,SELECT * FROM COLLINS_RAW.COL_RAW_EXPORT.MARD,53,REPL_CDC_OPCODE,TEXT,
MBEW,col_raw_export,TABLE_OR_VIEW,COLLINS_RAW,COL_RAW_EXPORT,MBEW,SELECT * FROM COLLINS_RAW.COL_RAW_EXPORT.MBEW,1,MANDT,TEXT,
MBEW,col_raw_export,TABLE_OR_VIEW,COLLINS_RAW,COL_RAW_EXPORT,MBEW,SELECT * FROM COLLINS_RAW.COL_RAW_EXPORT.MBEW,2,MATNR,TEXT,
MBEW,col_raw_export,TABLE_OR_VIEW,COLLINS_RAW,COL_RAW_EXPORT,MBEW,SELECT * FROM COLLINS_RAW.COL_RAW_EXPORT.MBEW,3,BWKEY,TEXT,
MBEW,col_raw_export,TABLE_OR_VIEW,COLLINS_RAW,COL_RAW_EXPORT,MBEW,SELECT * FROM COLLINS_RAW.COL_RAW_EXPORT.MBEW,4,BWTAR,TEXT,
MBEW,col_raw_export,TABLE_OR_VIEW,COLLINS_RAW,COL_RAW_EXPORT,MBEW,SELECT * FROM COLLINS_RAW.COL_RAW_EXPORT.MBEW,5,LVORM,TEXT,
MBEW,col_raw_export,TABLE_OR_VIEW,COLLINS_RAW,COL_RAW_EXPORT,MBEW,SELECT * FROM COLLINS_RAW.COL_RAW_EXPORT.MBEW,6,LBKUM,NUMBER,
MBEW,col_raw_export,TABLE_OR_VIEW,COLLINS_RAW,COL_RAW_EXPORT,MBEW,SELECT * FROM COLLINS_RAW.COL_RAW_EXPORT.MBEW,7,SALK3,NUMBER,
MBEW,col_raw_export,TABLE_OR_VIEW,COLLINS_RAW,COL_RAW_EXPORT,MBEW,SELECT * FROM COLLINS_RAW.COL_RAW_EXPORT.MBEW,8,VPRSV,TEXT,
MBEW,col_raw_export,TABLE_OR_VIEW,COLLINS_RAW,COL_RAW_EXPORT,MBEW,SELECT * FROM COLLINS_RAW.COL_RAW_EXPORT.MBEW,9,VERPR,NUMBER,
MBEW,col_raw_export,TABLE_OR_VIEW,COLLINS_RAW,COL_RAW_EXPORT,MBEW,SELECT * FROM COLLINS_RAW.COL_RAW_EXPORT.MBEW,10,STPRS,NUMBER,
MBEW,col_raw_export,TABLE_OR_VIEW,COLLINS_RAW,COL_RAW_EXPORT,MBEW,SELECT * FROM COLLINS_RAW.COL_RAW_EXPORT.MBEW,11,PEINH,NUMBER,
MBEW,col_raw_export,TABLE_OR_VIEW,COLLINS_RAW,COL_RAW_EXPORT,MBEW,SELECT * FROM COLLINS_RAW.COL_RAW_EXPORT.MBEW,12,BKLAS,TEXT,
MBEW,col_raw_export,TABLE_OR_VIEW,COLLINS_RAW,COL_RAW_EXPORT,MBEW,SELECT * FROM COLLINS_RAW.COL_RAW_EXPORT.MBEW,13,SALKV,NUMBER,
MBEW,col_raw_export,TABLE_OR_VIEW,COLLINS_RAW,COL_RAW_EXPORT,MBEW,SELECT * FROM COLLINS_RAW.COL_RAW_EXPORT.MBEW,14,VMKUM,NUMBER,
MBEW,col_raw_export,TABLE_OR_VIEW,COLLINS_RAW,COL_RAW_EXPORT,MBEW,SELECT * FROM COLLINS_RAW.COL_RAW_EXPORT.MBEW,15,VMSAL,NUMBER,
MBEW,col_raw_export,TABLE_OR_VIEW,COLLINS_RAW,COL_RAW_EXPORT,MBEW,SELECT * FROM COLLINS_RAW.COL_RAW_EXPORT.MBEW,16,VMVPR,TEXT,
MBEW,col_raw_export,TABLE_OR_VIEW,COLLINS_RAW,COL_RAW_EXPORT,MBEW,SELECT * FROM COLLINS_RAW.COL_RAW_EXPORT.MBEW,17,VMVER,NUMBER,
MBEW,col_raw_export,TABLE_OR_VIEW,COLLINS_RAW,COL_RAW_EXPORT,MBEW,SELECT * FROM COLLINS_RAW.COL_RAW_EXPORT.MBEW,18,VMSTP,NUMBER,
MBEW,col_raw_export,TABLE_OR_VIEW,COLLINS_RAW,COL_RAW_EXPORT,MBEW,SELECT * FROM COLLINS_RAW.COL_RAW_EXPORT.MBEW,19,VMPEI,NUMBER,
MBEW,col_raw_export,TABLE_OR_VIEW,COLLINS_RAW,COL_RAW_EXPORT,MBEW,SELECT * FROM COLLINS_RAW.COL_RAW_EXPORT.MBEW,20,VMBKL,TEXT,
MBEW,col_raw_export,TABLE_OR_VIEW,COLLINS_RAW,COL_RAW_EXPORT,MBEW,SELECT * FROM COLLINS_RAW.COL_RAW_EXPORT.MBEW,21,VMSAV,NUMBER,
MBEW,col_raw_export,TABLE_OR_VIEW,COLLINS_RAW,COL_RAW_EXPORT,MBEW,SELECT * FROM COLLINS_RAW.COL_RAW_EXPORT.MBEW,22,VJKUM,NUMBER,
MBEW,col_raw_export,TABLE_OR_VIEW,COLLINS_RAW,COL_RAW_EXPORT,MBEW,SELECT * FROM COLLINS_RAW.COL_RAW_EXPORT.MBEW,23,VJSAL,NUMBER,
MBEW,col_raw_export,TABLE_OR_VIEW,COLLINS_RAW,COL_RAW_EXPORT,MBEW,SELECT * FROM COLLINS_RAW.COL_RAW_EXPORT.MBEW,24,VJVPR,TEXT,
MBEW,col_raw_export,TABLE_OR_VIEW,COLLINS_RAW,COL_RAW_EXPORT,MBEW,SELECT * FROM COLLINS_RAW.COL_RAW_EXPORT.MBEW,25,VJVER,NUMBER,
MBEW,col_raw_export,TABLE_OR_VIEW,COLLINS_RAW,COL_RAW_EXPORT,MBEW,SELECT * FROM COLLINS_RAW.COL_RAW_EXPORT.MBEW,26,VJSTP,NUMBER,
MBEW,col_raw_export,TABLE_OR_VIEW,COLLINS_RAW,COL_RAW_EXPORT,MBEW,SELECT * FROM COLLINS_RAW.COL_RAW_EXPORT.MBEW,27,VJPEI,NUMBER,
MBEW,col_raw_export,TABLE_OR_VIEW,COLLINS_RAW,COL_RAW_EXPORT,MBEW,SELECT * FROM COLLINS_RAW.COL_RAW_EXPORT.MBEW,28,VJBKL,TEXT,
MBEW,col_raw_export,TABLE_OR_VIEW,COLLINS_RAW,COL_RAW_EXPORT,MBEW,SELECT * FROM COLLINS_RAW.COL_RAW_EXPORT.MBEW,29,VJSAV,NUMBER,
MBEW,col_raw_export,TABLE_OR_VIEW,COLLINS_RAW,COL_RAW_EXPORT,MBEW,SELECT * FROM COLLINS_RAW.COL_RAW_EXPORT.MBEW,30,LFGJA,TEXT,
MBEW,col_raw_export,TABLE_OR_VIEW,COLLINS_RAW,COL_RAW_EXPORT,MBEW,SELECT * FROM COLLINS_RAW.COL_RAW_EXPORT.MBEW,31,LFMON,TEXT,
MBEW,col_raw_export,TABLE_OR_VIEW,COLLINS_RAW,COL_RAW_EXPORT,MBEW,SELECT * FROM COLLINS_RAW.COL_RAW_EXPORT.MBEW,32,BWTTY,TEXT,
MBEW,col_raw_export,TABLE_OR_VIEW,COLLINS_RAW,COL_RAW_EXPORT,MBEW,SELECT * FROM COLLINS_RAW.COL_RAW_EXPORT.MBEW,33,STPRV,NUMBER,
MBEW,col_raw_export,TABLE_OR_VIEW,COLLINS_RAW,COL_RAW_EXPORT,MBEW,SELECT * FROM COLLINS_RAW.COL_RAW_EXPORT.MBEW,34,LAEPR,TEXT,
MBEW,col_raw_export,TABLE_OR_VIEW,COLLINS_RAW,COL_RAW_EXPORT,MBEW,SELECT * FROM COLLINS_RAW.COL_RAW_EXPORT.MBEW,35,ZKPRS,NUMBER,
MBEW,col_raw_export,TABLE_OR_VIEW,COLLINS_RAW,COL_RAW_EXPORT,MBEW,SELECT * FROM COLLINS_RAW.COL_RAW_EXPORT.MBEW,36,ZKDAT,TEXT,
MBEW,col_raw_export,TABLE_OR_VIEW,COLLINS_RAW,COL_RAW_EXPORT,MBEW,SELECT * FROM COLLINS_RAW.COL_RAW_EXPORT.MBEW,37,TIMESTAMP,NUMBER,
MBEW,col_raw_export,TABLE_OR_VIEW,COLLINS_RAW,COL_RAW_EXPORT,MBEW,SELECT * FROM COLLINS_RAW.COL_RAW_EXPORT.MBEW,38,BWPRS,NUMBER,
MBEW,col_raw_export,TABLE_OR_VIEW,COLLINS_RAW,COL_RAW_EXPORT,MBEW,SELECT * FROM COLLINS_RAW.COL_RAW_EXPORT.MBEW,39,BWPRH,NUMBER,
MBEW,col_raw_export,TABLE_OR_VIEW,COLLINS_RAW,COL_RAW_EXPORT,MBEW,SELECT * FROM COLLINS_RAW.COL_RAW_EXPORT.MBEW,40,VJBWS,NUMBER,
MBEW,col_raw_export,TABLE_OR_VIEW,COLLINS_RAW,COL_RAW_EXPORT,MBEW,SELECT * FROM COLLINS_RAW.COL_RAW_EXPORT.MBEW,41,VJBWH,NUMBER,
MBEW,col_raw_export,TABLE_OR_VIEW,COLLINS_RAW,COL_RAW_EXPORT,MBEW,SELECT * FROM COLLINS_RAW.COL_RAW_EXPORT.MBEW,42,VVJSL,NUMBER,
MBEW,col_raw_export,TABLE_OR_VIEW,COLLINS_RAW,COL_RAW_EXPORT,MBEW,SELECT * FROM COLLINS_RAW.COL_RAW_EXPORT.MBEW,43,VVJLB,NUMBER,
MBEW,col_raw_export,TABLE_OR_VIEW,COLLINS_RAW,COL_RAW_EXPORT,MBEW,SELECT * FROM COLLINS_RAW.COL_RAW_EXPORT.MBEW,44,VVMLB,NUMBER,
MBEW,col_raw_export,TABLE_OR_VIEW,COLLINS_RAW,COL_RAW_EXPORT,MBEW,SELECT * FROM COLLINS_RAW.COL_RAW_EXPORT.MBEW,45,VVSAL,NUMBER,
MBEW,col_raw_export,TABLE_OR_VIEW,COLLINS_RAW,COL_RAW_EXPORT,MBEW,SELECT * FROM COLLINS_RAW.COL_RAW_EXPORT.MBEW,46,ZPLPR,NUMBER,
MBEW,col_raw_export,TABLE_OR_VIEW,COLLINS_RAW,COL_RAW_EXPORT,MBEW,SELECT * FROM COLLINS_RAW.COL_RAW_EXPORT.MBEW,47,ZPLP1,NUMBER,
MBEW,col_raw_export,TABLE_OR_VIEW,COLLINS_RAW,COL_RAW_EXPORT,MBEW,SELECT * FROM COLLINS_RAW.COL_RAW_EXPORT.MBEW,48,ZPLP2,NUMBER,
MBEW,col_raw_export,TABLE_OR_VIEW,COLLINS_RAW,COL_RAW_EXPORT,MBEW,SELECT * FROM COLLINS_RAW.COL_RAW_EXPORT.MBEW,49,ZPLP3,NUMBER,
MBEW,col_raw_export,TABLE_OR_VIEW,COLLINS_RAW,COL_RAW_EXPORT,MBEW,SELECT * FROM COLLINS_RAW.COL_RAW_EXPORT.MBEW,50,ZPLD1,TEXT,
MBEW,col_raw_export,TABLE_OR_VIEW,COLLINS_RAW,COL_RAW_EXPORT,MBEW,SELECT * FROM COLLINS_RAW.COL_RAW_EXPORT.MBEW,51,ZPLD2,TEXT,
MBEW,col_raw_export,TABLE_OR_VIEW,COLLINS_RAW,COL_RAW_EXPORT,MBEW,SELECT * FROM COLLINS_RAW.COL_RAW_EXPORT.MBEW,52,ZPLD3,TEXT,
MBEW,col_raw_export,TABLE_OR_VIEW,COLLINS_RAW,COL_RAW_EXPORT,MBEW,SELECT * FROM COLLINS_RAW.COL_RAW_EXPORT.MBEW,53,PPERZ,TEXT,
MBEW,col_raw_export,TABLE_OR_VIEW,COLLINS_RAW,COL_RAW_EXPORT,MBEW,SELECT * FROM COLLINS_RAW.COL_RAW_EXPORT.MBEW,54,PPERL,TEXT,
MBEW,col_raw_export,TABLE_OR_VIEW,COLLINS_RAW,COL_RAW_EXPORT,MBEW,SELECT * FROM COLLINS_RAW.COL_RAW_EXPORT.MBEW,55,PPERV,TEXT,
MBEW,col_raw_export,TABLE_OR_VIEW,COLLINS_RAW,COL_RAW_EXPORT,MBEW,SELECT * FROM COLLINS_RAW.COL_RAW_EXPORT.MBEW,56,KALKZ,TEXT,
MBEW,col_raw_export,TABLE_OR_VIEW,COLLINS_RAW,COL_RAW_EXPORT,MBEW,SELECT * FROM COLLINS_RAW.COL_RAW_EXPORT.MBEW,57,KALKL,TEXT,
MBEW,col_raw_export,TABLE_OR_VIEW,COLLINS_RAW,COL_RAW_EXPORT,MBEW,SELECT * FROM COLLINS_RAW.COL_RAW_EXPORT.MBEW,58,KALKV,TEXT,
MBEW,col_raw_export,TABLE_OR_VIEW,COLLINS_RAW,COL_RAW_EXPORT,MBEW,SELECT * FROM COLLINS_RAW.COL_RAW_EXPORT.MBEW,59,KALSC,TEXT,
MBEW,col_raw_export,TABLE_OR_VIEW,COLLINS_RAW,COL_RAW_EXPORT,MBEW,SELECT * FROM COLLINS_RAW.COL_RAW_EXPORT.MBEW,60,XLIFO,TEXT,
MBEW,col_raw_export,TABLE_OR_VIEW,COLLINS_RAW,COL_RAW_EXPORT,MBEW,SELECT * FROM COLLINS_RAW.COL_RAW_EXPORT.MBEW,61,MYPOL,TEXT,
MBEW,col_raw_export,TABLE_OR_VIEW,COLLINS_RAW,COL_RAW_EXPORT,MBEW,SELECT * FROM COLLINS_RAW.COL_RAW_EXPORT.MBEW,62,BWPH1,NUMBER,
MBEW,col_raw_export,TABLE_OR_VIEW,COLLINS_RAW,COL_RAW_EXPORT,MBEW,SELECT * FROM COLLINS_RAW.COL_RAW_EXPORT.MBEW,63,BWPS1,NUMBER,
MBEW,col_raw_export,TABLE_OR_VIEW,COLLINS_RAW,COL_RAW_EXPORT,MBEW,SELECT * FROM COLLINS_RAW.COL_RAW_EXPORT.MBEW,64,ABWKZ,TEXT,
MBEW,col_raw_export,TABLE_OR_VIEW,COLLINS_RAW,COL_RAW_EXPORT,MBEW,SELECT * FROM COLLINS_RAW.COL_RAW_EXPORT.MBEW,65,PSTAT,TEXT,
MBEW,col_raw_export,TABLE_OR_VIEW,COLLINS_RAW,COL_RAW_EXPORT,MBEW,SELECT * FROM COLLINS_RAW.COL_RAW_EXPORT.MBEW,66,KALN1,TEXT,
MBEW,col_raw_export,TABLE_OR_VIEW,COLLINS_RAW,COL_RAW_EXPORT,MBEW,SELECT * FROM COLLINS_RAW.COL_RAW_EXPORT.MBEW,67,KALNR,TEXT,
MBEW,col_raw_export,TABLE_OR_VIEW,COLLINS_RAW,COL_RAW_EXPORT,MBEW,SELECT * FROM COLLINS_RAW.COL_RAW_EXPORT.MBEW,68,BWVA1,TEXT,
MBEW,col_raw_export,TABLE_OR_VIEW,COLLINS_RAW,COL_RAW_EXPORT,MBEW,SELECT * FROM COLLINS_RAW.COL_RAW_EXPORT.MBEW,69,BWVA2,TEXT,
MBEW,col_raw_export,TABLE_OR_VIEW,COLLINS_RAW,COL_RAW_EXPORT,MBEW,SELECT * FROM COLLINS_RAW.COL_RAW_EXPORT.MBEW,70,BWVA3,TEXT,
MBEW,col_raw_export,TABLE_OR_VIEW,COLLINS_RAW,COL_RAW_EXPORT,MBEW,SELECT * FROM COLLINS_RAW.COL_RAW_EXPORT.MBEW,71,VERS1,TEXT,
MBEW,col_raw_export,TABLE_OR_VIEW,COLLINS_RAW,COL_RAW_EXPORT,MBEW,SELECT * FROM COLLINS_RAW.COL_RAW_EXPORT.MBEW,72,VERS2,TEXT,
MBEW,col_raw_export,TABLE_OR_VIEW,COLLINS_RAW,COL_RAW_EXPORT,MBEW,SELECT * FROM COLLINS_RAW.COL_RAW_EXPORT.MBEW,73,VERS3,TEXT,
MBEW,col_raw_export,TABLE_OR_VIEW,COLLINS_RAW,COL_RAW_EXPORT,MBEW,SELECT * FROM COLLINS_RAW.COL_RAW_EXPORT.MBEW,74,HRKFT,TEXT,
MBEW,col_raw_export,TABLE_OR_VIEW,COLLINS_RAW,COL_RAW_EXPORT,MBEW,SELECT * FROM COLLINS_RAW.COL_RAW_EXPORT.MBEW,75,KOSGR,TEXT,
MBEW,col_raw_export,TABLE_OR_VIEW,COLLINS_RAW,COL_RAW_EXPORT,MBEW,SELECT * FROM COLLINS_RAW.COL_RAW_EXPORT.MBEW,76,PPRDZ,TEXT,
MBEW,col_raw_export,TABLE_OR_VIEW,COLLINS_RAW,COL_RAW_EXPORT,MBEW,SELECT * FROM COLLINS_RAW.COL_RAW_EXPORT.MBEW,77,PPRDL,TEXT,
MBEW,col_raw_export,TABLE_OR_VIEW,COLLINS_RAW,COL_RAW_EXPORT,MBEW,SELECT * FROM COLLINS_RAW.COL_RAW_EXPORT.MBEW,78,PPRDV,TEXT,
MBEW,col_raw_export,TABLE_OR_VIEW,COLLINS_RAW,COL_RAW_EXPORT,MBEW,SELECT * FROM COLLINS_RAW.COL_RAW_EXPORT.MBEW,79,PDATZ,TEXT,
MBEW,col_raw_export,TABLE_OR_VIEW,COLLINS_RAW,COL_RAW_EXPORT,MBEW,SELECT * FROM COLLINS_RAW.COL_RAW_EXPORT.MBEW,80,PDATL,TEXT,
MBEW,col_raw_export,TABLE_OR_VIEW,COLLINS_RAW,COL_RAW_EXPORT,MBEW,SELECT * FROM COLLINS_RAW.COL_RAW_EXPORT.MBEW,81,PDATV,TEXT,
MBEW,col_raw_export,TABLE_OR_VIEW,COLLINS_RAW,COL_RAW_EXPORT,MBEW,SELECT * FROM COLLINS_RAW.COL_RAW_EXPORT.MBEW,82,EKALR,TEXT,
MBEW,col_raw_export,TABLE_OR_VIEW,COLLINS_RAW,COL_RAW_EXPORT,MBEW,SELECT * FROM COLLINS_RAW.COL_RAW_EXPORT.MBEW,83,VPLPR,NUMBER,
MBEW,col_raw_export,TABLE_OR_VIEW,COLLINS_RAW,COL_RAW_EXPORT,MBEW,SELECT * FROM COLLINS_RAW.COL_RAW_EXPORT.MBEW,84,MLMAA,TEXT,
MBEW,col_raw_export,TABLE_OR_VIEW,COLLINS_RAW,COL_RAW_EXPORT,MBEW,SELECT * FROM COLLINS_RAW.COL_RAW_EXPORT.MBEW,85,MLAST,TEXT,
MBEW,col_raw_export,TABLE_OR_VIEW,COLLINS_RAW,COL_RAW_EXPORT,MBEW,SELECT * FROM COLLINS_RAW.COL_RAW_EXPORT.MBEW,86,LPLPR,NUMBER,
MBEW,col_raw_export,TABLE_OR_VIEW,COLLINS_RAW,COL_RAW_EXPORT,MBEW,SELECT * FROM COLLINS_RAW.COL_RAW_EXPORT.MBEW,87,VKSAL,NUMBER,
MBEW,col_raw_export,TABLE_OR_VIEW,COLLINS_RAW,COL_RAW_EXPORT,MBEW,SELECT * FROM COLLINS_RAW.COL_RAW_EXPORT.MBEW,88,HKMAT,TEXT,
MBEW,col_raw_export,TABLE_OR_VIEW,COLLINS_RAW,COL_RAW_EXPORT,MBEW,SELECT * FROM COLLINS_RAW.COL_RAW_EXPORT.MBEW,89,SPERW,TEXT,
MBEW,col_raw_export,TABLE_OR_VIEW,COLLINS_RAW,COL_RAW_EXPORT,MBEW,SELECT * FROM COLLINS_RAW.COL_RAW_EXPORT.MBEW,90,KZIWL,TEXT,
MBEW,col_raw_export,TABLE_OR_VIEW,COLLINS_RAW,COL_RAW_EXPORT,MBEW,SELECT * FROM COLLINS_RAW.COL_RAW_EXPORT.MBEW,91,WLINL,TEXT,
MBEW,col_raw_export,TABLE_OR_VIEW,COLLINS_RAW,COL_RAW_EXPORT,MBEW,SELECT * FROM COLLINS_RAW.COL_RAW_EXPORT.MBEW,92,ABCIW,TEXT,
MBEW,col_raw_export,TABLE_OR_VIEW,COLLINS_RAW,COL_RAW_EXPORT,MBEW,SELECT * FROM COLLINS_RAW.COL_RAW_EXPORT.MBEW,93,BWSPA,NUMBER,
MBEW,col_raw_export,TABLE_OR_VIEW,COLLINS_RAW,COL_RAW_EXPORT,MBEW,SELECT * FROM COLLINS_RAW.COL_RAW_EXPORT.MBEW,94,LPLPX,NUMBER,
MBEW,col_raw_export,TABLE_OR_VIEW,COLLINS_RAW,COL_RAW_EXPORT,MBEW,SELECT * FROM COLLINS_RAW.COL_RAW_EXPORT.MBEW,95,VPLPX,NUMBER,
MBEW,col_raw_export,TABLE_OR_VIEW,COLLINS_RAW,COL_RAW_EXPORT,MBEW,SELECT * FROM COLLINS_RAW.COL_RAW_EXPORT.MBEW,96,FPLPX,NUMBER,
MBEW,col_raw_export,TABLE_OR_VIEW,COLLINS_RAW,COL_RAW_EXPORT,MBEW,SELECT * FROM COLLINS_RAW.COL_RAW_EXPORT.MBEW,97,LBWST,TEXT,
MBEW,col_raw_export,TABLE_OR_VIEW,COLLINS_RAW,COL_RAW_EXPORT,MBEW,SELECT * FROM COLLINS_RAW.COL_RAW_EXPORT.MBEW,98,VBWST,TEXT,
MBEW,col_raw_export,TABLE_OR_VIEW,COLLINS_RAW,COL_RAW_EXPORT,MBEW,SELECT * FROM COLLINS_RAW.COL_RAW_EXPORT.MBEW,99,FBWST,TEXT,
MBEW,col_raw_export,TABLE_OR_VIEW,COLLINS_RAW,COL_RAW_EXPORT,MBEW,SELECT * FROM COLLINS_RAW.COL_RAW_EXPORT.MBEW,100,EKLAS,TEXT,
MBEW,col_raw_export,TABLE_OR_VIEW,COLLINS_RAW,COL_RAW_EXPORT,MBEW,SELECT * FROM COLLINS_RAW.COL_RAW_EXPORT.MBEW,101,QKLAS,TEXT,
MBEW,col_raw_export,TABLE_OR_VIEW,COLLINS_RAW,COL_RAW_EXPORT,MBEW,SELECT * FROM COLLINS_RAW.COL_RAW_EXPORT.MBEW,102,MTUSE,TEXT,
MBEW,col_raw_export,TABLE_OR_VIEW,COLLINS_RAW,COL_RAW_EXPORT,MBEW,SELECT * FROM COLLINS_RAW.COL_RAW_EXPORT.MBEW,103,MTORG,TEXT,
MBEW,col_raw_export,TABLE_OR_VIEW,COLLINS_RAW,COL_RAW_EXPORT,MBEW,SELECT * FROM COLLINS_RAW.COL_RAW_EXPORT.MBEW,104,OWNPR,TEXT,
MBEW,col_raw_export,TABLE_OR_VIEW,COLLINS_RAW,COL_RAW_EXPORT,MBEW,SELECT * FROM COLLINS_RAW.COL_RAW_EXPORT.MBEW,105,XBEWM,TEXT,
MBEW,col_raw_export,TABLE_OR_VIEW,COLLINS_RAW,COL_RAW_EXPORT,MBEW,SELECT * FROM COLLINS_RAW.COL_RAW_EXPORT.MBEW,106,BWPEI,NUMBER,
MBEW,col_raw_export,TABLE_OR_VIEW,COLLINS_RAW,COL_RAW_EXPORT,MBEW,SELECT * FROM COLLINS_RAW.COL_RAW_EXPORT.MBEW,107,MBRUE,TEXT,
MBEW,col_raw_export,TABLE_OR_VIEW,COLLINS_RAW,COL_RAW_EXPORT,MBEW,SELECT * FROM COLLINS_RAW.COL_RAW_EXPORT.MBEW,108,OKLAS,TEXT,
MBEW,col_raw_export,TABLE_OR_VIEW,COLLINS_RAW,COL_RAW_EXPORT,MBEW,SELECT * FROM COLLINS_RAW.COL_RAW_EXPORT.MBEW,109,OIPPINV,TEXT,
MBEW,col_raw_export,TABLE_OR_VIEW,COLLINS_RAW,COL_RAW_EXPORT,MBEW,SELECT * FROM COLLINS_RAW.COL_RAW_EXPORT.MBEW,110,REPL_CDC_DATE,TIMESTAMP_NTZ,
MBEW,col_raw_export,TABLE_OR_VIEW,COLLINS_RAW,COL_RAW_EXPORT,MBEW,SELECT * FROM COLLINS_RAW.COL_RAW_EXPORT.MBEW,111,REPL_CDC_OPCODE,TEXT,
MSKU,col_raw_export,TABLE_OR_VIEW,COLLINS_RAW,COL_RAW_EXPORT,MSKU,SELECT * FROM COLLINS_RAW.COL_RAW_EXPORT.MSKU,1,MANDT,TEXT,
MSKU,col_raw_export,TABLE_OR_VIEW,COLLINS_RAW,COL_RAW_EXPORT,MSKU,SELECT * FROM COLLINS_RAW.COL_RAW_EXPORT.MSKU,2,MATNR,TEXT,
MSKU,col_raw_export,TABLE_OR_VIEW,COLLINS_RAW,COL_RAW_EXPORT,MSKU,SELECT * FROM COLLINS_RAW.COL_RAW_EXPORT.MSKU,3,WERKS,TEXT,
MSKU,col_raw_export,TABLE_OR_VIEW,COLLINS_RAW,COL_RAW_EXPORT,MSKU,SELECT * FROM COLLINS_RAW.COL_RAW_EXPORT.MSKU,4,CHARG,TEXT,
MSKU,col_raw_export,TABLE_OR_VIEW,COLLINS_RAW,COL_RAW_EXPORT,MSKU,SELECT * FROM COLLINS_RAW.COL_RAW_EXPORT.MSKU,5,SOBKZ,TEXT,
MSKU,col_raw_export,TABLE_OR_VIEW,COLLINS_RAW,COL_RAW_EXPORT,MSKU,SELECT * FROM COLLINS_RAW.COL_RAW_EXPORT.MSKU,6,KUNNR,TEXT,
MSKU,col_raw_export,TABLE_OR_VIEW,COLLINS_RAW,COL_RAW_EXPORT,MSKU,SELECT * FROM COLLINS_RAW.COL_RAW_EXPORT.MSKU,7,LFGJA,TEXT,
MSKU,col_raw_export,TABLE_OR_VIEW,COLLINS_RAW,COL_RAW_EXPORT,MSKU,SELECT * FROM COLLINS_RAW.COL_RAW_EXPORT.MSKU,8,LFMON,TEXT,
MSKU,col_raw_export,TABLE_OR_VIEW,COLLINS_RAW,COL_RAW_EXPORT,MSKU,SELECT * FROM COLLINS_RAW.COL_RAW_EXPORT.MSKU,9,KUSPR,TEXT,
MSKU,col_raw_export,TABLE_OR_VIEW,COLLINS_RAW,COL_RAW_EXPORT,MSKU,SELECT * FROM COLLINS_RAW.COL_RAW_EXPORT.MSKU,10,KULAB,NUMBER,
MSKU,col_raw_export,TABLE_OR_VIEW,COLLINS_RAW,COL_RAW_EXPORT,MSKU,SELECT * FROM COLLINS_RAW.COL_RAW_EXPORT.MSKU,11,KUINS,NUMBER,
MSKU,col_raw_export,TABLE_OR_VIEW,COLLINS_RAW,COL_RAW_EXPORT,MSKU,SELECT * FROM COLLINS_RAW.COL_RAW_EXPORT.MSKU,12,KUVLA,NUMBER,
MSKU,col_raw_export,TABLE_OR_VIEW,COLLINS_RAW,COL_RAW_EXPORT,MSKU,SELECT * FROM COLLINS_RAW.COL_RAW_EXPORT.MSKU,13,KUVIN,NUMBER,
MSKU,col_raw_export,TABLE_OR_VIEW,COLLINS_RAW,COL_RAW_EXPORT,MSKU,SELECT * FROM COLLINS_RAW.COL_RAW_EXPORT.MSKU,14,KUILL,TEXT,
MSKU,col_raw_export,TABLE_OR_VIEW,COLLINS_RAW,COL_RAW_EXPORT,MSKU,SELECT * FROM COLLINS_RAW.COL_RAW_EXPORT.MSKU,15,KUILQ,TEXT,
MSKU,col_raw_export,TABLE_OR_VIEW,COLLINS_RAW,COL_RAW_EXPORT,MSKU,SELECT * FROM COLLINS_RAW.COL_RAW_EXPORT.MSKU,16,KUVLL,TEXT,
MSKU,col_raw_export,TABLE_OR_VIEW,COLLINS_RAW,COL_RAW_EXPORT,MSKU,SELECT * FROM COLLINS_RAW.COL_RAW_EXPORT.MSKU,17,KUVLQ,TEXT,
MSKU,col_raw_export,TABLE_OR_VIEW,COLLINS_RAW,COL_RAW_EXPORT,MSKU,SELECT * FROM COLLINS_RAW.COL_RAW_EXPORT.MSKU,18,KUFLL,TEXT,
MSKU,col_raw_export,TABLE_OR_VIEW,COLLINS_RAW,COL_RAW_EXPORT,MSKU,SELECT * FROM COLLINS_RAW.COL_RAW_EXPORT.MSKU,19,KUFLQ,TEXT,
MSKU,col_raw_export,TABLE_OR_VIEW,COLLINS_RAW,COL_RAW_EXPORT,MSKU,SELECT * FROM COLLINS_RAW.COL_RAW_EXPORT.MSKU,20,KUDLL,TEXT,
MSKU,col_raw_export,TABLE_OR_VIEW,COLLINS_RAW,COL_RAW_EXPORT,MSKU,SELECT * FROM COLLINS_RAW.COL_RAW_EXPORT.MSKU,21,KUEIN,NUMBER,
MSKU,col_raw_export,TABLE_OR_VIEW,COLLINS_RAW,COL_RAW_EXPORT,MSKU,SELECT * FROM COLLINS_RAW.COL_RAW_EXPORT.MSKU,22,KUVEI,NUMBER,
MSKU,col_raw_export,TABLE_OR_VIEW,COLLINS_RAW,COL_RAW_EXPORT,MSKU,SELECT * FROM COLLINS_RAW.COL_RAW_EXPORT.MSKU,23,ERSDA,TEXT,
MSKU,col_raw_export,TABLE_OR_VIEW,COLLINS_RAW,COL_RAW_EXPORT,MSKU,SELECT * FROM COLLINS_RAW.COL_RAW_EXPORT.MSKU,24,KUJIN,TEXT,
MSKU,col_raw_export,TABLE_OR_VIEW,COLLINS_RAW,COL_RAW_EXPORT,MSKU,SELECT * FROM COLLINS_RAW.COL_RAW_EXPORT.MSKU,25,KURUE,TEXT,
MSKU,col_raw_export,TABLE_OR_VIEW,COLLINS_RAW,COL_RAW_EXPORT,MSKU,SELECT * FROM COLLINS_RAW.COL_RAW_EXPORT.MSKU,26,KUUML,NUMBER,
MSKU,col_raw_export,TABLE_OR_VIEW,COLLINS_RAW,COL_RAW_EXPORT,MSKU,SELECT * FROM COLLINS_RAW.COL_RAW_EXPORT.MSKU,27,SGT_SCAT,TEXT,
MSKU,col_raw_export,TABLE_OR_VIEW,COLLINS_RAW,COL_RAW_EXPORT,MSKU,SELECT * FROM COLLINS_RAW.COL_RAW_EXPORT.MSKU,28,FSH_SEASON_YEAR,TEXT,
MSKU,col_raw_export,TABLE_OR_VIEW,COLLINS_RAW,COL_RAW_EXPORT,MSKU,SELECT * FROM COLLINS_RAW.COL_RAW_EXPORT.MSKU,29,FSH_SEASON,TEXT,
MSKU,col_raw_export,TABLE_OR_VIEW,COLLINS_RAW,COL_RAW_EXPORT,MSKU,SELECT * FROM COLLINS_RAW.COL_RAW_EXPORT.MSKU,30,FSH_COLLECTION,TEXT,
MSKU,col_raw_export,TABLE_OR_VIEW,COLLINS_RAW,COL_RAW_EXPORT,MSKU,SELECT * FROM COLLINS_RAW.COL_RAW_EXPORT.MSKU,31,FSH_THEME,TEXT,
MSKU,col_raw_export,TABLE_OR_VIEW,COLLINS_RAW,COL_RAW_EXPORT,MSKU,SELECT * FROM COLLINS_RAW.COL_RAW_EXPORT.MSKU,32,FSH_SALLOC_QTY,NUMBER,
MSKU,col_raw_export,TABLE_OR_VIEW,COLLINS_RAW,COL_RAW_EXPORT,MSKU,SELECT * FROM COLLINS_RAW.COL_RAW_EXPORT.MSKU,33,REPL_CDC_DATE,TIMESTAMP_NTZ,
MSKU,col_raw_export,TABLE_OR_VIEW,COLLINS_RAW,COL_RAW_EXPORT,MSKU,SELECT * FROM COLLINS_RAW.COL_RAW_EXPORT.MSKU,34,REPL_CDC_OPCODE,TEXT,
MSLB,col_raw_export,TABLE_OR_VIEW,COLLINS_RAW,COL_RAW_EXPORT,MSLB,SELECT * FROM COLLINS_RAW.COL_RAW_EXPORT.MSLB,1,MANDT,TEXT,
MSLB,col_raw_export,TABLE_OR_VIEW,COLLINS_RAW,COL_RAW_EXPORT,MSLB,SELECT * FROM COLLINS_RAW.COL_RAW_EXPORT.MSLB,2,MATNR,TEXT,
MSLB,col_raw_export,TABLE_OR_VIEW,COLLINS_RAW,COL_RAW_EXPORT,MSLB,SELECT * FROM COLLINS_RAW.COL_RAW_EXPORT.MSLB,3,WERKS,TEXT,
MSLB,col_raw_export,TABLE_OR_VIEW,COLLINS_RAW,COL_RAW_EXPORT,MSLB,SELECT * FROM COLLINS_RAW.COL_RAW_EXPORT.MSLB,4,CHARG,TEXT,
MSLB,col_raw_export,TABLE_OR_VIEW,COLLINS_RAW,COL_RAW_EXPORT,MSLB,SELECT * FROM COLLINS_RAW.COL_RAW_EXPORT.MSLB,5,SOBKZ,TEXT,
MSLB,col_raw_export,TABLE_OR_VIEW,COLLINS_RAW,COL_RAW_EXPORT,MSLB,SELECT * FROM COLLINS_RAW.COL_RAW_EXPORT.MSLB,6,LIFNR,TEXT,
MSLB,col_raw_export,TABLE_OR_VIEW,COLLINS_RAW,COL_RAW_EXPORT,MSLB,SELECT * FROM COLLINS_RAW.COL_RAW_EXPORT.MSLB,7,LFGJA,TEXT,
MSLB,col_raw_export,TABLE_OR_VIEW,COLLINS_RAW,COL_RAW_EXPORT,MSLB,SELECT * FROM COLLINS_RAW.COL_RAW_EXPORT.MSLB,8,LFMON,TEXT,
MSLB,col_raw_export,TABLE_OR_VIEW,COLLINS_RAW,COL_RAW_EXPORT,MSLB,SELECT * FROM COLLINS_RAW.COL_RAW_EXPORT.MSLB,9,LBSPR,TEXT,
MSLB,col_raw_export,TABLE_OR_VIEW,COLLINS_RAW,COL_RAW_EXPORT,MSLB,SELECT * FROM COLLINS_RAW.COL_RAW_EXPORT.MSLB,10,LBLAB,NUMBER,
MSLB,col_raw_export,TABLE_OR_VIEW,COLLINS_RAW,COL_RAW_EXPORT,MSLB,SELECT * FROM COLLINS_RAW.COL_RAW_EXPORT.MSLB,11,LBINS,NUMBER,
MSLB,col_raw_export,TABLE_OR_VIEW,COLLINS_RAW,COL_RAW_EXPORT,MSLB,SELECT * FROM COLLINS_RAW.COL_RAW_EXPORT.MSLB,12,LBVLA,NUMBER,
MSLB,col_raw_export,TABLE_OR_VIEW,COLLINS_RAW,COL_RAW_EXPORT,MSLB,SELECT * FROM COLLINS_RAW.COL_RAW_EXPORT.MSLB,13,LBVIN,NUMBER,
MSLB,col_raw_export,TABLE_OR_VIEW,COLLINS_RAW,COL_RAW_EXPORT,MSLB,SELECT * FROM COLLINS_RAW.COL_RAW_EXPORT.MSLB,14,LBILL,TEXT,
MSLB,col_raw_export,TABLE_OR_VIEW,COLLINS_RAW,COL_RAW_EXPORT,MSLB,SELECT * FROM COLLINS_RAW.COL_RAW_EXPORT.MSLB,15,LBILQ,TEXT,
MSLB,col_raw_export,TABLE_OR_VIEW,COLLINS_RAW,COL_RAW_EXPORT,MSLB,SELECT * FROM COLLINS_RAW.COL_RAW_EXPORT.MSLB,16,LBVLL,TEXT,
MSLB,col_raw_export,TABLE_OR_VIEW,COLLINS_RAW,COL_RAW_EXPORT,MSLB,SELECT * FROM COLLINS_RAW.COL_RAW_EXPORT.MSLB,17,LBVLQ,TEXT,
MSLB,col_raw_export,TABLE_OR_VIEW,COLLINS_RAW,COL_RAW_EXPORT,MSLB,SELECT * FROM COLLINS_RAW.COL_RAW_EXPORT.MSLB,18,LBFLL,TEXT,
MSLB,col_raw_export,TABLE_OR_VIEW,COLLINS_RAW,COL_RAW_EXPORT,MSLB,SELECT * FROM COLLINS_RAW.COL_RAW_EXPORT.MSLB,19,LBFLQ,TEXT,
MSLB,col_raw_export,TABLE_OR_VIEW,COLLINS_RAW,COL_RAW_EXPORT,MSLB,SELECT * FROM COLLINS_RAW.COL_RAW_EXPORT.MSLB,20,LBDLL,TEXT,
MSLB,col_raw_export,TABLE_OR_VIEW,COLLINS_RAW,COL_RAW_EXPORT,MSLB,SELECT * FROM COLLINS_RAW.COL_RAW_EXPORT.MSLB,21,LBEIN,NUMBER,
MSLB,col_raw_export,TABLE_OR_VIEW,COLLINS_RAW,COL_RAW_EXPORT,MSLB,SELECT * FROM COLLINS_RAW.COL_RAW_EXPORT.MSLB,22,LBVEI,NUMBER,
MSLB,col_raw_export,TABLE_OR_VIEW,COLLINS_RAW,COL_RAW_EXPORT,MSLB,SELECT * FROM COLLINS_RAW.COL_RAW_EXPORT.MSLB,23,ERSDA,TEXT,
MSLB,col_raw_export,TABLE_OR_VIEW,COLLINS_RAW,COL_RAW_EXPORT,MSLB,SELECT * FROM COLLINS_RAW.COL_RAW_EXPORT.MSLB,24,LBJIN,TEXT,
MSLB,col_raw_export,TABLE_OR_VIEW,COLLINS_RAW,COL_RAW_EXPORT,MSLB,SELECT * FROM COLLINS_RAW.COL_RAW_EXPORT.MSLB,25,LBRUE,TEXT,
MSLB,col_raw_export,TABLE_OR_VIEW,COLLINS_RAW,COL_RAW_EXPORT,MSLB,SELECT * FROM COLLINS_RAW.COL_RAW_EXPORT.MSLB,26,LBUML,NUMBER,
MSLB,col_raw_export,TABLE_OR_VIEW,COLLINS_RAW,COL_RAW_EXPORT,MSLB,SELECT * FROM COLLINS_RAW.COL_RAW_EXPORT.MSLB,27,SGT_SCAT,TEXT,
MSLB,col_raw_export,TABLE_OR_VIEW,COLLINS_RAW,COL_RAW_EXPORT,MSLB,SELECT * FROM COLLINS_RAW.COL_RAW_EXPORT.MSLB,28,REPL_CDC_DATE,TIMESTAMP_NTZ,
MSLB,col_raw_export,TABLE_OR_VIEW,COLLINS_RAW,COL_RAW_EXPORT,MSLB,SELECT * FROM COLLINS_RAW.COL_RAW_EXPORT.MSLB,29,REPL_CDC_OPCODE,TEXT,
MSPR,col_raw_export,TABLE_OR_VIEW,COLLINS_RAW,COL_RAW_EXPORT,MSPR,SELECT * FROM COLLINS_RAW.COL_RAW_EXPORT.MSPR,1,MANDT,TEXT,
MSPR,col_raw_export,TABLE_OR_VIEW,COLLINS_RAW,COL_RAW_EXPORT,MSPR,SELECT * FROM COLLINS_RAW.COL_RAW_EXPORT.MSPR,2,MATNR,TEXT,
MSPR,col_raw_export,TABLE_OR_VIEW,COLLINS_RAW,COL_RAW_EXPORT,MSPR,SELECT * FROM COLLINS_RAW.COL_RAW_EXPORT.MSPR,3,WERKS,TEXT,
MSPR,col_raw_export,TABLE_OR_VIEW,COLLINS_RAW,COL_RAW_EXPORT,MSPR,SELECT * FROM COLLINS_RAW.COL_RAW_EXPORT.MSPR,4,LGORT,TEXT,
MSPR,col_raw_export,TABLE_OR_VIEW,COLLINS_RAW,COL_RAW_EXPORT,MSPR,SELECT * FROM COLLINS_RAW.COL_RAW_EXPORT.MSPR,5,CHARG,TEXT,
MSPR,col_raw_export,TABLE_OR_VIEW,COLLINS_RAW,COL_RAW_EXPORT,MSPR,SELECT * FROM COLLINS_RAW.COL_RAW_EXPORT.MSPR,6,SOBKZ,TEXT,
MSPR,col_raw_export,TABLE_OR_VIEW,COLLINS_RAW,COL_RAW_EXPORT,MSPR,SELECT * FROM COLLINS_RAW.COL_RAW_EXPORT.MSPR,7,PSPNR,TEXT,
MSPR,col_raw_export,TABLE_OR_VIEW,COLLINS_RAW,COL_RAW_EXPORT,MSPR,SELECT * FROM COLLINS_RAW.COL_RAW_EXPORT.MSPR,8,LFGJA,TEXT,
MSPR,col_raw_export,TABLE_OR_VIEW,COLLINS_RAW,COL_RAW_EXPORT,MSPR,SELECT * FROM COLLINS_RAW.COL_RAW_EXPORT.MSPR,9,LFMON,TEXT,
MSPR,col_raw_export,TABLE_OR_VIEW,COLLINS_RAW,COL_RAW_EXPORT,MSPR,SELECT * FROM COLLINS_RAW.COL_RAW_EXPORT.MSPR,10,PRSPR,TEXT,
MSPR,col_raw_export,TABLE_OR_VIEW,COLLINS_RAW,COL_RAW_EXPORT,MSPR,SELECT * FROM COLLINS_RAW.COL_RAW_EXPORT.MSPR,11,PRLAB,NUMBER,
MSPR,col_raw_export,TABLE_OR_VIEW,COLLINS_RAW,COL_RAW_EXPORT,MSPR,SELECT * FROM COLLINS_RAW.COL_RAW_EXPORT.MSPR,12,PRINS,NUMBER,
MSPR,col_raw_export,TABLE_OR_VIEW,COLLINS_RAW,COL_RAW_EXPORT,MSPR,SELECT * FROM COLLINS_RAW.COL_RAW_EXPORT.MSPR,13,PRSPE,NUMBER,
MSPR,col_raw_export,TABLE_OR_VIEW,COLLINS_RAW,COL_RAW_EXPORT,MSPR,SELECT * FROM COLLINS_RAW.COL_RAW_EXPORT.MSPR,14,PRVLA,NUMBER,
MSPR,col_raw_export,TABLE_OR_VIEW,COLLINS_RAW,COL_RAW_EXPORT,MSPR,SELECT * FROM COLLINS_RAW.COL_RAW_EXPORT.MSPR,15,PRVIN,NUMBER,
MSPR,col_raw_export,TABLE_OR_VIEW,COLLINS_RAW,COL_RAW_EXPORT,MSPR,SELECT * FROM COLLINS_RAW.COL_RAW_EXPORT.MSPR,16,PRVSP,NUMBER,
MSPR,col_raw_export,TABLE_OR_VIEW,COLLINS_RAW,COL_RAW_EXPORT,MSPR,SELECT * FROM COLLINS_RAW.COL_RAW_EXPORT.MSPR,17,PRILL,TEXT,
MSPR,col_raw_export,TABLE_OR_VIEW,COLLINS_RAW,COL_RAW_EXPORT,MSPR,SELECT * FROM COLLINS_RAW.COL_RAW_EXPORT.MSPR,18,PRILQ,TEXT,
MSPR,col_raw_export,TABLE_OR_VIEW,COLLINS_RAW,COL_RAW_EXPORT,MSPR,SELECT * FROM COLLINS_RAW.COL_RAW_EXPORT.MSPR,19,PRILS,TEXT,
MSPR,col_raw_export,TABLE_OR_VIEW,COLLINS_RAW,COL_RAW_EXPORT,MSPR,SELECT * FROM COLLINS_RAW.COL_RAW_EXPORT.MSPR,20,PRVLL,TEXT,
MSPR,col_raw_export,TABLE_OR_VIEW,COLLINS_RAW,COL_RAW_EXPORT,MSPR,SELECT * FROM COLLINS_RAW.COL_RAW_EXPORT.MSPR,21,PRVLQ,TEXT,
MSPR,col_raw_export,TABLE_OR_VIEW,COLLINS_RAW,COL_RAW_EXPORT,MSPR,SELECT * FROM COLLINS_RAW.COL_RAW_EXPORT.MSPR,22,PRVLS,TEXT,
MSPR,col_raw_export,TABLE_OR_VIEW,COLLINS_RAW,COL_RAW_EXPORT,MSPR,SELECT * FROM COLLINS_RAW.COL_RAW_EXPORT.MSPR,23,PRFLL,TEXT,
MSPR,col_raw_export,TABLE_OR_VIEW,COLLINS_RAW,COL_RAW_EXPORT,MSPR,SELECT * FROM COLLINS_RAW.COL_RAW_EXPORT.MSPR,24,PRFLQ,TEXT,
MSPR,col_raw_export,TABLE_OR_VIEW,COLLINS_RAW,COL_RAW_EXPORT,MSPR,SELECT * FROM COLLINS_RAW.COL_RAW_EXPORT.MSPR,25,PRFLS,TEXT,
MSPR,col_raw_export,TABLE_OR_VIEW,COLLINS_RAW,COL_RAW_EXPORT,MSPR,SELECT * FROM COLLINS_RAW.COL_RAW_EXPORT.MSPR,26,PRDLL,TEXT,
MSPR,col_raw_export,TABLE_OR_VIEW,COLLINS_RAW,COL_RAW_EXPORT,MSPR,SELECT * FROM COLLINS_RAW.COL_RAW_EXPORT.MSPR,27,PREIN,NUMBER,
MSPR,col_raw_export,TABLE_OR_VIEW,COLLINS_RAW,COL_RAW_EXPORT,MSPR,SELECT * FROM COLLINS_RAW.COL_RAW_EXPORT.MSPR,28,PRVEI,NUMBER,
MSPR,col_raw_export,TABLE_OR_VIEW,COLLINS_RAW,COL_RAW_EXPORT,MSPR,SELECT * FROM COLLINS_RAW.COL_RAW_EXPORT.MSPR,29,ERSDA,TEXT,
MSPR,col_raw_export,TABLE_OR_VIEW,COLLINS_RAW,COL_RAW_EXPORT,MSPR,SELECT * FROM COLLINS_RAW.COL_RAW_EXPORT.MSPR,30,PRJIN,TEXT,
MSPR,col_raw_export,TABLE_OR_VIEW,COLLINS_RAW,COL_RAW_EXPORT,MSPR,SELECT * FROM COLLINS_RAW.COL_RAW_EXPORT.MSPR,31,PRRUE,TEXT,
MSPR,col_raw_export,TABLE_OR_VIEW,COLLINS_RAW,COL_RAW_EXPORT,MSPR,SELECT * FROM COLLINS_RAW.COL_RAW_EXPORT.MSPR,32,REPL_CDC_DATE,TIMESTAMP_NTZ,
MSPR,col_raw_export,TABLE_OR_VIEW,COLLINS_RAW,COL_RAW_EXPORT,MSPR,SELECT * FROM COLLINS_RAW.COL_RAW_EXPORT.MSPR,33,REPL_CDC_OPCODE,TEXT,
MVKE,col_raw_export,TABLE_OR_VIEW,COLLINS_RAW,COL_RAW_EXPORT,MVKE,SELECT * FROM COLLINS_RAW.COL_RAW_EXPORT.MVKE,1,MANDT,TEXT,
MVKE,col_raw_export,TABLE_OR_VIEW,COLLINS_RAW,COL_RAW_EXPORT,MVKE,SELECT * FROM COLLINS_RAW.COL_RAW_EXPORT.MVKE,2,MATNR,TEXT,
MVKE,col_raw_export,TABLE_OR_VIEW,COLLINS_RAW,COL_RAW_EXPORT,MVKE,SELECT * FROM COLLINS_RAW.COL_RAW_EXPORT.MVKE,3,VKORG,TEXT,
MVKE,col_raw_export,TABLE_OR_VIEW,COLLINS_RAW,COL_RAW_EXPORT,MVKE,SELECT * FROM COLLINS_RAW.COL_RAW_EXPORT.MVKE,4,VTWEG,TEXT,
MVKE,col_raw_export,TABLE_OR_VIEW,COLLINS_RAW,COL_RAW_EXPORT,MVKE,SELECT * FROM COLLINS_RAW.COL_RAW_EXPORT.MVKE,5,LVORM,TEXT,
MVKE,col_raw_export,TABLE_OR_VIEW,COLLINS_RAW,COL_RAW_EXPORT,MVKE,SELECT * FROM COLLINS_RAW.COL_RAW_EXPORT.MVKE,6,VERSG,TEXT,
MVKE,col_raw_export,TABLE_OR_VIEW,COLLINS_RAW,COL_RAW_EXPORT,MVKE,SELECT * FROM COLLINS_RAW.COL_RAW_EXPORT.MVKE,7,BONUS,TEXT,
MVKE,col_raw_export,TABLE_OR_VIEW,COLLINS_RAW,COL_RAW_EXPORT,MVKE,SELECT * FROM COLLINS_RAW.COL_RAW_EXPORT.MVKE,8,PROVG,TEXT,
MVKE,col_raw_export,TABLE_OR_VIEW,COLLINS_RAW,COL_RAW_EXPORT,MVKE,SELECT * FROM COLLINS_RAW.COL_RAW_EXPORT.MVKE,9,SKTOF,TEXT,
MVKE,col_raw_export,TABLE_OR_VIEW,COLLINS_RAW,COL_RAW_EXPORT,MVKE,SELECT * FROM COLLINS_RAW.COL_RAW_EXPORT.MVKE,10,VMSTA,TEXT,
MVKE,col_raw_export,TABLE_OR_VIEW,COLLINS_RAW,COL_RAW_EXPORT,MVKE,SELECT * FROM COLLINS_RAW.COL_RAW_EXPORT.MVKE,11,VMSTD,TEXT,
MVKE,col_raw_export,TABLE_OR_VIEW,COLLINS_RAW,COL_RAW_EXPORT,MVKE,SELECT * FROM COLLINS_RAW.COL_RAW_EXPORT.MVKE,12,AUMNG,NUMBER,
MVKE,col_raw_export,TABLE_OR_VIEW,COLLINS_RAW,COL_RAW_EXPORT,MVKE,SELECT * FROM COLLINS_RAW.COL_RAW_EXPORT.MVKE,13,LFMNG,NUMBER,
MVKE,col_raw_export,TABLE_OR_VIEW,COLLINS_RAW,COL_RAW_EXPORT,MVKE,SELECT * FROM COLLINS_RAW.COL_RAW_EXPORT.MVKE,14,EFMNG,NUMBER,
MVKE,col_raw_export,TABLE_OR_VIEW,COLLINS_RAW,COL_RAW_EXPORT,MVKE,SELECT * FROM COLLINS_RAW.COL_RAW_EXPORT.MVKE,15,SCMNG,NUMBER,
MVKE,col_raw_export,TABLE_OR_VIEW,COLLINS_RAW,COL_RAW_EXPORT,MVKE,SELECT * FROM COLLINS_RAW.COL_RAW_EXPORT.MVKE,16,SCHME,TEXT,
MVKE,col_raw_export,TABLE_OR_VIEW,COLLINS_RAW,COL_RAW_EXPORT,MVKE,SELECT * FROM COLLINS_RAW.COL_RAW_EXPORT.MVKE,17,VRKME,TEXT,
MVKE,col_raw_export,TABLE_OR_VIEW,COLLINS_RAW,COL_RAW_EXPORT,MVKE,SELECT * FROM COLLINS_RAW.COL_RAW_EXPORT.MVKE,18,MTPOS,TEXT,
MVKE,col_raw_export,TABLE_OR_VIEW,COLLINS_RAW,COL_RAW_EXPORT,MVKE,SELECT * FROM COLLINS_RAW.COL_RAW_EXPORT.MVKE,19,DWERK,TEXT,
MVKE,col_raw_export,TABLE_OR_VIEW,COLLINS_RAW,COL_RAW_EXPORT,MVKE,SELECT * FROM COLLINS_RAW.COL_RAW_EXPORT.MVKE,20,PRODH,TEXT,
MVKE,col_raw_export,TABLE_OR_VIEW,COLLINS_RAW,COL_RAW_EXPORT,MVKE,SELECT * FROM COLLINS_RAW.COL_RAW_EXPORT.MVKE,21,PMATN,TEXT,
MVKE,col_raw_export,TABLE_OR_VIEW,COLLINS_RAW,COL_RAW_EXPORT,MVKE,SELECT * FROM COLLINS_RAW.COL_RAW_EXPORT.MVKE,22,KONDM,TEXT,
MVKE,col_raw_export,TABLE_OR_VIEW,COLLINS_RAW,COL_RAW_EXPORT,MVKE,SELECT * FROM COLLINS_RAW.COL_RAW_EXPORT.MVKE,23,KTGRM,TEXT,
MVKE,col_raw_export,TABLE_OR_VIEW,COLLINS_RAW,COL_RAW_EXPORT,MVKE,SELECT * FROM COLLINS_RAW.COL_RAW_EXPORT.MVKE,24,MVGR1,TEXT,
MVKE,col_raw_export,TABLE_OR_VIEW,COLLINS_RAW,COL_RAW_EXPORT,MVKE,SELECT * FROM COLLINS_RAW.COL_RAW_EXPORT.MVKE,25,MVGR2,TEXT,
MVKE,col_raw_export,TABLE_OR_VIEW,COLLINS_RAW,COL_RAW_EXPORT,MVKE,SELECT * FROM COLLINS_RAW.COL_RAW_EXPORT.MVKE,26,MVGR3,TEXT,
MVKE,col_raw_export,TABLE_OR_VIEW,COLLINS_RAW,COL_RAW_EXPORT,MVKE,SELECT * FROM COLLINS_RAW.COL_RAW_EXPORT.MVKE,27,MVGR4,TEXT,
MVKE,col_raw_export,TABLE_OR_VIEW,COLLINS_RAW,COL_RAW_EXPORT,MVKE,SELECT * FROM COLLINS_RAW.COL_RAW_EXPORT.MVKE,28,MVGR5,TEXT,
MVKE,col_raw_export,TABLE_OR_VIEW,COLLINS_RAW,COL_RAW_EXPORT,MVKE,SELECT * FROM COLLINS_RAW.COL_RAW_EXPORT.MVKE,29,SSTUF,TEXT,
MVKE,col_raw_export,TABLE_OR_VIEW,COLLINS_RAW,COL_RAW_EXPORT,MVKE,SELECT * FROM COLLINS_RAW.COL_RAW_EXPORT.MVKE,30,PFLKS,TEXT,
MVKE,col_raw_export,TABLE_OR_VIEW,COLLINS_RAW,COL_RAW_EXPORT,MVKE,SELECT * FROM COLLINS_RAW.COL_RAW_EXPORT.MVKE,31,LSTFL,TEXT,
MVKE,col_raw_export,TABLE_OR_VIEW,COLLINS_RAW,COL_RAW_EXPORT,MVKE,SELECT * FROM COLLINS_RAW.COL_RAW_EXPORT.MVKE,32,LSTVZ,TEXT,
MVKE,col_raw_export,TABLE_OR_VIEW,COLLINS_RAW,COL_RAW_EXPORT,MVKE,SELECT * FROM COLLINS_RAW.COL_RAW_EXPORT.MVKE,33,LSTAK,TEXT,
MVKE,col_raw_export,TABLE_OR_VIEW,COLLINS_RAW,COL_RAW_EXPORT,MVKE,SELECT * FROM COLLINS_RAW.COL_RAW_EXPORT.MVKE,34,LDVFL,TEXT,
MVKE,col_raw_export,TABLE_OR_VIEW,COLLINS_RAW,COL_RAW_EXPORT,MVKE,SELECT * FROM COLLINS_RAW.COL_RAW_EXPORT.MVKE,35,LDBFL,TEXT,
MVKE,col_raw_export,TABLE_OR_VIEW,COLLINS_RAW,COL_RAW_EXPORT,MVKE,SELECT * FROM COLLINS_RAW.COL_RAW_EXPORT.MVKE,36,LDVZL,TEXT,
MVKE,col_raw_export,TABLE_OR_VIEW,COLLINS_RAW,COL_RAW_EXPORT,MVKE,SELECT * FROM COLLINS_RAW.COL_RAW_EXPORT.MVKE,37,LDBZL,TEXT,
MVKE,col_raw_export,TABLE_OR_VIEW,COLLINS_RAW,COL_RAW_EXPORT,MVKE,SELECT * FROM COLLINS_RAW.COL_RAW_EXPORT.MVKE,38,VDVFL,TEXT,
MVKE,col_raw_export,TABLE_OR_VIEW,COLLINS_RAW,COL_RAW_EXPORT,MVKE,SELECT * FROM COLLINS_RAW.COL_RAW_EXPORT.MVKE,39,VDBFL,TEXT,
MVKE,col_raw_export,TABLE_OR_VIEW,COLLINS_RAW,COL_RAW_EXPORT,MVKE,SELECT * FROM COLLINS_RAW.COL_RAW_EXPORT.MVKE,40,VDVZL,TEXT,
MVKE,col_raw_export,TABLE_OR_VIEW,COLLINS_RAW,COL_RAW_EXPORT,MVKE,SELECT * FROM COLLINS_RAW.COL_RAW_EXPORT.MVKE,41,VDBZL,TEXT,
MVKE,col_raw_export,TABLE_OR_VIEW,COLLINS_RAW,COL_RAW_EXPORT,MVKE,SELECT * FROM COLLINS_RAW.COL_RAW_EXPORT.MVKE,42,PRAT1,TEXT,
MVKE,col_raw_export,TABLE_OR_VIEW,COLLINS_RAW,COL_RAW_EXPORT,MVKE,SELECT * FROM COLLINS_RAW.COL_RAW_EXPORT.MVKE,43,PRAT2,TEXT,
MVKE,col_raw_export,TABLE_OR_VIEW,COLLINS_RAW,COL_RAW_EXPORT,MVKE,SELECT * FROM COLLINS_RAW.COL_RAW_EXPORT.MVKE,44,PRAT3,TEXT,
MVKE,col_raw_export,TABLE_OR_VIEW,COLLINS_RAW,COL_RAW_EXPORT,MVKE,SELECT * FROM COLLINS_RAW.COL_RAW_EXPORT.MVKE,45,PRAT4,TEXT,
MVKE,col_raw_export,TABLE_OR_VIEW,COLLINS_RAW,COL_RAW_EXPORT,MVKE,SELECT * FROM COLLINS_RAW.COL_RAW_EXPORT.MVKE,46,PRAT5,TEXT,
MVKE,col_raw_export,TABLE_OR_VIEW,COLLINS_RAW,COL_RAW_EXPORT,MVKE,SELECT * FROM COLLINS_RAW.COL_RAW_EXPORT.MVKE,47,PRAT6,TEXT,
MVKE,col_raw_export,TABLE_OR_VIEW,COLLINS_RAW,COL_RAW_EXPORT,MVKE,SELECT * FROM COLLINS_RAW.COL_RAW_EXPORT.MVKE,48,PRAT7,TEXT,
MVKE,col_raw_export,TABLE_OR_VIEW,COLLINS_RAW,COL_RAW_EXPORT,MVKE,SELECT * FROM COLLINS_RAW.COL_RAW_EXPORT.MVKE,49,PRAT8,TEXT,
MVKE,col_raw_export,TABLE_OR_VIEW,COLLINS_RAW,COL_RAW_EXPORT,MVKE,SELECT * FROM COLLINS_RAW.COL_RAW_EXPORT.MVKE,50,PRAT9,TEXT,
MVKE,col_raw_export,TABLE_OR_VIEW,COLLINS_RAW,COL_RAW_EXPORT,MVKE,SELECT * FROM COLLINS_RAW.COL_RAW_EXPORT.MVKE,51,PRATA,TEXT,
MVKE,col_raw_export,TABLE_OR_VIEW,COLLINS_RAW,COL_RAW_EXPORT,MVKE,SELECT * FROM COLLINS_RAW.COL_RAW_EXPORT.MVKE,52,RDPRF,TEXT,
MVKE,col_raw_export,TABLE_OR_VIEW,COLLINS_RAW,COL_RAW_EXPORT,MVKE,SELECT * FROM COLLINS_RAW.COL_RAW_EXPORT.MVKE,53,MEGRU,TEXT,
MVKE,col_raw_export,TABLE_OR_VIEW,COLLINS_RAW,COL_RAW_EXPORT,MVKE,SELECT * FROM COLLINS_RAW.COL_RAW_EXPORT.MVKE,54,LFMAX,NUMBER,
MVKE,col_raw_export,TABLE_OR_VIEW,COLLINS_RAW,COL_RAW_EXPORT,MVKE,SELECT * FROM COLLINS_RAW.COL_RAW_EXPORT.MVKE,55,RJART,TEXT,
MVKE,col_raw_export,TABLE_OR_VIEW,COLLINS_RAW,COL_RAW_EXPORT,MVKE,SELECT * FROM COLLINS_RAW.COL_RAW_EXPORT.MVKE,56,PBIND,TEXT,
MVKE,col_raw_export,TABLE_OR_VIEW,COLLINS_RAW,COL_RAW_EXPORT,MVKE,SELECT * FROM COLLINS_RAW.COL_RAW_EXPORT.MVKE,57,VAVME,TEXT,
MVKE,col_raw_export,TABLE_OR_VIEW,COLLINS_RAW,COL_RAW_EXPORT,MVKE,SELECT * FROM COLLINS_RAW.COL_RAW_EXPORT.MVKE,58,MATKC,TEXT,
MVKE,col_raw_export,TABLE_OR_VIEW,COLLINS_RAW,COL_RAW_EXPORT,MVKE,SELECT * FROM COLLINS_RAW.COL_RAW_EXPORT.MVKE,59,PVMSO,TEXT,
MVKE,col_raw_export,TABLE_OR_VIEW,COLLINS_RAW,COL_RAW_EXPORT,MVKE,SELECT * FROM COLLINS_RAW.COL_RAW_EXPORT.MVKE,60,/BEV1/EMLGRP,TEXT,
MVKE,col_raw_export,TABLE_OR_VIEW,COLLINS_RAW,COL_RAW_EXPORT,MVKE,SELECT * FROM COLLINS_RAW.COL_RAW_EXPORT.MVKE,61,/BEV1/EMDRCKSPL,TEXT,
MVKE,col_raw_export,TABLE_OR_VIEW,COLLINS_RAW,COL_RAW_EXPORT,MVKE,SELECT * FROM COLLINS_RAW.COL_RAW_EXPORT.MVKE,62,/BEV1/RPBEZME,TEXT,
MVKE,col_raw_export,TABLE_OR_VIEW,COLLINS_RAW,COL_RAW_EXPORT,MVKE,SELECT * FROM COLLINS_RAW.COL_RAW_EXPORT.MVKE,63,/BEV1/RPSNS,TEXT,
MVKE,col_raw_export,TABLE_OR_VIEW,COLLINS_RAW,COL_RAW_EXPORT,MVKE,SELECT * FROM COLLINS_RAW.COL_RAW_EXPORT.MVKE,64,/BEV1/RPSFA,TEXT,
MVKE,col_raw_export,TABLE_OR_VIEW,COLLINS_RAW,COL_RAW_EXPORT,MVKE,SELECT * FROM COLLINS_RAW.COL_RAW_EXPORT.MVKE,65,/BEV1/RPSKI,TEXT,
MVKE,col_raw_export,TABLE_OR_VIEW,COLLINS_RAW,COL_RAW_EXPORT,MVKE,SELECT * FROM COLLINS_RAW.COL_RAW_EXPORT.MVKE,66,/BEV1/RPSCO,TEXT,
MVKE,col_raw_export,TABLE_OR_VIEW,COLLINS_RAW,COL_RAW_EXPORT,MVKE,SELECT * FROM COLLINS_RAW.COL_RAW_EXPORT.MVKE,67,/BEV1/RPSSO,TEXT,
MVKE,col_raw_export,TABLE_OR_VIEW,COLLINS_RAW,COL_RAW_EXPORT,MVKE,SELECT * FROM COLLINS_RAW.COL_RAW_EXPORT.MVKE,68,NF_FLAG,TEXT,
MVKE,col_raw_export,TABLE_OR_VIEW,COLLINS_RAW,COL_RAW_EXPORT,MVKE,SELECT * FROM COLLINS_RAW.COL_RAW_EXPORT.MVKE,69,PLGTP,TEXT,
MVKE,col_raw_export,TABLE_OR_VIEW,COLLINS_RAW,COL_RAW_EXPORT,MVKE,SELECT * FROM COLLINS_RAW.COL_RAW_EXPORT.MVKE,70,ZZRLNTTY,TEXT,
MVKE,col_raw_export,TABLE_OR_VIEW,COLLINS_RAW,COL_RAW_EXPORT,MVKE,SELECT * FROM COLLINS_RAW.COL_RAW_EXPORT.MVKE,71,ZZPRFSBU,TEXT,
MVKE,col_raw_export,TABLE_OR_VIEW,COLLINS_RAW,COL_RAW_EXPORT,MVKE,SELECT * FROM COLLINS_RAW.COL_RAW_EXPORT.MVKE,72,ZZSPAREIND,TEXT,
MVKE,col_raw_export,TABLE_OR_VIEW,COLLINS_RAW,COL_RAW_EXPORT,MVKE,SELECT * FROM COLLINS_RAW.COL_RAW_EXPORT.MVKE,73,ZZSPINDDATE,TEXT,
MVKE,col_raw_export,TABLE_OR_VIEW,COLLINS_RAW,COL_RAW_EXPORT,MVKE,SELECT * FROM COLLINS_RAW.COL_RAW_EXPORT.MVKE,74,ZZOUTOFPROD,TEXT,
MVKE,col_raw_export,TABLE_OR_VIEW,COLLINS_RAW,COL_RAW_EXPORT,MVKE,SELECT * FROM COLLINS_RAW.COL_RAW_EXPORT.MVKE,75,REPL_CDC_DATE,TIMESTAMP_NTZ,
MVKE,col_raw_export,TABLE_OR_VIEW,COLLINS_RAW,COL_RAW_EXPORT,MVKE,SELECT * FROM COLLINS_RAW.COL_RAW_EXPORT.MVKE,76,REPL_CDC_OPCODE,TEXT,
T001,col_raw_export,TABLE_OR_VIEW,COLLINS_RAW,COL_RAW_EXPORT,T001,SELECT * FROM COLLINS_RAW.COL_RAW_EXPORT.T001,1,MANDT,TEXT,
T001,col_raw_export,TABLE_OR_VIEW,COLLINS_RAW,COL_RAW_EXPORT,T001,SELECT * FROM COLLINS_RAW.COL_RAW_EXPORT.T001,2,BUKRS,TEXT,
T001,col_raw_export,TABLE_OR_VIEW,COLLINS_RAW,COL_RAW_EXPORT,T001,SELECT * FROM COLLINS_RAW.COL_RAW_EXPORT.T001,3,BUTXT,TEXT,
T001,col_raw_export,TABLE_OR_VIEW,COLLINS_RAW,COL_RAW_EXPORT,T001,SELECT * FROM COLLINS_RAW.COL_RAW_EXPORT.T001,4,ORT01,TEXT,
T001,col_raw_export,TABLE_OR_VIEW,COLLINS_RAW,COL_RAW_EXPORT,T001,SELECT * FROM COLLINS_RAW.COL_RAW_EXPORT.T001,5,LAND1,TEXT,
T001,col_raw_export,TABLE_OR_VIEW,COLLINS_RAW,COL_RAW_EXPORT,T001,SELECT * FROM COLLINS_RAW.COL_RAW_EXPORT.T001,6,WAERS,TEXT,
T001,col_raw_export,TABLE_OR_VIEW,COLLINS_RAW,COL_RAW_EXPORT,T001,SELECT * FROM COLLINS_RAW.COL_RAW_EXPORT.T001,7,SPRAS,TEXT,
T001,col_raw_export,TABLE_OR_VIEW,COLLINS_RAW,COL_RAW_EXPORT,T001,SELECT * FROM COLLINS_RAW.COL_RAW_EXPORT.T001,8,KTOPL,TEXT,
T001,col_raw_export,TABLE_OR_VIEW,COLLINS_RAW,COL_RAW_EXPORT,T001,SELECT * FROM COLLINS_RAW.COL_RAW_EXPORT.T001,9,WAABW,TEXT,
T001,col_raw_export,TABLE_OR_VIEW,COLLINS_RAW,COL_RAW_EXPORT,T001,SELECT * FROM COLLINS_RAW.COL_RAW_EXPORT.T001,10,PERIV,TEXT,
T001,col_raw_export,TABLE_OR_VIEW,COLLINS_RAW,COL_RAW_EXPORT,T001,SELECT * FROM COLLINS_RAW.COL_RAW_EXPORT.T001,11,KOKFI,TEXT,
T001,col_raw_export,TABLE_OR_VIEW,COLLINS_RAW,COL_RAW_EXPORT,T001,SELECT * FROM COLLINS_RAW.COL_RAW_EXPORT.T001,12,RCOMP,TEXT,
T001,col_raw_export,TABLE_OR_VIEW,COLLINS_RAW,COL_RAW_EXPORT,T001,SELECT * FROM COLLINS_RAW.COL_RAW_EXPORT.T001,13,ADRNR,TEXT,
T001,col_raw_export,TABLE_OR_VIEW,COLLINS_RAW,COL_RAW_EXPORT,T001,SELECT * FROM COLLINS_RAW.COL_RAW_EXPORT.T001,14,STCEG,TEXT,
T001,col_raw_export,TABLE_OR_VIEW,COLLINS_RAW,COL_RAW_EXPORT,T001,SELECT * FROM COLLINS_RAW.COL_RAW_EXPORT.T001,15,FIKRS,TEXT,
T001,col_raw_export,TABLE_OR_VIEW,COLLINS_RAW,COL_RAW_EXPORT,T001,SELECT * FROM COLLINS_RAW.COL_RAW_EXPORT.T001,16,XFMCO,TEXT,
T001,col_raw_export,TABLE_OR_VIEW,COLLINS_RAW,COL_RAW_EXPORT,T001,SELECT * FROM COLLINS_RAW.COL_RAW_EXPORT.T001,17,XFMCB,TEXT,
T001,col_raw_export,TABLE_OR_VIEW,COLLINS_RAW,COL_RAW_EXPORT,T001,SELECT * FROM COLLINS_RAW.COL_RAW_EXPORT.T001,18,XFMCA,TEXT,
T001,col_raw_export,TABLE_OR_VIEW,COLLINS_RAW,COL_RAW_EXPORT,T001,SELECT * FROM COLLINS_RAW.COL_RAW_EXPORT.T001,19,TXJCD,TEXT,
T001,col_raw_export,TABLE_OR_VIEW,COLLINS_RAW,COL_RAW_EXPORT,T001,SELECT * FROM COLLINS_RAW.COL_RAW_EXPORT.T001,20,FMHRDATE,TEXT,
T001,col_raw_export,TABLE_OR_VIEW,COLLINS_RAW,COL_RAW_EXPORT,T001,SELECT * FROM COLLINS_RAW.COL_RAW_EXPORT.T001,21,BUVAR,TEXT,
T001,col_raw_export,TABLE_OR_VIEW,COLLINS_RAW,COL_RAW_EXPORT,T001,SELECT * FROM COLLINS_RAW.COL_RAW_EXPORT.T001,22,FDBUK,TEXT,
T001,col_raw_export,TABLE_OR_VIEW,COLLINS_RAW,COL_RAW_EXPORT,T001,SELECT * FROM COLLINS_RAW.COL_RAW_EXPORT.T001,23,XFDIS,TEXT,
T001,col_raw_export,TABLE_OR_VIEW,COLLINS_RAW,COL_RAW_EXPORT,T001,SELECT * FROM COLLINS_RAW.COL_RAW_EXPORT.T001,24,XVALV,TEXT,
T001,col_raw_export,TABLE_OR_VIEW,COLLINS_RAW,COL_RAW_EXPORT,T001,SELECT * FROM COLLINS_RAW.COL_RAW_EXPORT.T001,25,XSKFN,TEXT,
T001,col_raw_export,TABLE_OR_VIEW,COLLINS_RAW,COL_RAW_EXPORT,T001,SELECT * FROM COLLINS_RAW.COL_RAW_EXPORT.T001,26,KKBER,TEXT,
T001,col_raw_export,TABLE_OR_VIEW,COLLINS_RAW,COL_RAW_EXPORT,T001,SELECT * FROM COLLINS_RAW.COL_RAW_EXPORT.T001,27,XMWSN,TEXT,
T001,col_raw_export,TABLE_OR_VIEW,COLLINS_RAW,COL_RAW_EXPORT,T001,SELECT * FROM COLLINS_RAW.COL_RAW_EXPORT.T001,28,MREGL,TEXT,
T001,col_raw_export,TABLE_OR_VIEW,COLLINS_RAW,COL_RAW_EXPORT,T001,SELECT * FROM COLLINS_RAW.COL_RAW_EXPORT.T001,29,XGSBE,TEXT,
T001,col_raw_export,TABLE_OR_VIEW,COLLINS_RAW,COL_RAW_EXPORT,T001,SELECT * FROM COLLINS_RAW.COL_RAW_EXPORT.T001,30,XGJRV,TEXT,
T001,col_raw_export,TABLE_OR_VIEW,COLLINS_RAW,COL_RAW_EXPORT,T001,SELECT * FROM COLLINS_RAW.COL_RAW_EXPORT.T001,31,XKDFT,TEXT,
T001,col_raw_export,TABLE_OR_VIEW,COLLINS_RAW,COL_RAW_EXPORT,T001,SELECT * FROM COLLINS_RAW.COL_RAW_EXPORT.T001,32,XPROD,TEXT,
T001,col_raw_export,TABLE_OR_VIEW,COLLINS_RAW,COL_RAW_EXPORT,T001,SELECT * FROM COLLINS_RAW.COL_RAW_EXPORT.T001,33,XEINK,TEXT,
T001,col_raw_export,TABLE_OR_VIEW,COLLINS_RAW,COL_RAW_EXPORT,T001,SELECT * FROM COLLINS_RAW.COL_RAW_EXPORT.T001,34,XJVAA,TEXT,
T001,col_raw_export,TABLE_OR_VIEW,COLLINS_RAW,COL_RAW_EXPORT,T001,SELECT * FROM COLLINS_RAW.COL_RAW_EXPORT.T001,35,XVVWA,TEXT,
T001,col_raw_export,TABLE_OR_VIEW,COLLINS_RAW,COL_RAW_EXPORT,T001,SELECT * FROM COLLINS_RAW.COL_RAW_EXPORT.T001,36,XSLTA,TEXT,
T001,col_raw_export,TABLE_OR_VIEW,COLLINS_RAW,COL_RAW_EXPORT,T001,SELECT * FROM COLLINS_RAW.COL_RAW_EXPORT.T001,37,XFDMM,TEXT,
T001,col_raw_export,TABLE_OR_VIEW,COLLINS_RAW,COL_RAW_EXPORT,T001,SELECT * FROM COLLINS_RAW.COL_RAW_EXPORT.T001,38,XFDSD,TEXT,
T001,col_raw_export,TABLE_OR_VIEW,COLLINS_RAW,COL_RAW_EXPORT,T001,SELECT * FROM COLLINS_RAW.COL_RAW_EXPORT.T001,39,XEXTB,TEXT,
T001,col_raw_export,TABLE_OR_VIEW,COLLINS_RAW,COL_RAW_EXPORT,T001,SELECT * FROM COLLINS_RAW.COL_RAW_EXPORT.T001,40,EBUKR,TEXT,
T001,col_raw_export,TABLE_OR_VIEW,COLLINS_RAW,COL_RAW_EXPORT,T001,SELECT * FROM COLLINS_RAW.COL_RAW_EXPORT.T001,41,KTOP2,TEXT,
T001,col_raw_export,TABLE_OR_VIEW,COLLINS_RAW,COL_RAW_EXPORT,T001,SELECT * FROM COLLINS_RAW.COL_RAW_EXPORT.T001,42,UMKRS,TEXT,
T001,col_raw_export,TABLE_OR_VIEW,COLLINS_RAW,COL_RAW_EXPORT,T001,SELECT * FROM COLLINS_RAW.COL_RAW_EXPORT.T001,43,BUKRS_GLOB,TEXT,
T001,col_raw_export,TABLE_OR_VIEW,COLLINS_RAW,COL_RAW_EXPORT,T001,SELECT * FROM COLLINS_RAW.COL_RAW_EXPORT.T001,44,FSTVA,TEXT,
T001,col_raw_export,TABLE_OR_VIEW,COLLINS_RAW,COL_RAW_EXPORT,T001,SELECT * FROM COLLINS_RAW.COL_RAW_EXPORT.T001,45,OPVAR,TEXT,
T001,col_raw_export,TABLE_OR_VIEW,COLLINS_RAW,COL_RAW_EXPORT,T001,SELECT * FROM COLLINS_RAW.COL_RAW_EXPORT.T001,46,XCOVR,TEXT,
T001,col_raw_export,TABLE_OR_VIEW,COLLINS_RAW,COL_RAW_EXPORT,T001,SELECT * FROM COLLINS_RAW.COL_RAW_EXPORT.T001,47,TXKRS,TEXT,
T001,col_raw_export,TABLE_OR_VIEW,COLLINS_RAW,COL_RAW_EXPORT,T001,SELECT * FROM COLLINS_RAW.COL_RAW_EXPORT.T001,48,WFVAR,TEXT,
T001,col_raw_export,TABLE_OR_VIEW,COLLINS_RAW,COL_RAW_EXPORT,T001,SELECT * FROM COLLINS_RAW.COL_RAW_EXPORT.T001,49,XBBBF,TEXT,
T001,col_raw_export,TABLE_OR_VIEW,COLLINS_RAW,COL_RAW_EXPORT,T001,SELECT * FROM COLLINS_RAW.COL_RAW_EXPORT.T001,50,XBBBE,TEXT,
T001,col_raw_export,TABLE_OR_VIEW,COLLINS_RAW,COL_RAW_EXPORT,T001,SELECT * FROM COLLINS_RAW.COL_RAW_EXPORT.T001,51,XBBBA,TEXT,
T001,col_raw_export,TABLE_OR_VIEW,COLLINS_RAW,COL_RAW_EXPORT,T001,SELECT * FROM COLLINS_RAW.COL_RAW_EXPORT.T001,52,XBBKO,TEXT,
T001,col_raw_export,TABLE_OR_VIEW,COLLINS_RAW,COL_RAW_EXPORT,T001,SELECT * FROM COLLINS_RAW.COL_RAW_EXPORT.T001,53,XSTDT,TEXT,
T001,col_raw_export,TABLE_OR_VIEW,COLLINS_RAW,COL_RAW_EXPORT,T001,SELECT * FROM COLLINS_RAW.COL_RAW_EXPORT.T001,54,MWSKV,TEXT,
T001,col_raw_export,TABLE_OR_VIEW,COLLINS_RAW,COL_RAW_EXPORT,T001,SELECT * FROM COLLINS_RAW.COL_RAW_EXPORT.T001,55,MWSKA,TEXT,
T001,col_raw_export,TABLE_OR_VIEW,COLLINS_RAW,COL_RAW_EXPORT,T001,SELECT * FROM COLLINS_RAW.COL_RAW_EXPORT.T001,56,IMPDA,TEXT,
T001,col_raw_export,TABLE_OR_VIEW,COLLINS_RAW,COL_RAW_EXPORT,T001,SELECT * FROM COLLINS_RAW.COL_RAW_EXPORT.T001,57,XNEGP,TEXT,
T001,col_raw_export,TABLE_OR_VIEW,COLLINS_RAW,COL_RAW_EXPORT,T001,SELECT * FROM COLLINS_RAW.COL_RAW_EXPORT.T001,58,XKKBI,TEXT,
T001,col_raw_export,TABLE_OR_VIEW,COLLINS_RAW,COL_RAW_EXPORT,T001,SELECT * FROM COLLINS_RAW.COL_RAW_EXPORT.T001,59,WT_NEWWT,TEXT,
T001,col_raw_export,TABLE_OR_VIEW,COLLINS_RAW,COL_RAW_EXPORT,T001,SELECT * FROM COLLINS_RAW.COL_RAW_EXPORT.T001,60,PP_PDATE,TEXT,
T001,col_raw_export,TABLE_OR_VIEW,COLLINS_RAW,COL_RAW_EXPORT,T001,SELECT * FROM COLLINS_RAW.COL_RAW_EXPORT.T001,61,INFMT,TEXT,
T001,col_raw_export,TABLE_OR_VIEW,COLLINS_RAW,COL_RAW_EXPORT,T001,SELECT * FROM COLLINS_RAW.COL_RAW_EXPORT.T001,62,FSTVARE,TEXT,
T001,col_raw_export,TABLE_OR_VIEW,COLLINS_RAW,COL_RAW_EXPORT,T001,SELECT * FROM COLLINS_RAW.COL_RAW_EXPORT.T001,63,KOPIM,TEXT,
T001,col_raw_export,TABLE_OR_VIEW,COLLINS_RAW,COL_RAW_EXPORT,T001,SELECT * FROM COLLINS_RAW.COL_RAW_EXPORT.T001,64,DKWEG,TEXT,
T001,col_raw_export,TABLE_OR_VIEW,COLLINS_RAW,COL_RAW_EXPORT,T001,SELECT * FROM COLLINS_RAW.COL_RAW_EXPORT.T001,65,OFFSACCT,TEXT,
T001,col_raw_export,TABLE_OR_VIEW,COLLINS_RAW,COL_RAW_EXPORT,T001,SELECT * FROM COLLINS_RAW.COL_RAW_EXPORT.T001,66,BAPOVAR,TEXT,
T001,col_raw_export,TABLE_OR_VIEW,COLLINS_RAW,COL_RAW_EXPORT,T001,SELECT * FROM COLLINS_RAW.COL_RAW_EXPORT.T001,67,XCOS,TEXT,
T001,col_raw_export,TABLE_OR_VIEW,COLLINS_RAW,COL_RAW_EXPORT,T001,SELECT * FROM COLLINS_RAW.COL_RAW_EXPORT.T001,68,XCESSION,TEXT,
T001,col_raw_export,TABLE_OR_VIEW,COLLINS_RAW,COL_RAW_EXPORT,T001,SELECT * FROM COLLINS_RAW.COL_RAW_EXPORT.T001,69,XSPLT,TEXT,
T001,col_raw_export,TABLE_OR_VIEW,COLLINS_RAW,COL_RAW_EXPORT,T001,SELECT * FROM COLLINS_RAW.COL_RAW_EXPORT.T001,70,SURCCM,TEXT,
T001,col_raw_export,TABLE_OR_VIEW,COLLINS_RAW,COL_RAW_EXPORT,T001,SELECT * FROM COLLINS_RAW.COL_RAW_EXPORT.T001,71,DTPROV,TEXT,
T001,col_raw_export,TABLE_OR_VIEW,COLLINS_RAW,COL_RAW_EXPORT,T001,SELECT * FROM COLLINS_RAW.COL_RAW_EXPORT.T001,72,DTAMTC,TEXT,
T001,col_raw_export,TABLE_OR_VIEW,COLLINS_RAW,COL_RAW_EXPORT,T001,SELECT * FROM COLLINS_RAW.COL_RAW_EXPORT.T001,73,DTTAXC,TEXT,
T001,col_raw_export,TABLE_OR_VIEW,COLLINS_RAW,COL_RAW_EXPORT,T001,SELECT * FROM COLLINS_RAW.COL_RAW_EXPORT.T001,74,DTTDSP,TEXT,
T001,col_raw_export,TABLE_OR_VIEW,COLLINS_RAW,COL_RAW_EXPORT,T001,SELECT * FROM COLLINS_RAW.COL_RAW_EXPORT.T001,75,DTAXR,TEXT,
T001,col_raw_export,TABLE_OR_VIEW,COLLINS_RAW,COL_RAW_EXPORT,T001,SELECT * FROM COLLINS_RAW.COL_RAW_EXPORT.T001,76,XVATDATE,TEXT,
T001,col_raw_export,TABLE_OR_VIEW,COLLINS_RAW,COL_RAW_EXPORT,T001,SELECT * FROM COLLINS_RAW.COL_RAW_EXPORT.T001,77,PST_PER_VAR,TEXT,
T001,col_raw_export,TABLE_OR_VIEW,COLLINS_RAW,COL_RAW_EXPORT,T001,SELECT * FROM COLLINS_RAW.COL_RAW_EXPORT.T001,78,XBBSC,TEXT,
T001,col_raw_export,TABLE_OR_VIEW,COLLINS_RAW,COL_RAW_EXPORT,T001,SELECT * FROM COLLINS_RAW.COL_RAW_EXPORT.T001,79,FM_DERIVE_ACC,TEXT,
T001,col_raw_export,TABLE_OR_VIEW,COLLINS_RAW,COL_RAW_EXPORT,T001,SELECT * FROM COLLINS_RAW.COL_RAW_EXPORT.T001,80,REPL_CDC_DATE,TIMESTAMP_NTZ,
T001,col_raw_export,TABLE_OR_VIEW,COLLINS_RAW,COL_RAW_EXPORT,T001,SELECT * FROM COLLINS_RAW.COL_RAW_EXPORT.T001,81,REPL_CDC_OPCODE,TEXT,
T001K,col_raw_export,TABLE_OR_VIEW,COLLINS_RAW,COL_RAW_EXPORT,T001K,SELECT * FROM COLLINS_RAW.COL_RAW_EXPORT.T001K,1,MANDT,TEXT,
T001K,col_raw_export,TABLE_OR_VIEW,COLLINS_RAW,COL_RAW_EXPORT,T001K,SELECT * FROM COLLINS_RAW.COL_RAW_EXPORT.T001K,2,BWKEY,TEXT,
T001K,col_raw_export,TABLE_OR_VIEW,COLLINS_RAW,COL_RAW_EXPORT,T001K,SELECT * FROM COLLINS_RAW.COL_RAW_EXPORT.T001K,3,BUKRS,TEXT,
T001K,col_raw_export,TABLE_OR_VIEW,COLLINS_RAW,COL_RAW_EXPORT,T001K,SELECT * FROM COLLINS_RAW.COL_RAW_EXPORT.T001K,4,BWMOD,TEXT,
T001K,col_raw_export,TABLE_OR_VIEW,COLLINS_RAW,COL_RAW_EXPORT,T001K,SELECT * FROM COLLINS_RAW.COL_RAW_EXPORT.T001K,5,XBKNG,TEXT,
T001K,col_raw_export,TABLE_OR_VIEW,COLLINS_RAW,COL_RAW_EXPORT,T001K,SELECT * FROM COLLINS_RAW.COL_RAW_EXPORT.T001K,6,MLBWA,TEXT,
T001K,col_raw_export,TABLE_OR_VIEW,COLLINS_RAW,COL_RAW_EXPORT,T001K,SELECT * FROM COLLINS_RAW.COL_RAW_EXPORT.T001K,7,MLBWV,TEXT,
T001K,col_raw_export,TABLE_OR_VIEW,COLLINS_RAW,COL_RAW_EXPORT,T001K,SELECT * FROM COLLINS_RAW.COL_RAW_EXPORT.T001K,8,XVKBW,TEXT,
T001K,col_raw_export,TABLE_OR_VIEW,COLLINS_RAW,COL_RAW_EXPORT,T001K,SELECT * FROM COLLINS_RAW.COL_RAW_EXPORT.T001K,9,ERKLAERKOM,TEXT,
T001K,col_raw_export,TABLE_OR_VIEW,COLLINS_RAW,COL_RAW_EXPORT,T001K,SELECT * FROM COLLINS_RAW.COL_RAW_EXPORT.T001K,10,UPROF,TEXT,
T001K,col_raw_export,TABLE_OR_VIEW,COLLINS_RAW,COL_RAW_EXPORT,T001K,SELECT * FROM COLLINS_RAW.COL_RAW_EXPORT.T001K,11,WBPRO,TEXT,
T001K,col_raw_export,TABLE_OR_VIEW,COLLINS_RAW,COL_RAW_EXPORT,T001K,SELECT * FROM COLLINS_RAW.COL_RAW_EXPORT.T001K,12,MLAST,TEXT,
T001K,col_raw_export,TABLE_OR_VIEW,COLLINS_RAW,COL_RAW_EXPORT,T001K,SELECT * FROM COLLINS_RAW.COL_RAW_EXPORT.T001K,13,MLASV,TEXT,
T001K,col_raw_export,TABLE_OR_VIEW,COLLINS_RAW,COL_RAW_EXPORT,T001K,SELECT * FROM COLLINS_RAW.COL_RAW_EXPORT.T001K,14,BDIFP,NUMBER,
T001K,col_raw_export,TABLE_OR_VIEW,COLLINS_RAW,COL_RAW_EXPORT,T001K,SELECT * FROM COLLINS_RAW.COL_RAW_EXPORT.T001K,15,XLBPD,TEXT,
T001K,col_raw_export,TABLE_OR_VIEW,COLLINS_RAW,COL_RAW_EXPORT,T001K,SELECT * FROM COLLINS_RAW.COL_RAW_EXPORT.T001K,16,XEWRX,TEXT,
T001K,col_raw_export,TABLE_OR_VIEW,COLLINS_RAW,COL_RAW_EXPORT,T001K,SELECT * FROM COLLINS_RAW.COL_RAW_EXPORT.T001K,17,X2FDO,TEXT,
T001K,col_raw_export,TABLE_OR_VIEW,COLLINS_RAW,COL_RAW_EXPORT,T001K,SELECT * FROM COLLINS_RAW.COL_RAW_EXPORT.T001K,18,PRSFR,TEXT,
T001K,col_raw_export,TABLE_OR_VIEW,COLLINS_RAW,COL_RAW_EXPORT,T001K,SELECT * FROM COLLINS_RAW.COL_RAW_EXPORT.T001K,19,MLCCS,TEXT,
T001K,col_raw_export,TABLE_OR_VIEW,COLLINS_RAW,COL_RAW_EXPORT,T001K,SELECT * FROM COLLINS_RAW.COL_RAW_EXPORT.T001K,20,XEFRE,TEXT,
T001K,col_raw_export,TABLE_OR_VIEW,COLLINS_RAW,COL_RAW_EXPORT,T001K,SELECT * FROM COLLINS_RAW.COL_RAW_EXPORT.T001K,21,EFREJ,TEXT,
T001K,col_raw_export,TABLE_OR_VIEW,COLLINS_RAW,COL_RAW_EXPORT,T001K,SELECT * FROM COLLINS_RAW.COL_RAW_EXPORT.T001K,22,/FMP/PRSFR,TEXT,
T001K,col_raw_export,TABLE_OR_VIEW,COLLINS_RAW,COL_RAW_EXPORT,T001K,SELECT * FROM COLLINS_RAW.COL_RAW_EXPORT.T001K,23,/FMP/PRFRGR,TEXT,
T001K,col_raw_export,TABLE_OR_VIEW,COLLINS_RAW,COL_RAW_EXPORT,T001K,SELECT * FROM COLLINS_RAW.COL_RAW_EXPORT.T001K,24,REPL_CDC_DATE,TIMESTAMP_NTZ,
T001K,col_raw_export,TABLE_OR_VIEW,COLLINS_RAW,COL_RAW_EXPORT,T001K,SELECT * FROM COLLINS_RAW.COL_RAW_EXPORT.T001K,25,REPL_CDC_OPCODE,TEXT,
T001W,col_raw_export,TABLE_OR_VIEW,COLLINS_RAW,COL_RAW_EXPORT,T001W,SELECT * FROM COLLINS_RAW.COL_RAW_EXPORT.T001W,1,MANDT,TEXT,
T001W,col_raw_export,TABLE_OR_VIEW,COLLINS_RAW,COL_RAW_EXPORT,T001W,SELECT * FROM COLLINS_RAW.COL_RAW_EXPORT.T001W,2,WERKS,TEXT,
T001W,col_raw_export,TABLE_OR_VIEW,COLLINS_RAW,COL_RAW_EXPORT,T001W,SELECT * FROM COLLINS_RAW.COL_RAW_EXPORT.T001W,3,NAME1,TEXT,
T001W,col_raw_export,TABLE_OR_VIEW,COLLINS_RAW,COL_RAW_EXPORT,T001W,SELECT * FROM COLLINS_RAW.COL_RAW_EXPORT.T001W,4,BWKEY,TEXT,
T001W,col_raw_export,TABLE_OR_VIEW,COLLINS_RAW,COL_RAW_EXPORT,T001W,SELECT * FROM COLLINS_RAW.COL_RAW_EXPORT.T001W,5,KUNNR,TEXT,
T001W,col_raw_export,TABLE_OR_VIEW,COLLINS_RAW,COL_RAW_EXPORT,T001W,SELECT * FROM COLLINS_RAW.COL_RAW_EXPORT.T001W,6,LIFNR,TEXT,
T001W,col_raw_export,TABLE_OR_VIEW,COLLINS_RAW,COL_RAW_EXPORT,T001W,SELECT * FROM COLLINS_RAW.COL_RAW_EXPORT.T001W,7,FABKL,TEXT,
T001W,col_raw_export,TABLE_OR_VIEW,COLLINS_RAW,COL_RAW_EXPORT,T001W,SELECT * FROM COLLINS_RAW.COL_RAW_EXPORT.T001W,8,NAME2,TEXT,
T001W,col_raw_export,TABLE_OR_VIEW,COLLINS_RAW,COL_RAW_EXPORT,T001W,SELECT * FROM COLLINS_RAW.COL_RAW_EXPORT.T001W,9,STRAS,TEXT,
T001W,col_raw_export,TABLE_OR_VIEW,COLLINS_RAW,COL_RAW_EXPORT,T001W,SELECT * FROM COLLINS_RAW.COL_RAW_EXPORT.T001W,10,PFACH,TEXT,
T001W,col_raw_export,TABLE_OR_VIEW,COLLINS_RAW,COL_RAW_EXPORT,T001W,SELECT * FROM COLLINS_RAW.COL_RAW_EXPORT.T001W,11,PSTLZ,TEXT,
T001W,col_raw_export,TABLE_OR_VIEW,COLLINS_RAW,COL_RAW_EXPORT,T001W,SELECT * FROM COLLINS_RAW.COL_RAW_EXPORT.T001W,12,ORT01,TEXT,
T001W,col_raw_export,TABLE_OR_VIEW,COLLINS_RAW,COL_RAW_EXPORT,T001W,SELECT * FROM COLLINS_RAW.COL_RAW_EXPORT.T001W,13,EKORG,TEXT,
T001W,col_raw_export,TABLE_OR_VIEW,COLLINS_RAW,COL_RAW_EXPORT,T001W,SELECT * FROM COLLINS_RAW.COL_RAW_EXPORT.T001W,14,VKORG,TEXT,
T001W,col_raw_export,TABLE_OR_VIEW,COLLINS_RAW,COL_RAW_EXPORT,T001W,SELECT * FROM COLLINS_RAW.COL_RAW_EXPORT.T001W,15,CHAZV,TEXT,
T001W,col_raw_export,TABLE_OR_VIEW,COLLINS_RAW,COL_RAW_EXPORT,T001W,SELECT * FROM COLLINS_RAW.COL_RAW_EXPORT.T001W,16,KKOWK,TEXT,
T001W,col_raw_export,TABLE_OR_VIEW,COLLINS_RAW,COL_RAW_EXPORT,T001W,SELECT * FROM COLLINS_RAW.COL_RAW_EXPORT.T001W,17,KORDB,TEXT,
T001W,col_raw_export,TABLE_OR_VIEW,COLLINS_RAW,COL_RAW_EXPORT,T001W,SELECT * FROM COLLINS_RAW.COL_RAW_EXPORT.T001W,18,BEDPL,TEXT,
T001W,col_raw_export,TABLE_OR_VIEW,COLLINS_RAW,COL_RAW_EXPORT,T001W,SELECT * FROM COLLINS_RAW.COL_RAW_EXPORT.T001W,19,LAND1,TEXT,
T001W,col_raw_export,TABLE_OR_VIEW,COLLINS_RAW,COL_RAW_EXPORT,T001W,SELECT * FROM COLLINS_RAW.COL_RAW_EXPORT.T001W,20,REGIO,TEXT,
T001W,col_raw_export,TABLE_OR_VIEW,COLLINS_RAW,COL_RAW_EXPORT,T001W,SELECT * FROM COLLINS_RAW.COL_RAW_EXPORT.T001W,21,COUNC,TEXT,
T001W,col_raw_export,TABLE_OR_VIEW,COLLINS_RAW,COL_RAW_EXPORT,T001W,SELECT * FROM COLLINS_RAW.COL_RAW_EXPORT.T001W,22,CITYC,TEXT,
T001W,col_raw_export,TABLE_OR_VIEW,COLLINS_RAW,COL_RAW_EXPORT,T001W,SELECT * FROM COLLINS_RAW.COL_RAW_EXPORT.T001W,23,ADRNR,TEXT,
T001W,col_raw_export,TABLE_OR_VIEW,COLLINS_RAW,COL_RAW_EXPORT,T001W,SELECT * FROM COLLINS_RAW.COL_RAW_EXPORT.T001W,24,IWERK,TEXT,
T001W,col_raw_export,TABLE_OR_VIEW,COLLINS_RAW,COL_RAW_EXPORT,T001W,SELECT * FROM COLLINS_RAW.COL_RAW_EXPORT.T001W,25,TXJCD,TEXT,
T001W,col_raw_export,TABLE_OR_VIEW,COLLINS_RAW,COL_RAW_EXPORT,T001W,SELECT * FROM COLLINS_RAW.COL_RAW_EXPORT.T001W,26,VTWEG,TEXT,
T001W,col_raw_export,TABLE_OR_VIEW,COLLINS_RAW,COL_RAW_EXPORT,T001W,SELECT * FROM COLLINS_RAW.COL_RAW_EXPORT.T001W,27,SPART,TEXT,
T001W,col_raw_export,TABLE_OR_VIEW,COLLINS_RAW,COL_RAW_EXPORT,T001W,SELECT * FROM COLLINS_RAW.COL_RAW_EXPORT.T001W,28,SPRAS,TEXT,
T001W,col_raw_export,TABLE_OR_VIEW,COLLINS_RAW,COL_RAW_EXPORT,T001W,SELECT * FROM COLLINS_RAW.COL_RAW_EXPORT.T001W,29,WKSOP,TEXT,
T001W,col_raw_export,TABLE_OR_VIEW,COLLINS_RAW,COL_RAW_EXPORT,T001W,SELECT * FROM COLLINS_RAW.COL_RAW_EXPORT.T001W,30,AWSLS,TEXT,
T001W,col_raw_export,TABLE_OR_VIEW,COLLINS_RAW,COL_RAW_EXPORT,T001W,SELECT * FROM COLLINS_RAW.COL_RAW_EXPORT.T001W,31,CHAZV_OLD,TEXT,
T001W,col_raw_export,TABLE_OR_VIEW,COLLINS_RAW,COL_RAW_EXPORT,T001W,SELECT * FROM COLLINS_RAW.COL_RAW_EXPORT.T001W,32,VLFKZ,TEXT,
T001W,col_raw_export,TABLE_OR_VIEW,COLLINS_RAW,COL_RAW_EXPORT,T001W,SELECT * FROM COLLINS_RAW.COL_RAW_EXPORT.T001W,33,BZIRK,TEXT,
T001W,col_raw_export,TABLE_OR_VIEW,COLLINS_RAW,COL_RAW_EXPORT,T001W,SELECT * FROM COLLINS_RAW.COL_RAW_EXPORT.T001W,34,ZONE1,TEXT,
T001W,col_raw_export,TABLE_OR_VIEW,COLLINS_RAW,COL_RAW_EXPORT,T001W,SELECT * FROM COLLINS_RAW.COL_RAW_EXPORT.T001W,35,TAXIW,TEXT,
T001W,col_raw_export,TABLE_OR_VIEW,COLLINS_RAW,COL_RAW_EXPORT,T001W,SELECT * FROM COLLINS_RAW.COL_RAW_EXPORT.T001W,36,BZQHL,TEXT,
T001W,col_raw_export,TABLE_OR_VIEW,COLLINS_RAW,COL_RAW_EXPORT,T001W,SELECT * FROM COLLINS_RAW.COL_RAW_EXPORT.T001W,37,LET01,NUMBER,
T001W,col_raw_export,TABLE_OR_VIEW,COLLINS_RAW,COL_RAW_EXPORT,T001W,SELECT * FROM COLLINS_RAW.COL_RAW_EXPORT.T001W,38,LET02,NUMBER,
T001W,col_raw_export,TABLE_OR_VIEW,COLLINS_RAW,COL_RAW_EXPORT,T001W,SELECT * FROM COLLINS_RAW.COL_RAW_EXPORT.T001W,39,LET03,NUMBER,
T001W,col_raw_export,TABLE_OR_VIEW,COLLINS_RAW,COL_RAW_EXPORT,T001W,SELECT * FROM COLLINS_RAW.COL_RAW_EXPORT.T001W,40,TXNAM_MA1,TEXT,
T001W,col_raw_export,TABLE_OR_VIEW,COLLINS_RAW,COL_RAW_EXPORT,T001W,SELECT * FROM COLLINS_RAW.COL_RAW_EXPORT.T001W,41,TXNAM_MA2,TEXT,
T001W,col_raw_export,TABLE_OR_VIEW,COLLINS_RAW,COL_RAW_EXPORT,T001W,SELECT * FROM COLLINS_RAW.COL_RAW_EXPORT.T001W,42,TXNAM_MA3,TEXT,
T001W,col_raw_export,TABLE_OR_VIEW,COLLINS_RAW,COL_RAW_EXPORT,T001W,SELECT * FROM COLLINS_RAW.COL_RAW_EXPORT.T001W,43,BETOL,TEXT,
T001W,col_raw_export,TABLE_OR_VIEW,COLLINS_RAW,COL_RAW_EXPORT,T001W,SELECT * FROM COLLINS_RAW.COL_RAW_EXPORT.T001W,44,J_1BBRANCH,TEXT,
T001W,col_raw_export,TABLE_OR_VIEW,COLLINS_RAW,COL_RAW_EXPORT,T001W,SELECT * FROM COLLINS_RAW.COL_RAW_EXPORT.T001W,45,VTBFI,TEXT,
T001W,col_raw_export,TABLE_OR_VIEW,COLLINS_RAW,COL_RAW_EXPORT,T001W,SELECT * FROM COLLINS_RAW.COL_RAW_EXPORT.T001W,46,FPRFW,TEXT,
T001W,col_raw_export,TABLE_OR_VIEW,COLLINS_RAW,COL_RAW_EXPORT,T001W,SELECT * FROM COLLINS_RAW.COL_RAW_EXPORT.T001W,47,ACHVM,TEXT,
T001W,col_raw_export,TABLE_OR_VIEW,COLLINS_RAW,COL_RAW_EXPORT,T001W,SELECT * FROM COLLINS_RAW.COL_RAW_EXPORT.T001W,48,DVSART,TEXT,
T001W,col_raw_export,TABLE_OR_VIEW,COLLINS_RAW,COL_RAW_EXPORT,T001W,SELECT * FROM COLLINS_RAW.COL_RAW_EXPORT.T001W,49,NODETYPE,TEXT,
T001W,col_raw_export,TABLE_OR_VIEW,COLLINS_RAW,COL_RAW_EXPORT,T001W,SELECT * FROM COLLINS_RAW.COL_RAW_EXPORT.T001W,50,NSCHEMA,TEXT,
T001W,col_raw_export,TABLE_OR_VIEW,COLLINS_RAW,COL_RAW_EXPORT,T001W,SELECT * FROM COLLINS_RAW.COL_RAW_EXPORT.T001W,51,PKOSA,TEXT,
T001W,col_raw_export,TABLE_OR_VIEW,COLLINS_RAW,COL_RAW_EXPORT,T001W,SELECT * FROM COLLINS_RAW.COL_RAW_EXPORT.T001W,52,MISCH,TEXT,
T001W,col_raw_export,TABLE_OR_VIEW,COLLINS_RAW,COL_RAW_EXPORT,T001W,SELECT * FROM COLLINS_RAW.COL_RAW_EXPORT.T001W,53,MGVUPD,TEXT,
T001W,col_raw_export,TABLE_OR_VIEW,COLLINS_RAW,COL_RAW_EXPORT,T001W,SELECT * FROM COLLINS_RAW.COL_RAW_EXPORT.T001W,54,VSTEL,TEXT,
T001W,col_raw_export,TABLE_OR_VIEW,COLLINS_RAW,COL_RAW_EXPORT,T001W,SELECT * FROM COLLINS_RAW.COL_RAW_EXPORT.T001W,55,MGVLAUPD,TEXT,
T001W,col_raw_export,TABLE_OR_VIEW,COLLINS_RAW,COL_RAW_EXPORT,T001W,SELECT * FROM COLLINS_RAW.COL_RAW_EXPORT.T001W,56,MGVLAREVAL,TEXT,
T001W,col_raw_export,TABLE_OR_VIEW,COLLINS_RAW,COL_RAW_EXPORT,T001W,SELECT * FROM COLLINS_RAW.COL_RAW_EXPORT.T001W,57,SOURCING,TEXT,
T001W,col_raw_export,TABLE_OR_VIEW,COLLINS_RAW,COL_RAW_EXPORT,T001W,SELECT * FROM COLLINS_RAW.COL_RAW_EXPORT.T001W,58,FSH_MG_ARUN_REQ,TEXT,
T001W,col_raw_export,TABLE_OR_VIEW,COLLINS_RAW,COL_RAW_EXPORT,T001W,SELECT * FROM COLLINS_RAW.COL_RAW_EXPORT.T001W,59,FSH_SEAIM,TEXT,
T001W,col_raw_export,TABLE_OR_VIEW,COLLINS_RAW,COL_RAW_EXPORT,T001W,SELECT * FROM COLLINS_RAW.COL_RAW_EXPORT.T001W,60,FSH_BOM_MAINTENANCE,TEXT,
T001W,col_raw_export,TABLE_OR_VIEW,COLLINS_RAW,COL_RAW_EXPORT,T001W,SELECT * FROM COLLINS_RAW.COL_RAW_EXPORT.T001W,61,OILIVAL,TEXT,
T001W,col_raw_export,TABLE_OR_VIEW,COLLINS_RAW,COL_RAW_EXPORT,T001W,SELECT * FROM COLLINS_RAW.COL_RAW_EXPORT.T001W,62,OIHVTYPE,TEXT,
T001W,col_raw_export,TABLE_OR_VIEW,COLLINS_RAW,COL_RAW_EXPORT,T001W,SELECT * FROM COLLINS_RAW.COL_RAW_EXPORT.T001W,63,OIHCREDIPI,TEXT,
T001W,col_raw_export,TABLE_OR_VIEW,COLLINS_RAW,COL_RAW_EXPORT,T001W,SELECT * FROM COLLINS_RAW.COL_RAW_EXPORT.T001W,64,STORETYPE,TEXT,
T001W,col_raw_export,TABLE_OR_VIEW,COLLINS_RAW,COL_RAW_EXPORT,T001W,SELECT * FROM COLLINS_RAW.COL_RAW_EXPORT.T001W,65,DEP_STORE,TEXT,
T001W,col_raw_export,TABLE_OR_VIEW,COLLINS_RAW,COL_RAW_EXPORT,T001W,SELECT * FROM COLLINS_RAW.COL_RAW_EXPORT.T001W,66,REPL_CDC_DATE,TIMESTAMP_NTZ,
T001W,col_raw_export,TABLE_OR_VIEW,COLLINS_RAW,COL_RAW_EXPORT,T001W,SELECT * FROM COLLINS_RAW.COL_RAW_EXPORT.T001W,67,REPL_CDC_OPCODE,TEXT,
T023T,col_raw_export,TABLE_OR_VIEW,COLLINS_RAW,COL_RAW_EXPORT,T023T,SELECT * FROM COLLINS_RAW.COL_RAW_EXPORT.T023T,1,MANDT,TEXT,
T023T,col_raw_export,TABLE_OR_VIEW,COLLINS_RAW,COL_RAW_EXPORT,T023T,SELECT * FROM COLLINS_RAW.COL_RAW_EXPORT.T023T,2,SPRAS,TEXT,
T023T,col_raw_export,TABLE_OR_VIEW,COLLINS_RAW,COL_RAW_EXPORT,T023T,SELECT * FROM COLLINS_RAW.COL_RAW_EXPORT.T023T,3,MATKL,TEXT,
T023T,col_raw_export,TABLE_OR_VIEW,COLLINS_RAW,COL_RAW_EXPORT,T023T,SELECT * FROM COLLINS_RAW.COL_RAW_EXPORT.T023T,4,WGBEZ,TEXT,
T023T,col_raw_export,TABLE_OR_VIEW,COLLINS_RAW,COL_RAW_EXPORT,T023T,SELECT * FROM COLLINS_RAW.COL_RAW_EXPORT.T023T,5,WGBEZ60,TEXT,
T023T,col_raw_export,TABLE_OR_VIEW,COLLINS_RAW,COL_RAW_EXPORT,T023T,SELECT * FROM COLLINS_RAW.COL_RAW_EXPORT.T023T,6,REPL_CDC_DATE,TIMESTAMP_NTZ,
T023T,col_raw_export,TABLE_OR_VIEW,COLLINS_RAW,COL_RAW_EXPORT,T023T,SELECT * FROM COLLINS_RAW.COL_RAW_EXPORT.T023T,7,REPL_CDC_OPCODE,TEXT,
T024,col_raw_export,TABLE_OR_VIEW,COLLINS_RAW,COL_RAW_EXPORT,T024,SELECT * FROM COLLINS_RAW.COL_RAW_EXPORT.T024,1,MANDT,TEXT,
T024,col_raw_export,TABLE_OR_VIEW,COLLINS_RAW,COL_RAW_EXPORT,T024,SELECT * FROM COLLINS_RAW.COL_RAW_EXPORT.T024,2,EKGRP,TEXT,
T024,col_raw_export,TABLE_OR_VIEW,COLLINS_RAW,COL_RAW_EXPORT,T024,SELECT * FROM COLLINS_RAW.COL_RAW_EXPORT.T024,3,EKNAM,TEXT,
T024,col_raw_export,TABLE_OR_VIEW,COLLINS_RAW,COL_RAW_EXPORT,T024,SELECT * FROM COLLINS_RAW.COL_RAW_EXPORT.T024,4,EKTEL,TEXT,
T024,col_raw_export,TABLE_OR_VIEW,COLLINS_RAW,COL_RAW_EXPORT,T024,SELECT * FROM COLLINS_RAW.COL_RAW_EXPORT.T024,5,LDEST,TEXT,
T024,col_raw_export,TABLE_OR_VIEW,COLLINS_RAW,COL_RAW_EXPORT,T024,SELECT * FROM COLLINS_RAW.COL_RAW_EXPORT.T024,6,TELFX,TEXT,
T024,col_raw_export,TABLE_OR_VIEW,COLLINS_RAW,COL_RAW_EXPORT,T024,SELECT * FROM COLLINS_RAW.COL_RAW_EXPORT.T024,7,TEL_NUMBER,TEXT,
T024,col_raw_export,TABLE_OR_VIEW,COLLINS_RAW,COL_RAW_EXPORT,T024,SELECT * FROM COLLINS_RAW.COL_RAW_EXPORT.T024,8,TEL_EXTENS,TEXT,
T024,col_raw_export,TABLE_OR_VIEW,COLLINS_RAW,COL_RAW_EXPORT,T024,SELECT * FROM COLLINS_RAW.COL_RAW_EXPORT.T024,9,SMTP_ADDR,TEXT,
T024,col_raw_export,TABLE_OR_VIEW,COLLINS_RAW,COL_RAW_EXPORT,T024,SELECT * FROM COLLINS_RAW.COL_RAW_EXPORT.T024,10,REPL_CDC_DATE,TIMESTAMP_NTZ,
T024,col_raw_export,TABLE_OR_VIEW,COLLINS_RAW,COL_RAW_EXPORT,T024,SELECT * FROM COLLINS_RAW.COL_RAW_EXPORT.T024,11,REPL_CDC_OPCODE,TEXT,
T438R,col_raw_export,TABLE_OR_VIEW,COLLINS_RAW,COL_RAW_EXPORT,T438R,SELECT * FROM COLLINS_RAW.COL_RAW_EXPORT.T438R,1,MANDT,TEXT,
T438R,col_raw_export,TABLE_OR_VIEW,COLLINS_RAW,COL_RAW_EXPORT,T438R,SELECT * FROM COLLINS_RAW.COL_RAW_EXPORT.T438R,2,WERKS,TEXT,
T438R,col_raw_export,TABLE_OR_VIEW,COLLINS_RAW,COL_RAW_EXPORT,T438R,SELECT * FROM COLLINS_RAW.COL_RAW_EXPORT.T438R,3,RWPRO,TEXT,
T438R,col_raw_export,TABLE_OR_VIEW,COLLINS_RAW,COL_RAW_EXPORT,T438R,SELECT * FROM COLLINS_RAW.COL_RAW_EXPORT.T438R,4,RWPER,TEXT,
T438R,col_raw_export,TABLE_OR_VIEW,COLLINS_RAW,COL_RAW_EXPORT,T438R,SELECT * FROM COLLINS_RAW.COL_RAW_EXPORT.T438R,5,RWANZ,TEXT,
T438R,col_raw_export,TABLE_OR_VIEW,COLLINS_RAW,COL_RAW_EXPORT,T438R,SELECT * FROM COLLINS_RAW.COL_RAW_EXPORT.T438R,6,RWART,TEXT,
T438R,col_raw_export,TABLE_OR_VIEW,COLLINS_RAW,COL_RAW_EXPORT,T438R,SELECT * FROM COLLINS_RAW.COL_RAW_EXPORT.T438R,7,RWNTG,TEXT,
T438R,col_raw_export,TABLE_OR_VIEW,COLLINS_RAW,COL_RAW_EXPORT,T438R,SELECT * FROM COLLINS_RAW.COL_RAW_EXPORT.T438R,8,RW1TG,TEXT,
T438R,col_raw_export,TABLE_OR_VIEW,COLLINS_RAW,COL_RAW_EXPORT,T438R,SELECT * FROM COLLINS_RAW.COL_RAW_EXPORT.T438R,9,RW1PR,TEXT,
T438R,col_raw_export,TABLE_OR_VIEW,COLLINS_RAW,COL_RAW_EXPORT,T438R,SELECT * FROM COLLINS_RAW.COL_RAW_EXPORT.T438R,10,RW2TG,TEXT,
T438R,col_raw_export,TABLE_OR_VIEW,COLLINS_RAW,COL_RAW_EXPORT,T438R,SELECT * FROM COLLINS_RAW.COL_RAW_EXPORT.T438R,11,RW2PR,TEXT,
T438R,col_raw_export,TABLE_OR_VIEW,COLLINS_RAW,COL_RAW_EXPORT,T438R,SELECT * FROM COLLINS_RAW.COL_RAW_EXPORT.T438R,12,RW3TG,TEXT,
T438R,col_raw_export,TABLE_OR_VIEW,COLLINS_RAW,COL_RAW_EXPORT,T438R,SELECT * FROM COLLINS_RAW.COL_RAW_EXPORT.T438R,13,MIRW1,TEXT,
T438R,col_raw_export,TABLE_OR_VIEW,COLLINS_RAW,COL_RAW_EXPORT,T438R,SELECT * FROM COLLINS_RAW.COL_RAW_EXPORT.T438R,14,MIRW2,TEXT,
T438R,col_raw_export,TABLE_OR_VIEW,COLLINS_RAW,COL_RAW_EXPORT,T438R,SELECT * FROM COLLINS_RAW.COL_RAW_EXPORT.T438R,15,MIRW3,TEXT,
T438R,col_raw_export,TABLE_OR_VIEW,COLLINS_RAW,COL_RAW_EXPORT,T438R,SELECT * FROM COLLINS_RAW.COL_RAW_EXPORT.T438R,16,MARW1,TEXT,
T438R,col_raw_export,TABLE_OR_VIEW,COLLINS_RAW,COL_RAW_EXPORT,T438R,SELECT * FROM COLLINS_RAW.COL_RAW_EXPORT.T438R,17,MARW2,TEXT,
T438R,col_raw_export,TABLE_OR_VIEW,COLLINS_RAW,COL_RAW_EXPORT,T438R,SELECT * FROM COLLINS_RAW.COL_RAW_EXPORT.T438R,18,MARW3,TEXT,
T438R,col_raw_export,TABLE_OR_VIEW,COLLINS_RAW,COL_RAW_EXPORT,T438R,SELECT * FROM COLLINS_RAW.COL_RAW_EXPORT.T438R,19,REPL_CDC_DATE,TIMESTAMP_NTZ,
T438R,col_raw_export,TABLE_OR_VIEW,COLLINS_RAW,COL_RAW_EXPORT,T438R,SELECT * FROM COLLINS_RAW.COL_RAW_EXPORT.T438R,20,REPL_CDC_OPCODE,TEXT,
TCURR,col_raw_export,TABLE_OR_VIEW,COLLINS_RAW,COL_RAW_EXPORT,TCURR,SELECT * FROM COLLINS_RAW.COL_RAW_EXPORT.TCURR,1,MANDT,TEXT,
TCURR,col_raw_export,TABLE_OR_VIEW,COLLINS_RAW,COL_RAW_EXPORT,TCURR,SELECT * FROM COLLINS_RAW.COL_RAW_EXPORT.TCURR,2,KURST,TEXT,
TCURR,col_raw_export,TABLE_OR_VIEW,COLLINS_RAW,COL_RAW_EXPORT,TCURR,SELECT * FROM COLLINS_RAW.COL_RAW_EXPORT.TCURR,3,FCURR,TEXT,
TCURR,col_raw_export,TABLE_OR_VIEW,COLLINS_RAW,COL_RAW_EXPORT,TCURR,SELECT * FROM COLLINS_RAW.COL_RAW_EXPORT.TCURR,4,TCURR,TEXT,
TCURR,col_raw_export,TABLE_OR_VIEW,COLLINS_RAW,COL_RAW_EXPORT,TCURR,SELECT * FROM COLLINS_RAW.COL_RAW_EXPORT.TCURR,5,GDATU,TEXT,
TCURR,col_raw_export,TABLE_OR_VIEW,COLLINS_RAW,COL_RAW_EXPORT,TCURR,SELECT * FROM COLLINS_RAW.COL_RAW_EXPORT.TCURR,6,UKURS,NUMBER,
TCURR,col_raw_export,TABLE_OR_VIEW,COLLINS_RAW,COL_RAW_EXPORT,TCURR,SELECT * FROM COLLINS_RAW.COL_RAW_EXPORT.TCURR,7,FFACT,NUMBER,
TCURR,col_raw_export,TABLE_OR_VIEW,COLLINS_RAW,COL_RAW_EXPORT,TCURR,SELECT * FROM COLLINS_RAW.COL_RAW_EXPORT.TCURR,8,TFACT,NUMBER,
TCURR,col_raw_export,TABLE_OR_VIEW,COLLINS_RAW,COL_RAW_EXPORT,TCURR,SELECT * FROM COLLINS_RAW.COL_RAW_EXPORT.TCURR,9,REPL_CDC_DATE,TIMESTAMP_NTZ,
TCURR,col_raw_export,TABLE_OR_VIEW,COLLINS_RAW,COL_RAW_EXPORT,TCURR,SELECT * FROM COLLINS_RAW.COL_RAW_EXPORT.TCURR,10,REPL_CDC_OPCODE,TEXT,
ZSCR043_01_EXCP,col_raw_export,TABLE_OR_VIEW,COLLINS_RAW,COL_RAW_EXPORT,ZSCR043_01_EXCP,SELECT * FROM COLLINS_RAW.COL_RAW_EXPORT.ZSCR043_01_EXCP,1,MANDT,TEXT,
ZSCR043_01_EXCP,col_raw_export,TABLE_OR_VIEW,COLLINS_RAW,COL_RAW_EXPORT,ZSCR043_01_EXCP,SELECT * FROM COLLINS_RAW.COL_RAW_EXPORT.ZSCR043_01_EXCP,2,DTNUM,TEXT,
ZSCR043_01_EXCP,col_raw_export,TABLE_OR_VIEW,COLLINS_RAW,COL_RAW_EXPORT,ZSCR043_01_EXCP,SELECT * FROM COLLINS_RAW.COL_RAW_EXPORT.ZSCR043_01_EXCP,3,DTPOS,TEXT,
ZSCR043_01_EXCP,col_raw_export,TABLE_OR_VIEW,COLLINS_RAW,COL_RAW_EXPORT,ZSCR043_01_EXCP,SELECT * FROM COLLINS_RAW.COL_RAW_EXPORT.ZSCR043_01_EXCP,4,PLWRK,TEXT,
ZSCR043_01_EXCP,col_raw_export,TABLE_OR_VIEW,COLLINS_RAW,COL_RAW_EXPORT,ZSCR043_01_EXCP,SELECT * FROM COLLINS_RAW.COL_RAW_EXPORT.ZSCR043_01_EXCP,5,WRK02,TEXT,
ZSCR043_01_EXCP,col_raw_export,TABLE_OR_VIEW,COLLINS_RAW,COL_RAW_EXPORT,ZSCR043_01_EXCP,SELECT * FROM COLLINS_RAW.COL_RAW_EXPORT.ZSCR043_01_EXCP,6,MATNR,TEXT,
ZSCR043_01_EXCP,col_raw_export,TABLE_OR_VIEW,COLLINS_RAW,COL_RAW_EXPORT,ZSCR043_01_EXCP,SELECT * FROM COLLINS_RAW.COL_RAW_EXPORT.ZSCR043_01_EXCP,7,ZORDNUM,TEXT,
ZSCR043_01_EXCP,col_raw_export,TABLE_OR_VIEW,COLLINS_RAW,COL_RAW_EXPORT,ZSCR043_01_EXCP,SELECT * FROM COLLINS_RAW.COL_RAW_EXPORT.ZSCR043_01_EXCP,8,ZPOSNR,TEXT,
ZSCR043_01_EXCP,col_raw_export,TABLE_OR_VIEW,COLLINS_RAW,COL_RAW_EXPORT,ZSCR043_01_EXCP,SELECT * FROM COLLINS_RAW.COL_RAW_EXPORT.ZSCR043_01_EXCP,9,AUSKT,TEXT,
ZSCR043_01_EXCP,col_raw_export,TABLE_OR_VIEW,COLLINS_RAW,COL_RAW_EXPORT,ZSCR043_01_EXCP,SELECT * FROM COLLINS_RAW.COL_RAW_EXPORT.ZSCR043_01_EXCP,10,AUSSL,TEXT,
ZSCR043_01_EXCP,col_raw_export,TABLE_OR_VIEW,COLLINS_RAW,COL_RAW_EXPORT,ZSCR043_01_EXCP,SELECT * FROM COLLINS_RAW.COL_RAW_EXPORT.ZSCR043_01_EXCP,11,AUSLT,TEXT,
ZSCR043_01_EXCP,col_raw_export,TABLE_OR_VIEW,COLLINS_RAW,COL_RAW_EXPORT,ZSCR043_01_EXCP,SELECT * FROM COLLINS_RAW.COL_RAW_EXPORT.ZSCR043_01_EXCP,12,PRCTR,TEXT,
ZSCR043_01_EXCP,col_raw_export,TABLE_OR_VIEW,COLLINS_RAW,COL_RAW_EXPORT,ZSCR043_01_EXCP,SELECT * FROM COLLINS_RAW.COL_RAW_EXPORT.ZSCR043_01_EXCP,13,DELKZ,TEXT,
ZSCR043_01_EXCP,col_raw_export,TABLE_OR_VIEW,COLLINS_RAW,COL_RAW_EXPORT,ZSCR043_01_EXCP,SELECT * FROM COLLINS_RAW.COL_RAW_EXPORT.ZSCR043_01_EXCP,14,ZBSART,TEXT,
ZSCR043_01_EXCP,col_raw_export,TABLE_OR_VIEW,COLLINS_RAW,COL_RAW_EXPORT,ZSCR043_01_EXCP,SELECT * FROM COLLINS_RAW.COL_RAW_EXPORT.ZSCR043_01_EXCP,15,SLKZ1,TEXT,
ZSCR043_01_EXCP,col_raw_export,TABLE_OR_VIEW,COLLINS_RAW,COL_RAW_EXPORT,ZSCR043_01_EXCP,SELECT * FROM COLLINS_RAW.COL_RAW_EXPORT.ZSCR043_01_EXCP,16,SLKZ2,TEXT,
ZSCR043_01_EXCP,col_raw_export,TABLE_OR_VIEW,COLLINS_RAW,COL_RAW_EXPORT,ZSCR043_01_EXCP,SELECT * FROM COLLINS_RAW.COL_RAW_EXPORT.ZSCR043_01_EXCP,17,SLKZ3,TEXT,
ZSCR043_01_EXCP,col_raw_export,TABLE_OR_VIEW,COLLINS_RAW,COL_RAW_EXPORT,ZSCR043_01_EXCP,SELECT * FROM COLLINS_RAW.COL_RAW_EXPORT.ZSCR043_01_EXCP,18,SLKZ4,TEXT,
ZSCR043_01_EXCP,col_raw_export,TABLE_OR_VIEW,COLLINS_RAW,COL_RAW_EXPORT,ZSCR043_01_EXCP,SELECT * FROM COLLINS_RAW.COL_RAW_EXPORT.ZSCR043_01_EXCP,19,SLKZ5,TEXT,
ZSCR043_01_EXCP,col_raw_export,TABLE_OR_VIEW,COLLINS_RAW,COL_RAW_EXPORT,ZSCR043_01_EXCP,SELECT * FROM COLLINS_RAW.COL_RAW_EXPORT.ZSCR043_01_EXCP,20,SLKZ6,TEXT,
ZSCR043_01_EXCP,col_raw_export,TABLE_OR_VIEW,COLLINS_RAW,COL_RAW_EXPORT,ZSCR043_01_EXCP,SELECT * FROM COLLINS_RAW.COL_RAW_EXPORT.ZSCR043_01_EXCP,21,SLKZ7,TEXT,
ZSCR043_01_EXCP,col_raw_export,TABLE_OR_VIEW,COLLINS_RAW,COL_RAW_EXPORT,ZSCR043_01_EXCP,SELECT * FROM COLLINS_RAW.COL_RAW_EXPORT.ZSCR043_01_EXCP,22,SLKZ8,TEXT,
ZSCR043_01_EXCP,col_raw_export,TABLE_OR_VIEW,COLLINS_RAW,COL_RAW_EXPORT,ZSCR043_01_EXCP,SELECT * FROM COLLINS_RAW.COL_RAW_EXPORT.ZSCR043_01_EXCP,23,AUSZ1,TEXT,
ZSCR043_01_EXCP,col_raw_export,TABLE_OR_VIEW,COLLINS_RAW,COL_RAW_EXPORT,ZSCR043_01_EXCP,SELECT * FROM COLLINS_RAW.COL_RAW_EXPORT.ZSCR043_01_EXCP,24,AUSZ2,TEXT,
ZSCR043_01_EXCP,col_raw_export,TABLE_OR_VIEW,COLLINS_RAW,COL_RAW_EXPORT,ZSCR043_01_EXCP,SELECT * FROM COLLINS_RAW.COL_RAW_EXPORT.ZSCR043_01_EXCP,25,AUSZ3,TEXT,
ZSCR043_01_EXCP,col_raw_export,TABLE_OR_VIEW,COLLINS_RAW,COL_RAW_EXPORT,ZSCR043_01_EXCP,SELECT * FROM COLLINS_RAW.COL_RAW_EXPORT.ZSCR043_01_EXCP,26,AUSZ4,TEXT,
ZSCR043_01_EXCP,col_raw_export,TABLE_OR_VIEW,COLLINS_RAW,COL_RAW_EXPORT,ZSCR043_01_EXCP,SELECT * FROM COLLINS_RAW.COL_RAW_EXPORT.ZSCR043_01_EXCP,27,AUSZ5,TEXT,
ZSCR043_01_EXCP,col_raw_export,TABLE_OR_VIEW,COLLINS_RAW,COL_RAW_EXPORT,ZSCR043_01_EXCP,SELECT * FROM COLLINS_RAW.COL_RAW_EXPORT.ZSCR043_01_EXCP,28,AUSZ6,TEXT,
ZSCR043_01_EXCP,col_raw_export,TABLE_OR_VIEW,COLLINS_RAW,COL_RAW_EXPORT,ZSCR043_01_EXCP,SELECT * FROM COLLINS_RAW.COL_RAW_EXPORT.ZSCR043_01_EXCP,29,AUSZ7,TEXT,
ZSCR043_01_EXCP,col_raw_export,TABLE_OR_VIEW,COLLINS_RAW,COL_RAW_EXPORT,ZSCR043_01_EXCP,SELECT * FROM COLLINS_RAW.COL_RAW_EXPORT.ZSCR043_01_EXCP,30,AUSZ8,TEXT,
ZSCR043_01_EXCP,col_raw_export,TABLE_OR_VIEW,COLLINS_RAW,COL_RAW_EXPORT,ZSCR043_01_EXCP,SELECT * FROM COLLINS_RAW.COL_RAW_EXPORT.ZSCR043_01_EXCP,31,SELGP,TEXT,
ZSCR043_01_EXCP,col_raw_export,TABLE_OR_VIEW,COLLINS_RAW,COL_RAW_EXPORT,ZSCR043_01_EXCP,SELECT * FROM COLLINS_RAW.COL_RAW_EXPORT.ZSCR043_01_EXCP,32,WRK01,TEXT,
ZSCR043_01_EXCP,col_raw_export,TABLE_OR_VIEW,COLLINS_RAW,COL_RAW_EXPORT,ZSCR043_01_EXCP,SELECT * FROM COLLINS_RAW.COL_RAW_EXPORT.ZSCR043_01_EXCP,33,DISPO,TEXT,
ZSCR043_01_EXCP,col_raw_export,TABLE_OR_VIEW,COLLINS_RAW,COL_RAW_EXPORT,ZSCR043_01_EXCP,SELECT * FROM COLLINS_RAW.COL_RAW_EXPORT.ZSCR043_01_EXCP,34,DSNAM,TEXT,
ZSCR043_01_EXCP,col_raw_export,TABLE_OR_VIEW,COLLINS_RAW,COL_RAW_EXPORT,ZSCR043_01_EXCP,SELECT * FROM COLLINS_RAW.COL_RAW_EXPORT.ZSCR043_01_EXCP,35,EKGRP,TEXT,
ZSCR043_01_EXCP,col_raw_export,TABLE_OR_VIEW,COLLINS_RAW,COL_RAW_EXPORT,ZSCR043_01_EXCP,SELECT * FROM COLLINS_RAW.COL_RAW_EXPORT.ZSCR043_01_EXCP,36,EKNAM,TEXT,
ZSCR043_01_EXCP,col_raw_export,TABLE_OR_VIEW,COLLINS_RAW,COL_RAW_EXPORT,ZSCR043_01_EXCP,SELECT * FROM COLLINS_RAW.COL_RAW_EXPORT.ZSCR043_01_EXCP,37,BESKZ,TEXT,
ZSCR043_01_EXCP,col_raw_export,TABLE_OR_VIEW,COLLINS_RAW,COL_RAW_EXPORT,ZSCR043_01_EXCP,SELECT * FROM COLLINS_RAW.COL_RAW_EXPORT.ZSCR043_01_EXCP,38,LIFNR,TEXT,
ZSCR043_01_EXCP,col_raw_export,TABLE_OR_VIEW,COLLINS_RAW,COL_RAW_EXPORT,ZSCR043_01_EXCP,SELECT * FROM COLLINS_RAW.COL_RAW_EXPORT.ZSCR043_01_EXCP,39,NAME1,TEXT,
ZSCR043_01_EXCP,col_raw_export,TABLE_OR_VIEW,COLLINS_RAW,COL_RAW_EXPORT,ZSCR043_01_EXCP,SELECT * FROM COLLINS_RAW.COL_RAW_EXPORT.ZSCR043_01_EXCP,40,DISMM,TEXT,
ZSCR043_01_EXCP,col_raw_export,TABLE_OR_VIEW,COLLINS_RAW,COL_RAW_EXPORT,ZSCR043_01_EXCP,SELECT * FROM COLLINS_RAW.COL_RAW_EXPORT.ZSCR043_01_EXCP,41,DISGR,TEXT,
ZSCR043_01_EXCP,col_raw_export,TABLE_OR_VIEW,COLLINS_RAW,COL_RAW_EXPORT,ZSCR043_01_EXCP,SELECT * FROM COLLINS_RAW.COL_RAW_EXPORT.ZSCR043_01_EXCP,42,MTART,TEXT,
ZSCR043_01_EXCP,col_raw_export,TABLE_OR_VIEW,COLLINS_RAW,COL_RAW_EXPORT,ZSCR043_01_EXCP,SELECT * FROM COLLINS_RAW.COL_RAW_EXPORT.ZSCR043_01_EXCP,43,MATKL,TEXT,
ZSCR043_01_EXCP,col_raw_export,TABLE_OR_VIEW,COLLINS_RAW,COL_RAW_EXPORT,ZSCR043_01_EXCP,SELECT * FROM COLLINS_RAW.COL_RAW_EXPORT.ZSCR043_01_EXCP,44,ZZGRCOMMCODE,TEXT,
ZSCR043_01_EXCP,col_raw_export,TABLE_OR_VIEW,COLLINS_RAW,COL_RAW_EXPORT,ZSCR043_01_EXCP,SELECT * FROM COLLINS_RAW.COL_RAW_EXPORT.ZSCR043_01_EXCP,45,ZUNITCOST,NUMBER,
ZSCR043_01_EXCP,col_raw_export,TABLE_OR_VIEW,COLLINS_RAW,COL_RAW_EXPORT,ZSCR043_01_EXCP,SELECT * FROM COLLINS_RAW.COL_RAW_EXPORT.ZSCR043_01_EXCP,46,ZCURRENCY,TEXT,
ZSCR043_01_EXCP,col_raw_export,TABLE_OR_VIEW,COLLINS_RAW,COL_RAW_EXPORT,ZSCR043_01_EXCP,SELECT * FROM COLLINS_RAW.COL_RAW_EXPORT.ZSCR043_01_EXCP,47,ZQTY,NUMBER,
ZSCR043_01_EXCP,col_raw_export,TABLE_OR_VIEW,COLLINS_RAW,COL_RAW_EXPORT,ZSCR043_01_EXCP,SELECT * FROM COLLINS_RAW.COL_RAW_EXPORT.ZSCR043_01_EXCP,48,ZMRP_QTY,NUMBER,
ZSCR043_01_EXCP,col_raw_export,TABLE_OR_VIEW,COLLINS_RAW,COL_RAW_EXPORT,ZSCR043_01_EXCP,SELECT * FROM COLLINS_RAW.COL_RAW_EXPORT.ZSCR043_01_EXCP,49,ZUOM,TEXT,
ZSCR043_01_EXCP,col_raw_export,TABLE_OR_VIEW,COLLINS_RAW,COL_RAW_EXPORT,ZSCR043_01_EXCP,SELECT * FROM COLLINS_RAW.COL_RAW_EXPORT.ZSCR043_01_EXCP,50,ZEXTCST,NUMBER,
ZSCR043_01_EXCP,col_raw_export,TABLE_OR_VIEW,COLLINS_RAW,COL_RAW_EXPORT,ZSCR043_01_EXCP,SELECT * FROM COLLINS_RAW.COL_RAW_EXPORT.ZSCR043_01_EXCP,51,DSDAT,TEXT,
ZSCR043_01_EXCP,col_raw_export,TABLE_OR_VIEW,COLLINS_RAW,COL_RAW_EXPORT,ZSCR043_01_EXCP,SELECT * FROM COLLINS_RAW.COL_RAW_EXPORT.ZSCR043_01_EXCP,52,DAT00,TEXT,
ZSCR043_01_EXCP,col_raw_export,TABLE_OR_VIEW,COLLINS_RAW,COL_RAW_EXPORT,ZSCR043_01_EXCP,SELECT * FROM COLLINS_RAW.COL_RAW_EXPORT.ZSCR043_01_EXCP,53,DAT01,TEXT,
ZSCR043_01_EXCP,col_raw_export,TABLE_OR_VIEW,COLLINS_RAW,COL_RAW_EXPORT,ZSCR043_01_EXCP,SELECT * FROM COLLINS_RAW.COL_RAW_EXPORT.ZSCR043_01_EXCP,54,DAT02,TEXT,
ZSCR043_01_EXCP,col_raw_export,TABLE_OR_VIEW,COLLINS_RAW,COL_RAW_EXPORT,ZSCR043_01_EXCP,SELECT * FROM COLLINS_RAW.COL_RAW_EXPORT.ZSCR043_01_EXCP,55,DAT03,TEXT,
ZSCR043_01_EXCP,col_raw_export,TABLE_OR_VIEW,COLLINS_RAW,COL_RAW_EXPORT,ZSCR043_01_EXCP,SELECT * FROM COLLINS_RAW.COL_RAW_EXPORT.ZSCR043_01_EXCP,56,UMDAT,TEXT,
ZSCR043_01_EXCP,col_raw_export,TABLE_OR_VIEW,COLLINS_RAW,COL_RAW_EXPORT,ZSCR043_01_EXCP,SELECT * FROM COLLINS_RAW.COL_RAW_EXPORT.ZSCR043_01_EXCP,57,DELET,TEXT,
ZSCR043_01_EXCP,col_raw_export,TABLE_OR_VIEW,COLLINS_RAW,COL_RAW_EXPORT,ZSCR043_01_EXCP,SELECT * FROM COLLINS_RAW.COL_RAW_EXPORT.ZSCR043_01_EXCP,58,ADDRNAME1,TEXT,
ZSCR043_01_EXCP,col_raw_export,TABLE_OR_VIEW,COLLINS_RAW,COL_RAW_EXPORT,ZSCR043_01_EXCP,SELECT * FROM COLLINS_RAW.COL_RAW_EXPORT.ZSCR043_01_EXCP,59,FEVOR,TEXT,
ZSCR043_01_EXCP,col_raw_export,TABLE_OR_VIEW,COLLINS_RAW,COL_RAW_EXPORT,ZSCR043_01_EXCP,SELECT * FROM COLLINS_RAW.COL_RAW_EXPORT.ZSCR043_01_EXCP,60,MAABC,TEXT,
ZSCR043_01_EXCP,col_raw_export,TABLE_OR_VIEW,COLLINS_RAW,COL_RAW_EXPORT,ZSCR043_01_EXCP,SELECT * FROM COLLINS_RAW.COL_RAW_EXPORT.ZSCR043_01_EXCP,61,ZDIFFDAYS,NUMBER,
ZSCR043_01_EXCP,col_raw_export,TABLE_OR_VIEW,COLLINS_RAW,COL_RAW_EXPORT,ZSCR043_01_EXCP,SELECT * FROM COLLINS_RAW.COL_RAW_EXPORT.ZSCR043_01_EXCP,62,ZDOCK_DATE,TEXT,
ZSCR043_01_EXCP,col_raw_export,TABLE_OR_VIEW,COLLINS_RAW,COL_RAW_EXPORT,ZSCR043_01_EXCP,SELECT * FROM COLLINS_RAW.COL_RAW_EXPORT.ZSCR043_01_EXCP,63,MMSTA,TEXT,
ZSCR043_01_EXCP,col_raw_export,TABLE_OR_VIEW,COLLINS_RAW,COL_RAW_EXPORT,ZSCR043_01_EXCP,SELECT * FROM COLLINS_RAW.COL_RAW_EXPORT.ZSCR043_01_EXCP,64,SOBSL,TEXT,
ZSCR043_01_EXCP,col_raw_export,TABLE_OR_VIEW,COLLINS_RAW,COL_RAW_EXPORT,ZSCR043_01_EXCP,SELECT * FROM COLLINS_RAW.COL_RAW_EXPORT.ZSCR043_01_EXCP,65,MESSAGE,TEXT,
ZSCR043_01_EXCP,col_raw_export,TABLE_OR_VIEW,COLLINS_RAW,COL_RAW_EXPORT,ZSCR043_01_EXCP,SELECT * FROM COLLINS_RAW.COL_RAW_EXPORT.ZSCR043_01_EXCP,66,CREATED_ON,NUMBER,
ZSCR043_01_EXCP,col_raw_export,TABLE_OR_VIEW,COLLINS_RAW,COL_RAW_EXPORT,ZSCR043_01_EXCP,SELECT * FROM COLLINS_RAW.COL_RAW_EXPORT.ZSCR043_01_EXCP,67,BERID,TEXT,
ZSCR043_01_EXCP,col_raw_export,TABLE_OR_VIEW,COLLINS_RAW,COL_RAW_EXPORT,ZSCR043_01_EXCP,SELECT * FROM COLLINS_RAW.COL_RAW_EXPORT.ZSCR043_01_EXCP,68,PLIFZ,NUMBER,
ZSCR043_01_EXCP,col_raw_export,TABLE_OR_VIEW,COLLINS_RAW,COL_RAW_EXPORT,ZSCR043_01_EXCP,SELECT * FROM COLLINS_RAW.COL_RAW_EXPORT.ZSCR043_01_EXCP,69,EMLIF,TEXT,
ZSCR043_01_EXCP,col_raw_export,TABLE_OR_VIEW,COLLINS_RAW,COL_RAW_EXPORT,ZSCR043_01_EXCP,SELECT * FROM COLLINS_RAW.COL_RAW_EXPORT.ZSCR043_01_EXCP,70,ZSUBCON_NAME,TEXT,
ZSCR043_01_EXCP,col_raw_export,TABLE_OR_VIEW,COLLINS_RAW,COL_RAW_EXPORT,ZSCR043_01_EXCP,SELECT * FROM COLLINS_RAW.COL_RAW_EXPORT.ZSCR043_01_EXCP,71,ZDURATION,NUMBER,
ZSCR043_01_EXCP,col_raw_export,TABLE_OR_VIEW,COLLINS_RAW,COL_RAW_EXPORT,ZSCR043_01_EXCP,SELECT * FROM COLLINS_RAW.COL_RAW_EXPORT.ZSCR043_01_EXCP,72,WBS,TEXT,
ZSCR043_01_EXCP,col_raw_export,TABLE_OR_VIEW,COLLINS_RAW,COL_RAW_EXPORT,ZSCR043_01_EXCP,SELECT * FROM COLLINS_RAW.COL_RAW_EXPORT.ZSCR043_01_EXCP,73,DTART,TEXT,
ZSCR043_01_EXCP,col_raw_export,TABLE_OR_VIEW,COLLINS_RAW,COL_RAW_EXPORT,ZSCR043_01_EXCP,SELECT * FROM COLLINS_RAW.COL_RAW_EXPORT.ZSCR043_01_EXCP,74,PLSCN,TEXT,
ZSCR043_01_EXCP,col_raw_export,TABLE_OR_VIEW,COLLINS_RAW,COL_RAW_EXPORT,ZSCR043_01_EXCP,SELECT * FROM COLLINS_RAW.COL_RAW_EXPORT.ZSCR043_01_EXCP,75,BEADA,TEXT,
ZSCR043_01_EXCP,col_raw_export,TABLE_OR_VIEW,COLLINS_RAW,COL_RAW_EXPORT,ZSCR043_01_EXCP,SELECT * FROM COLLINS_RAW.COL_RAW_EXPORT.ZSCR043_01_EXCP,76,REPL_CDC_DATE,TIMESTAMP_NTZ,
ZSCR043_01_EXCP,col_raw_export,TABLE_OR_VIEW,COLLINS_RAW,COL_RAW_EXPORT,ZSCR043_01_EXCP,SELECT * FROM COLLINS_RAW.COL_RAW_EXPORT.ZSCR043_01_EXCP,77,REPL_CDC_OPCODE,TEXT,
